TimeQuest Timing Analyzer report for SecondScheme
Wed Oct 09 22:39:02 2024
Quartus II 64-Bit Version 13.1.0 Build 162 10/23/2013 SJ Web Edition


---------------------
; Table of Contents ;
---------------------
  1. Legal Notice
  2. TimeQuest Timing Analyzer Summary
  3. Parallel Compilation
  4. Clocks
  5. Slow 1200mV 85C Model Fmax Summary
  6. Timing Closure Recommendations
  7. Slow 1200mV 85C Model Setup Summary
  8. Slow 1200mV 85C Model Hold Summary
  9. Slow 1200mV 85C Model Recovery Summary
 10. Slow 1200mV 85C Model Removal Summary
 11. Slow 1200mV 85C Model Minimum Pulse Width Summary
 12. Slow 1200mV 85C Model Setup: 'clk'
 13. Slow 1200mV 85C Model Hold: 'clk'
 14. Slow 1200mV 85C Model Minimum Pulse Width: 'clk'
 15. Setup Times
 16. Hold Times
 17. Clock to Output Times
 18. Minimum Clock to Output Times
 19. Slow 1200mV 85C Model Metastability Report
 20. Slow 1200mV 0C Model Fmax Summary
 21. Slow 1200mV 0C Model Setup Summary
 22. Slow 1200mV 0C Model Hold Summary
 23. Slow 1200mV 0C Model Recovery Summary
 24. Slow 1200mV 0C Model Removal Summary
 25. Slow 1200mV 0C Model Minimum Pulse Width Summary
 26. Slow 1200mV 0C Model Setup: 'clk'
 27. Slow 1200mV 0C Model Hold: 'clk'
 28. Slow 1200mV 0C Model Minimum Pulse Width: 'clk'
 29. Setup Times
 30. Hold Times
 31. Clock to Output Times
 32. Minimum Clock to Output Times
 33. Slow 1200mV 0C Model Metastability Report
 34. Fast 1200mV 0C Model Setup Summary
 35. Fast 1200mV 0C Model Hold Summary
 36. Fast 1200mV 0C Model Recovery Summary
 37. Fast 1200mV 0C Model Removal Summary
 38. Fast 1200mV 0C Model Minimum Pulse Width Summary
 39. Fast 1200mV 0C Model Setup: 'clk'
 40. Fast 1200mV 0C Model Hold: 'clk'
 41. Fast 1200mV 0C Model Minimum Pulse Width: 'clk'
 42. Setup Times
 43. Hold Times
 44. Clock to Output Times
 45. Minimum Clock to Output Times
 46. Fast 1200mV 0C Model Metastability Report
 47. Multicorner Timing Analysis Summary
 48. Setup Times
 49. Hold Times
 50. Clock to Output Times
 51. Minimum Clock to Output Times
 52. Board Trace Model Assignments
 53. Input Transition Times
 54. Signal Integrity Metrics (Slow 1200mv 0c Model)
 55. Signal Integrity Metrics (Slow 1200mv 85c Model)
 56. Signal Integrity Metrics (Fast 1200mv 0c Model)
 57. Setup Transfers
 58. Hold Transfers
 59. Report TCCS
 60. Report RSKM
 61. Unconstrained Paths
 62. TimeQuest Timing Analyzer Messages



----------------
; Legal Notice ;
----------------
Copyright (C) 1991-2013 Altera Corporation
Your use of Altera Corporation's design tools, logic functions 
and other software and tools, and its AMPP partner logic 
functions, and any output files from any of the foregoing 
(including device programming or simulation files), and any 
associated documentation or information are expressly subject 
to the terms and conditions of the Altera Program License 
Subscription Agreement, Altera MegaCore Function License 
Agreement, or other applicable license agreement, including, 
without limitation, that your use is for the sole purpose of 
programming logic devices manufactured by Altera and sold by 
Altera or its authorized distributors.  Please refer to the 
applicable agreement for further details.



+-------------------------------------------------------------------------+
; TimeQuest Timing Analyzer Summary                                       ;
+--------------------+----------------------------------------------------+
; Quartus II Version ; Version 13.1.0 Build 162 10/23/2013 SJ Web Edition ;
; Revision Name      ; SecondScheme                                       ;
; Device Family      ; Cyclone IV GX                                      ;
; Device Name        ; EP4CGX15BF14C6                                     ;
; Timing Models      ; Final                                              ;
; Delay Model        ; Combined                                           ;
; Rise/Fall Delays   ; Enabled                                            ;
+--------------------+----------------------------------------------------+


Parallel compilation was disabled, but you have multiple processors available. Enable parallel compilation to reduce compilation time.
+-------------------------------------+
; Parallel Compilation                ;
+----------------------------+--------+
; Processors                 ; Number ;
+----------------------------+--------+
; Number detected on machine ; 4      ;
; Maximum allowed            ; 1      ;
+----------------------------+--------+


+---------------------------------------------------------------------------------------------------------------------------------------------------------------------------------+
; Clocks                                                                                                                                                                          ;
+------------+------+--------+------------+-------+-------+------------+-----------+-------------+-------+--------+-----------+------------+----------+--------+--------+---------+
; Clock Name ; Type ; Period ; Frequency  ; Rise  ; Fall  ; Duty Cycle ; Divide by ; Multiply by ; Phase ; Offset ; Edge List ; Edge Shift ; Inverted ; Master ; Source ; Targets ;
+------------+------+--------+------------+-------+-------+------------+-----------+-------------+-------+--------+-----------+------------+----------+--------+--------+---------+
; clk        ; Base ; 1.000  ; 1000.0 MHz ; 0.000 ; 0.500 ;            ;           ;             ;       ;        ;           ;            ;          ;        ;        ; { clk } ;
+------------+------+--------+------------+-------+-------+------------+-----------+-------------+-------+--------+-----------+------------+----------+--------+--------+---------+


+-------------------------------------------------+
; Slow 1200mV 85C Model Fmax Summary              ;
+-----------+-----------------+------------+------+
; Fmax      ; Restricted Fmax ; Clock Name ; Note ;
+-----------+-----------------+------------+------+
; 250.0 MHz ; 250.0 MHz       ; clk        ;      ;
+-----------+-----------------+------------+------+
This panel reports FMAX for every clock in the design, regardless of the user-specified clock periods.  FMAX is only computed for paths where the source and destination registers or ports are driven by the same clock.  Paths of different clocks, including generated clocks, are ignored.  For paths between a clock and its inversion, FMAX is computed as if the rising and falling edges are scaled along with FMAX, such that the duty cycle (in terms of a percentage) is maintained. Altera recommends that you always use clock constraints and other slack reports for sign-off analysis.


----------------------------------
; Timing Closure Recommendations ;
----------------------------------
HTML report is unavailable in plain text report export.


+-------------------------------------+
; Slow 1200mV 85C Model Setup Summary ;
+-------+--------+--------------------+
; Clock ; Slack  ; End Point TNS      ;
+-------+--------+--------------------+
; clk   ; -3.000 ; -24.203            ;
+-------+--------+--------------------+


+------------------------------------+
; Slow 1200mV 85C Model Hold Summary ;
+-------+-------+--------------------+
; Clock ; Slack ; End Point TNS      ;
+-------+-------+--------------------+
; clk   ; 0.356 ; 0.000              ;
+-------+-------+--------------------+


------------------------------------------
; Slow 1200mV 85C Model Recovery Summary ;
------------------------------------------
No paths to report.


-----------------------------------------
; Slow 1200mV 85C Model Removal Summary ;
-----------------------------------------
No paths to report.


+---------------------------------------------------+
; Slow 1200mV 85C Model Minimum Pulse Width Summary ;
+-------+--------+----------------------------------+
; Clock ; Slack  ; End Point TNS                    ;
+-------+--------+----------------------------------+
; clk   ; -3.000 ; -21.000                          ;
+-------+--------+----------------------------------+


+-----------------------------------------------------------------------------------------------------------------------+
; Slow 1200mV 85C Model Setup: 'clk'                                                                                    ;
+--------+--------------------+-------------------+--------------+-------------+--------------+------------+------------+
; Slack  ; From Node          ; To Node           ; Launch Clock ; Latch Clock ; Relationship ; Clock Skew ; Data Delay ;
+--------+--------------------+-------------------+--------------+-------------+--------------+------------+------------+
; -3.000 ; rr:inst3|state[0]  ; rr:inst3|state[7] ; clk          ; clk         ; 1.000        ; -0.064     ; 3.931      ;
; -2.968 ; rr:inst3|state[3]  ; rr:inst3|state[6] ; clk          ; clk         ; 1.000        ; -0.064     ; 3.899      ;
; -2.962 ; rr:inst3|state[3]  ; rr:inst3|state[7] ; clk          ; clk         ; 1.000        ; -0.064     ; 3.893      ;
; -2.914 ; rr:inst3|state[1]  ; rr:inst3|state[6] ; clk          ; clk         ; 1.000        ; -0.064     ; 3.845      ;
; -2.908 ; rr:inst3|state[1]  ; rr:inst3|state[7] ; clk          ; clk         ; 1.000        ; -0.064     ; 3.839      ;
; -2.906 ; rr:inst3|state[0]  ; rr:inst3|state[6] ; clk          ; clk         ; 1.000        ; -0.064     ; 3.837      ;
; -2.884 ; rr:inst3|state[0]  ; rr:inst3|state[5] ; clk          ; clk         ; 1.000        ; -0.064     ; 3.815      ;
; -2.855 ; rbf:inst2|state[3] ; rr:inst3|state[6] ; clk          ; clk         ; 1.000        ; -0.064     ; 3.786      ;
; -2.852 ; rr:inst3|state[3]  ; rr:inst3|state[4] ; clk          ; clk         ; 1.000        ; -0.064     ; 3.783      ;
; -2.849 ; ra:inst|d[0]       ; rr:inst3|state[7] ; clk          ; clk         ; 1.000        ; -0.065     ; 3.779      ;
; -2.849 ; rbf:inst2|state[3] ; rr:inst3|state[7] ; clk          ; clk         ; 1.000        ; -0.064     ; 3.780      ;
; -2.846 ; rr:inst3|state[3]  ; rr:inst3|state[5] ; clk          ; clk         ; 1.000        ; -0.064     ; 3.777      ;
; -2.819 ; rr:inst3|state[4]  ; rr:inst3|state[7] ; clk          ; clk         ; 1.000        ; -0.064     ; 3.750      ;
; -2.818 ; rr:inst3|state[2]  ; rr:inst3|state[7] ; clk          ; clk         ; 1.000        ; -0.064     ; 3.749      ;
; -2.798 ; rr:inst3|state[1]  ; rr:inst3|state[4] ; clk          ; clk         ; 1.000        ; -0.064     ; 3.729      ;
; -2.792 ; rr:inst3|state[1]  ; rr:inst3|state[5] ; clk          ; clk         ; 1.000        ; -0.064     ; 3.723      ;
; -2.790 ; rr:inst3|state[0]  ; rr:inst3|state[4] ; clk          ; clk         ; 1.000        ; -0.064     ; 3.721      ;
; -2.768 ; rr:inst3|state[0]  ; rr:inst3|state[3] ; clk          ; clk         ; 1.000        ; -0.064     ; 3.699      ;
; -2.766 ; rr:inst3|state[4]  ; rr:inst3|state[6] ; clk          ; clk         ; 1.000        ; -0.064     ; 3.697      ;
; -2.758 ; rr:inst3|state[2]  ; rr:inst3|state[6] ; clk          ; clk         ; 1.000        ; -0.064     ; 3.689      ;
; -2.750 ; rr:inst3|state[7]  ; rr:inst3|state[6] ; clk          ; clk         ; 1.000        ; -0.064     ; 3.681      ;
; -2.744 ; rr:inst3|state[7]  ; rr:inst3|state[7] ; clk          ; clk         ; 1.000        ; -0.064     ; 3.675      ;
; -2.739 ; rbf:inst2|state[3] ; rr:inst3|state[4] ; clk          ; clk         ; 1.000        ; -0.064     ; 3.670      ;
; -2.736 ; rr:inst3|state[3]  ; rr:inst3|state[2] ; clk          ; clk         ; 1.000        ; -0.064     ; 3.667      ;
; -2.733 ; ra:inst|d[0]       ; rr:inst3|state[5] ; clk          ; clk         ; 1.000        ; -0.065     ; 3.663      ;
; -2.733 ; rbf:inst2|state[3] ; rr:inst3|state[5] ; clk          ; clk         ; 1.000        ; -0.064     ; 3.664      ;
; -2.730 ; rr:inst3|state[3]  ; rr:inst3|state[3] ; clk          ; clk         ; 1.000        ; -0.064     ; 3.661      ;
; -2.727 ; ra:inst|d[0]       ; rr:inst3|state[6] ; clk          ; clk         ; 1.000        ; -0.065     ; 3.657      ;
; -2.705 ; rr:inst3|state[6]  ; rr:inst3|state[7] ; clk          ; clk         ; 1.000        ; -0.064     ; 3.636      ;
; -2.703 ; rr:inst3|state[4]  ; rr:inst3|state[5] ; clk          ; clk         ; 1.000        ; -0.064     ; 3.634      ;
; -2.702 ; rr:inst3|state[2]  ; rr:inst3|state[5] ; clk          ; clk         ; 1.000        ; -0.064     ; 3.633      ;
; -2.697 ; rbf:inst2|state[2] ; rr:inst3|state[7] ; clk          ; clk         ; 1.000        ; -0.064     ; 3.628      ;
; -2.689 ; rr:inst3|state[5]  ; rr:inst3|state[6] ; clk          ; clk         ; 1.000        ; -0.064     ; 3.620      ;
; -2.683 ; rr:inst3|state[5]  ; rr:inst3|state[7] ; clk          ; clk         ; 1.000        ; -0.064     ; 3.614      ;
; -2.682 ; rr:inst3|state[1]  ; rr:inst3|state[2] ; clk          ; clk         ; 1.000        ; -0.064     ; 3.613      ;
; -2.676 ; rr:inst3|state[1]  ; rr:inst3|state[3] ; clk          ; clk         ; 1.000        ; -0.064     ; 3.607      ;
; -2.674 ; rr:inst3|state[0]  ; rr:inst3|state[2] ; clk          ; clk         ; 1.000        ; -0.064     ; 3.605      ;
; -2.667 ; rr:inst3|state[6]  ; rr:inst3|state[6] ; clk          ; clk         ; 1.000        ; -0.064     ; 3.598      ;
; -2.652 ; rr:inst3|state[0]  ; rr:inst3|state[1] ; clk          ; clk         ; 1.000        ; -0.064     ; 3.583      ;
; -2.650 ; rr:inst3|state[4]  ; rr:inst3|state[4] ; clk          ; clk         ; 1.000        ; -0.064     ; 3.581      ;
; -2.642 ; rr:inst3|state[2]  ; rr:inst3|state[4] ; clk          ; clk         ; 1.000        ; -0.064     ; 3.573      ;
; -2.639 ; rbf:inst2|state[0] ; rr:inst3|state[7] ; clk          ; clk         ; 1.000        ; -0.065     ; 3.569      ;
; -2.634 ; rr:inst3|state[7]  ; rr:inst3|state[4] ; clk          ; clk         ; 1.000        ; -0.064     ; 3.565      ;
; -2.628 ; rr:inst3|state[7]  ; rr:inst3|state[5] ; clk          ; clk         ; 1.000        ; -0.064     ; 3.559      ;
; -2.623 ; rbf:inst2|state[3] ; rr:inst3|state[2] ; clk          ; clk         ; 1.000        ; -0.064     ; 3.554      ;
; -2.617 ; ra:inst|d[0]       ; rr:inst3|state[3] ; clk          ; clk         ; 1.000        ; -0.065     ; 3.547      ;
; -2.617 ; rbf:inst2|state[3] ; rr:inst3|state[3] ; clk          ; clk         ; 1.000        ; -0.064     ; 3.548      ;
; -2.614 ; rr:inst3|state[3]  ; rr:inst3|state[1] ; clk          ; clk         ; 1.000        ; -0.064     ; 3.545      ;
; -2.612 ; ra:inst|d[2]       ; rr:inst3|state[7] ; clk          ; clk         ; 1.000        ; -0.065     ; 3.542      ;
; -2.611 ; ra:inst|d[0]       ; rr:inst3|state[4] ; clk          ; clk         ; 1.000        ; -0.065     ; 3.541      ;
; -2.611 ; rbf:inst2|state[2] ; rr:inst3|state[6] ; clk          ; clk         ; 1.000        ; -0.064     ; 3.542      ;
; -2.594 ; rbf:inst2|state[1] ; rr:inst3|state[6] ; clk          ; clk         ; 1.000        ; -0.065     ; 3.524      ;
; -2.589 ; rr:inst3|state[6]  ; rr:inst3|state[5] ; clk          ; clk         ; 1.000        ; -0.064     ; 3.520      ;
; -2.588 ; rbf:inst2|state[1] ; rr:inst3|state[7] ; clk          ; clk         ; 1.000        ; -0.065     ; 3.518      ;
; -2.587 ; rr:inst3|state[4]  ; rr:inst3|state[3] ; clk          ; clk         ; 1.000        ; -0.064     ; 3.518      ;
; -2.586 ; rr:inst3|state[2]  ; rr:inst3|state[3] ; clk          ; clk         ; 1.000        ; -0.064     ; 3.517      ;
; -2.581 ; rbf:inst2|state[2] ; rr:inst3|state[5] ; clk          ; clk         ; 1.000        ; -0.064     ; 3.512      ;
; -2.573 ; rr:inst3|state[5]  ; rr:inst3|state[4] ; clk          ; clk         ; 1.000        ; -0.064     ; 3.504      ;
; -2.567 ; rr:inst3|state[5]  ; rr:inst3|state[5] ; clk          ; clk         ; 1.000        ; -0.064     ; 3.498      ;
; -2.560 ; rr:inst3|state[1]  ; rr:inst3|state[1] ; clk          ; clk         ; 1.000        ; -0.064     ; 3.491      ;
; -2.551 ; rr:inst3|state[6]  ; rr:inst3|state[4] ; clk          ; clk         ; 1.000        ; -0.064     ; 3.482      ;
; -2.541 ; ra:inst|d[3]       ; rr:inst3|state[7] ; clk          ; clk         ; 1.000        ; -0.065     ; 3.471      ;
; -2.537 ; ra:inst|d[1]       ; rr:inst3|state[6] ; clk          ; clk         ; 1.000        ; -0.065     ; 3.467      ;
; -2.534 ; rr:inst3|state[4]  ; rr:inst3|state[2] ; clk          ; clk         ; 1.000        ; -0.064     ; 3.465      ;
; -2.531 ; ra:inst|d[1]       ; rr:inst3|state[7] ; clk          ; clk         ; 1.000        ; -0.065     ; 3.461      ;
; -2.526 ; rr:inst3|state[2]  ; rr:inst3|state[2] ; clk          ; clk         ; 1.000        ; -0.064     ; 3.457      ;
; -2.523 ; rbf:inst2|state[0] ; rr:inst3|state[5] ; clk          ; clk         ; 1.000        ; -0.065     ; 3.453      ;
; -2.518 ; rr:inst3|state[7]  ; rr:inst3|state[2] ; clk          ; clk         ; 1.000        ; -0.064     ; 3.449      ;
; -2.517 ; rbf:inst2|state[0] ; rr:inst3|state[6] ; clk          ; clk         ; 1.000        ; -0.065     ; 3.447      ;
; -2.512 ; rr:inst3|state[7]  ; rr:inst3|state[3] ; clk          ; clk         ; 1.000        ; -0.064     ; 3.443      ;
; -2.501 ; ra:inst|d[0]       ; rr:inst3|state[1] ; clk          ; clk         ; 1.000        ; -0.065     ; 3.431      ;
; -2.501 ; rbf:inst2|state[3] ; rr:inst3|state[1] ; clk          ; clk         ; 1.000        ; -0.064     ; 3.432      ;
; -2.496 ; ra:inst|d[2]       ; rr:inst3|state[5] ; clk          ; clk         ; 1.000        ; -0.065     ; 3.426      ;
; -2.495 ; ra:inst|d[0]       ; rr:inst3|state[2] ; clk          ; clk         ; 1.000        ; -0.065     ; 3.425      ;
; -2.495 ; rbf:inst2|state[2] ; rr:inst3|state[4] ; clk          ; clk         ; 1.000        ; -0.064     ; 3.426      ;
; -2.490 ; ra:inst|d[2]       ; rr:inst3|state[6] ; clk          ; clk         ; 1.000        ; -0.065     ; 3.420      ;
; -2.478 ; rbf:inst2|state[1] ; rr:inst3|state[4] ; clk          ; clk         ; 1.000        ; -0.065     ; 3.408      ;
; -2.473 ; rr:inst3|state[6]  ; rr:inst3|state[3] ; clk          ; clk         ; 1.000        ; -0.064     ; 3.404      ;
; -2.472 ; rbf:inst2|state[1] ; rr:inst3|state[5] ; clk          ; clk         ; 1.000        ; -0.065     ; 3.402      ;
; -2.471 ; rr:inst3|state[4]  ; rr:inst3|state[1] ; clk          ; clk         ; 1.000        ; -0.064     ; 3.402      ;
; -2.470 ; rr:inst3|state[2]  ; rr:inst3|state[1] ; clk          ; clk         ; 1.000        ; -0.064     ; 3.401      ;
; -2.465 ; rbf:inst2|state[2] ; rr:inst3|state[3] ; clk          ; clk         ; 1.000        ; -0.064     ; 3.396      ;
; -2.457 ; rr:inst3|state[5]  ; rr:inst3|state[2] ; clk          ; clk         ; 1.000        ; -0.064     ; 3.388      ;
; -2.454 ; ra:inst|d[3]       ; rr:inst3|state[6] ; clk          ; clk         ; 1.000        ; -0.065     ; 3.384      ;
; -2.451 ; rr:inst3|state[5]  ; rr:inst3|state[3] ; clk          ; clk         ; 1.000        ; -0.064     ; 3.382      ;
; -2.435 ; rr:inst3|state[6]  ; rr:inst3|state[2] ; clk          ; clk         ; 1.000        ; -0.064     ; 3.366      ;
; -2.425 ; ra:inst|d[3]       ; rr:inst3|state[5] ; clk          ; clk         ; 1.000        ; -0.065     ; 3.355      ;
; -2.421 ; ra:inst|d[1]       ; rr:inst3|state[4] ; clk          ; clk         ; 1.000        ; -0.065     ; 3.351      ;
; -2.415 ; ra:inst|d[1]       ; rr:inst3|state[5] ; clk          ; clk         ; 1.000        ; -0.065     ; 3.345      ;
; -2.407 ; rbf:inst2|state[0] ; rr:inst3|state[3] ; clk          ; clk         ; 1.000        ; -0.065     ; 3.337      ;
; -2.401 ; rbf:inst2|state[0] ; rr:inst3|state[4] ; clk          ; clk         ; 1.000        ; -0.065     ; 3.331      ;
; -2.396 ; rr:inst3|state[7]  ; rr:inst3|state[1] ; clk          ; clk         ; 1.000        ; -0.064     ; 3.327      ;
; -2.380 ; ra:inst|d[2]       ; rr:inst3|state[3] ; clk          ; clk         ; 1.000        ; -0.065     ; 3.310      ;
; -2.379 ; rbf:inst2|state[2] ; rr:inst3|state[2] ; clk          ; clk         ; 1.000        ; -0.064     ; 3.310      ;
; -2.374 ; ra:inst|d[2]       ; rr:inst3|state[4] ; clk          ; clk         ; 1.000        ; -0.065     ; 3.304      ;
; -2.362 ; rbf:inst2|state[1] ; rr:inst3|state[2] ; clk          ; clk         ; 1.000        ; -0.065     ; 3.292      ;
; -2.357 ; rr:inst3|state[6]  ; rr:inst3|state[1] ; clk          ; clk         ; 1.000        ; -0.064     ; 3.288      ;
; -2.356 ; rbf:inst2|state[1] ; rr:inst3|state[3] ; clk          ; clk         ; 1.000        ; -0.065     ; 3.286      ;
; -2.349 ; rbf:inst2|state[2] ; rr:inst3|state[1] ; clk          ; clk         ; 1.000        ; -0.064     ; 3.280      ;
; -2.338 ; ra:inst|d[3]       ; rr:inst3|state[4] ; clk          ; clk         ; 1.000        ; -0.065     ; 3.268      ;
+--------+--------------------+-------------------+--------------+-------------+--------------+------------+------------+


+-----------------------------------------------------------------------------------------------------------------------+
; Slow 1200mV 85C Model Hold: 'clk'                                                                                     ;
+-------+--------------------+--------------------+--------------+-------------+--------------+------------+------------+
; Slack ; From Node          ; To Node            ; Launch Clock ; Latch Clock ; Relationship ; Clock Skew ; Data Delay ;
+-------+--------------------+--------------------+--------------+-------------+--------------+------------+------------+
; 0.356 ; rbf:inst2|state[3] ; rbf:inst2|state[3] ; clk          ; clk         ; 0.000        ; 0.064      ; 0.577      ;
; 0.542 ; rr:inst3|state[2]  ; rr:inst3|state[3]  ; clk          ; clk         ; 0.000        ; 0.064      ; 0.763      ;
; 0.544 ; rr:inst3|state[5]  ; rr:inst3|state[6]  ; clk          ; clk         ; 0.000        ; 0.064      ; 0.765      ;
; 0.555 ; rr:inst3|state[0]  ; rr:inst3|state[1]  ; clk          ; clk         ; 0.000        ; 0.064      ; 0.776      ;
; 0.681 ; rr:inst3|state[6]  ; rr:inst3|state[7]  ; clk          ; clk         ; 0.000        ; 0.064      ; 0.902      ;
; 0.689 ; rr:inst3|state[1]  ; rr:inst3|state[2]  ; clk          ; clk         ; 0.000        ; 0.064      ; 0.910      ;
; 0.701 ; rr:inst3|state[3]  ; rr:inst3|state[4]  ; clk          ; clk         ; 0.000        ; 0.064      ; 0.922      ;
; 0.709 ; rbf:inst2|state[1] ; rbf:inst2|state[2] ; clk          ; clk         ; 0.000        ; 0.063      ; 0.929      ;
; 0.815 ; rr:inst3|state[4]  ; kc3_mem:inst4|d[0] ; clk          ; clk         ; 0.000        ; 0.064      ; 1.036      ;
; 0.935 ; rr:inst3|state[3]  ; kc3_mem:inst4|d[1] ; clk          ; clk         ; 0.000        ; 0.064      ; 1.156      ;
; 0.942 ; rr:inst3|state[3]  ; kc3_mem:inst4|d[0] ; clk          ; clk         ; 0.000        ; 0.064      ; 1.163      ;
; 0.951 ; rr:inst3|state[4]  ; rr:inst3|state[5]  ; clk          ; clk         ; 0.000        ; 0.064      ; 1.172      ;
; 0.975 ; rr:inst3|state[2]  ; kc3_mem:inst4|d[1] ; clk          ; clk         ; 0.000        ; 0.064      ; 1.196      ;
; 0.990 ; rr:inst3|state[1]  ; kc3_mem:inst4|d[1] ; clk          ; clk         ; 0.000        ; 0.064      ; 1.211      ;
; 1.045 ; rr:inst3|state[4]  ; kc3_mem:inst4|d[1] ; clk          ; clk         ; 0.000        ; 0.064      ; 1.266      ;
; 1.296 ; rbf:inst2|state[0] ; rbf:inst2|state[1] ; clk          ; clk         ; 0.000        ; 0.064      ; 1.517      ;
; 1.299 ; rr:inst3|state[0]  ; kc3_mem:inst4|d[1] ; clk          ; clk         ; 0.000        ; 0.064      ; 1.520      ;
; 1.387 ; rr:inst3|state[7]  ; rr:inst3|state[0]  ; clk          ; clk         ; 0.000        ; 0.064      ; 1.608      ;
; 1.466 ; rbf:inst2|state[1] ; rr:inst3|state[1]  ; clk          ; clk         ; 0.000        ; 0.063      ; 1.686      ;
; 1.466 ; ra:inst|d[1]       ; rr:inst3|state[1]  ; clk          ; clk         ; 0.000        ; 0.063      ; 1.686      ;
; 1.471 ; ra:inst|d[2]       ; rr:inst3|state[2]  ; clk          ; clk         ; 0.000        ; 0.063      ; 1.691      ;
; 1.472 ; ra:inst|d[3]       ; rr:inst3|state[3]  ; clk          ; clk         ; 0.000        ; 0.063      ; 1.692      ;
; 1.473 ; ra:inst|d[3]       ; rr:inst3|state[5]  ; clk          ; clk         ; 0.000        ; 0.063      ; 1.693      ;
; 1.500 ; ra:inst|d[3]       ; rr:inst3|state[6]  ; clk          ; clk         ; 0.000        ; 0.063      ; 1.720      ;
; 1.501 ; ra:inst|d[3]       ; rr:inst3|state[4]  ; clk          ; clk         ; 0.000        ; 0.063      ; 1.721      ;
; 1.631 ; rbf:inst2|state[0] ; rr:inst3|state[0]  ; clk          ; clk         ; 0.000        ; 0.063      ; 1.851      ;
; 1.653 ; rbf:inst2|state[2] ; rr:inst3|state[2]  ; clk          ; clk         ; 0.000        ; 0.064      ; 1.874      ;
; 1.667 ; ra:inst|d[3]       ; rr:inst3|state[7]  ; clk          ; clk         ; 0.000        ; 0.063      ; 1.887      ;
; 1.708 ; rr:inst3|state[5]  ; rr:inst3|state[5]  ; clk          ; clk         ; 0.000        ; 0.064      ; 1.929      ;
; 1.714 ; ra:inst|d[2]       ; rr:inst3|state[3]  ; clk          ; clk         ; 0.000        ; 0.063      ; 1.934      ;
; 1.730 ; ra:inst|d[1]       ; rr:inst3|state[3]  ; clk          ; clk         ; 0.000        ; 0.063      ; 1.950      ;
; 1.737 ; rbf:inst2|state[0] ; rr:inst3|state[1]  ; clk          ; clk         ; 0.000        ; 0.063      ; 1.957      ;
; 1.740 ; rbf:inst2|state[1] ; rr:inst3|state[2]  ; clk          ; clk         ; 0.000        ; 0.063      ; 1.960      ;
; 1.740 ; ra:inst|d[1]       ; rr:inst3|state[2]  ; clk          ; clk         ; 0.000        ; 0.063      ; 1.960      ;
; 1.759 ; rbf:inst2|state[3] ; rr:inst3|state[5]  ; clk          ; clk         ; 0.000        ; 0.064      ; 1.980      ;
; 1.759 ; rbf:inst2|state[0] ; rr:inst3|state[2]  ; clk          ; clk         ; 0.000        ; 0.063      ; 1.979      ;
; 1.760 ; ra:inst|d[2]       ; rr:inst3|state[4]  ; clk          ; clk         ; 0.000        ; 0.063      ; 1.980      ;
; 1.766 ; rr:inst3|state[2]  ; rr:inst3|state[2]  ; clk          ; clk         ; 0.000        ; 0.064      ; 1.987      ;
; 1.767 ; rr:inst3|state[1]  ; rr:inst3|state[1]  ; clk          ; clk         ; 0.000        ; 0.064      ; 1.988      ;
; 1.770 ; ra:inst|d[0]       ; rr:inst3|state[0]  ; clk          ; clk         ; 0.000        ; 0.063      ; 1.990      ;
; 1.788 ; rbf:inst2|state[3] ; rr:inst3|state[3]  ; clk          ; clk         ; 0.000        ; 0.064      ; 2.009      ;
; 1.791 ; rbf:inst2|state[1] ; rr:inst3|state[3]  ; clk          ; clk         ; 0.000        ; 0.063      ; 2.011      ;
; 1.795 ; rbf:inst2|state[3] ; rr:inst3|state[4]  ; clk          ; clk         ; 0.000        ; 0.064      ; 2.016      ;
; 1.798 ; ra:inst|d[3]       ; rr:inst3|state[0]  ; clk          ; clk         ; 0.000        ; 0.063      ; 2.018      ;
; 1.804 ; rr:inst3|state[3]  ; rr:inst3|state[3]  ; clk          ; clk         ; 0.000        ; 0.064      ; 2.025      ;
; 1.815 ; rbf:inst2|state[3] ; rr:inst3|state[6]  ; clk          ; clk         ; 0.000        ; 0.064      ; 2.036      ;
; 1.822 ; rbf:inst2|state[0] ; rr:inst3|state[3]  ; clk          ; clk         ; 0.000        ; 0.063      ; 2.042      ;
; 1.827 ; ra:inst|d[2]       ; rr:inst3|state[5]  ; clk          ; clk         ; 0.000        ; 0.063      ; 2.047      ;
; 1.831 ; rr:inst3|state[4]  ; rr:inst3|state[4]  ; clk          ; clk         ; 0.000        ; 0.064      ; 2.052      ;
; 1.832 ; rr:inst3|state[6]  ; rr:inst3|state[6]  ; clk          ; clk         ; 0.000        ; 0.064      ; 2.053      ;
; 1.843 ; ra:inst|d[1]       ; rr:inst3|state[5]  ; clk          ; clk         ; 0.000        ; 0.063      ; 2.063      ;
; 1.851 ; ra:inst|d[1]       ; rr:inst3|state[4]  ; clk          ; clk         ; 0.000        ; 0.063      ; 2.071      ;
; 1.852 ; rbf:inst2|state[1] ; rr:inst3|state[4]  ; clk          ; clk         ; 0.000        ; 0.063      ; 2.072      ;
; 1.870 ; rbf:inst2|state[0] ; rr:inst3|state[4]  ; clk          ; clk         ; 0.000        ; 0.063      ; 2.090      ;
; 1.872 ; ra:inst|d[2]       ; rr:inst3|state[6]  ; clk          ; clk         ; 0.000        ; 0.063      ; 2.092      ;
; 1.880 ; ra:inst|d[0]       ; rr:inst3|state[1]  ; clk          ; clk         ; 0.000        ; 0.063      ; 2.100      ;
; 1.904 ; rbf:inst2|state[1] ; rr:inst3|state[5]  ; clk          ; clk         ; 0.000        ; 0.063      ; 2.124      ;
; 1.913 ; rbf:inst2|state[2] ; rr:inst3|state[3]  ; clk          ; clk         ; 0.000        ; 0.064      ; 2.134      ;
; 1.935 ; rbf:inst2|state[0] ; rr:inst3|state[5]  ; clk          ; clk         ; 0.000        ; 0.063      ; 2.155      ;
; 1.941 ; ra:inst|d[0]       ; rr:inst3|state[2]  ; clk          ; clk         ; 0.000        ; 0.063      ; 2.161      ;
; 1.942 ; rbf:inst2|state[2] ; rr:inst3|state[4]  ; clk          ; clk         ; 0.000        ; 0.064      ; 2.163      ;
; 1.963 ; ra:inst|d[1]       ; rr:inst3|state[6]  ; clk          ; clk         ; 0.000        ; 0.063      ; 2.183      ;
; 1.964 ; rbf:inst2|state[1] ; rr:inst3|state[6]  ; clk          ; clk         ; 0.000        ; 0.063      ; 2.184      ;
; 1.965 ; ra:inst|d[0]       ; rr:inst3|state[3]  ; clk          ; clk         ; 0.000        ; 0.063      ; 2.185      ;
; 1.975 ; ra:inst|d[2]       ; rr:inst3|state[7]  ; clk          ; clk         ; 0.000        ; 0.063      ; 2.195      ;
; 1.982 ; rbf:inst2|state[0] ; rr:inst3|state[6]  ; clk          ; clk         ; 0.000        ; 0.063      ; 2.202      ;
; 1.983 ; rbf:inst2|state[3] ; rr:inst3|state[7]  ; clk          ; clk         ; 0.000        ; 0.064      ; 2.204      ;
; 1.994 ; rr:inst3|state[0]  ; rr:inst3|state[0]  ; clk          ; clk         ; 0.000        ; 0.064      ; 2.215      ;
; 1.999 ; rr:inst3|state[7]  ; rr:inst3|state[7]  ; clk          ; clk         ; 0.000        ; 0.064      ; 2.220      ;
; 2.026 ; rbf:inst2|state[2] ; rr:inst3|state[5]  ; clk          ; clk         ; 0.000        ; 0.064      ; 2.247      ;
; 2.048 ; ra:inst|d[3]       ; rr:inst3|state[1]  ; clk          ; clk         ; 0.000        ; 0.063      ; 2.268      ;
; 2.052 ; ra:inst|d[0]       ; rr:inst3|state[4]  ; clk          ; clk         ; 0.000        ; 0.063      ; 2.272      ;
; 2.054 ; rbf:inst2|state[2] ; rr:inst3|state[6]  ; clk          ; clk         ; 0.000        ; 0.064      ; 2.275      ;
; 2.055 ; rr:inst3|state[2]  ; rr:inst3|state[4]  ; clk          ; clk         ; 0.000        ; 0.064      ; 2.276      ;
; 2.059 ; ra:inst|d[2]       ; rr:inst3|state[0]  ; clk          ; clk         ; 0.000        ; 0.063      ; 2.279      ;
; 2.061 ; ra:inst|d[1]       ; rr:inst3|state[7]  ; clk          ; clk         ; 0.000        ; 0.063      ; 2.281      ;
; 2.064 ; rbf:inst2|state[1] ; rr:inst3|state[7]  ; clk          ; clk         ; 0.000        ; 0.063      ; 2.284      ;
; 2.074 ; rr:inst3|state[5]  ; rr:inst3|state[7]  ; clk          ; clk         ; 0.000        ; 0.064      ; 2.295      ;
; 2.078 ; ra:inst|d[0]       ; rr:inst3|state[5]  ; clk          ; clk         ; 0.000        ; 0.063      ; 2.298      ;
; 2.082 ; ra:inst|d[3]       ; rr:inst3|state[2]  ; clk          ; clk         ; 0.000        ; 0.063      ; 2.302      ;
; 2.085 ; ra:inst|d[1]       ; rr:inst3|state[0]  ; clk          ; clk         ; 0.000        ; 0.063      ; 2.305      ;
; 2.088 ; rbf:inst2|state[1] ; rr:inst3|state[0]  ; clk          ; clk         ; 0.000        ; 0.063      ; 2.308      ;
; 2.099 ; rbf:inst2|state[3] ; rr:inst3|state[0]  ; clk          ; clk         ; 0.000        ; 0.064      ; 2.320      ;
; 2.118 ; rr:inst3|state[1]  ; rr:inst3|state[3]  ; clk          ; clk         ; 0.000        ; 0.064      ; 2.339      ;
; 2.120 ; rr:inst3|state[4]  ; rr:inst3|state[6]  ; clk          ; clk         ; 0.000        ; 0.064      ; 2.341      ;
; 2.122 ; rr:inst3|state[0]  ; rr:inst3|state[2]  ; clk          ; clk         ; 0.000        ; 0.064      ; 2.343      ;
; 2.131 ; rr:inst3|state[5]  ; rr:inst3|state[0]  ; clk          ; clk         ; 0.000        ; 0.064      ; 2.352      ;
; 2.131 ; rr:inst3|state[6]  ; rr:inst3|state[0]  ; clk          ; clk         ; 0.000        ; 0.064      ; 2.352      ;
; 2.139 ; rr:inst3|state[2]  ; rr:inst3|state[5]  ; clk          ; clk         ; 0.000        ; 0.064      ; 2.360      ;
; 2.153 ; rr:inst3|state[1]  ; rr:inst3|state[4]  ; clk          ; clk         ; 0.000        ; 0.064      ; 2.374      ;
; 2.155 ; rbf:inst2|state[2] ; rr:inst3|state[7]  ; clk          ; clk         ; 0.000        ; 0.064      ; 2.376      ;
; 2.164 ; ra:inst|d[0]       ; rr:inst3|state[6]  ; clk          ; clk         ; 0.000        ; 0.063      ; 2.384      ;
; 2.167 ; rr:inst3|state[2]  ; rr:inst3|state[6]  ; clk          ; clk         ; 0.000        ; 0.064      ; 2.388      ;
; 2.176 ; rbf:inst2|state[2] ; rr:inst3|state[0]  ; clk          ; clk         ; 0.000        ; 0.064      ; 2.397      ;
; 2.176 ; rr:inst3|state[3]  ; rr:inst3|state[5]  ; clk          ; clk         ; 0.000        ; 0.064      ; 2.397      ;
; 2.190 ; rr:inst3|state[3]  ; rr:inst3|state[6]  ; clk          ; clk         ; 0.000        ; 0.064      ; 2.411      ;
; 2.204 ; rr:inst3|state[0]  ; rr:inst3|state[3]  ; clk          ; clk         ; 0.000        ; 0.064      ; 2.425      ;
; 2.221 ; rr:inst3|state[4]  ; rr:inst3|state[7]  ; clk          ; clk         ; 0.000        ; 0.064      ; 2.442      ;
; 2.225 ; rbf:inst2|state[0] ; rr:inst3|state[7]  ; clk          ; clk         ; 0.000        ; 0.063      ; 2.445      ;
; 2.231 ; rr:inst3|state[1]  ; rr:inst3|state[5]  ; clk          ; clk         ; 0.000        ; 0.064      ; 2.452      ;
+-------+--------------------+--------------------+--------------+-------------+--------------+------------+------------+


+------------------------------------------------------------------------------------------------------------+
; Slow 1200mV 85C Model Minimum Pulse Width: 'clk'                                                           ;
+--------+--------------+----------------+------------------+-------+------------+---------------------------+
; Slack  ; Actual Width ; Required Width ; Type             ; Clock ; Clock Edge ; Target                    ;
+--------+--------------+----------------+------------------+-------+------------+---------------------------+
; -3.000 ; 1.000        ; 4.000          ; Port Rate        ; clk   ; Rise       ; clk                       ;
; -1.000 ; 1.000        ; 2.000          ; Min Period       ; clk   ; Rise       ; kc3_mem:inst4|d[0]        ;
; -1.000 ; 1.000        ; 2.000          ; Min Period       ; clk   ; Rise       ; kc3_mem:inst4|d[1]        ;
; -1.000 ; 1.000        ; 2.000          ; Min Period       ; clk   ; Rise       ; ra:inst|d[0]              ;
; -1.000 ; 1.000        ; 2.000          ; Min Period       ; clk   ; Rise       ; ra:inst|d[1]              ;
; -1.000 ; 1.000        ; 2.000          ; Min Period       ; clk   ; Rise       ; ra:inst|d[2]              ;
; -1.000 ; 1.000        ; 2.000          ; Min Period       ; clk   ; Rise       ; ra:inst|d[3]              ;
; -1.000 ; 1.000        ; 2.000          ; Min Period       ; clk   ; Rise       ; rbf:inst2|state[0]        ;
; -1.000 ; 1.000        ; 2.000          ; Min Period       ; clk   ; Rise       ; rbf:inst2|state[1]        ;
; -1.000 ; 1.000        ; 2.000          ; Min Period       ; clk   ; Rise       ; rbf:inst2|state[2]        ;
; -1.000 ; 1.000        ; 2.000          ; Min Period       ; clk   ; Rise       ; rbf:inst2|state[3]        ;
; -1.000 ; 1.000        ; 2.000          ; Min Period       ; clk   ; Rise       ; rr:inst3|state[0]         ;
; -1.000 ; 1.000        ; 2.000          ; Min Period       ; clk   ; Rise       ; rr:inst3|state[1]         ;
; -1.000 ; 1.000        ; 2.000          ; Min Period       ; clk   ; Rise       ; rr:inst3|state[2]         ;
; -1.000 ; 1.000        ; 2.000          ; Min Period       ; clk   ; Rise       ; rr:inst3|state[3]         ;
; -1.000 ; 1.000        ; 2.000          ; Min Period       ; clk   ; Rise       ; rr:inst3|state[4]         ;
; -1.000 ; 1.000        ; 2.000          ; Min Period       ; clk   ; Rise       ; rr:inst3|state[5]         ;
; -1.000 ; 1.000        ; 2.000          ; Min Period       ; clk   ; Rise       ; rr:inst3|state[6]         ;
; -1.000 ; 1.000        ; 2.000          ; Min Period       ; clk   ; Rise       ; rr:inst3|state[7]         ;
; 0.211  ; 0.395        ; 0.184          ; Low Pulse Width  ; clk   ; Rise       ; kc3_mem:inst4|d[0]        ;
; 0.211  ; 0.395        ; 0.184          ; Low Pulse Width  ; clk   ; Rise       ; kc3_mem:inst4|d[1]        ;
; 0.211  ; 0.395        ; 0.184          ; Low Pulse Width  ; clk   ; Rise       ; ra:inst|d[0]              ;
; 0.211  ; 0.395        ; 0.184          ; Low Pulse Width  ; clk   ; Rise       ; ra:inst|d[1]              ;
; 0.211  ; 0.395        ; 0.184          ; Low Pulse Width  ; clk   ; Rise       ; ra:inst|d[2]              ;
; 0.211  ; 0.395        ; 0.184          ; Low Pulse Width  ; clk   ; Rise       ; ra:inst|d[3]              ;
; 0.211  ; 0.395        ; 0.184          ; Low Pulse Width  ; clk   ; Rise       ; rbf:inst2|state[0]        ;
; 0.211  ; 0.395        ; 0.184          ; Low Pulse Width  ; clk   ; Rise       ; rbf:inst2|state[1]        ;
; 0.211  ; 0.395        ; 0.184          ; Low Pulse Width  ; clk   ; Rise       ; rbf:inst2|state[2]        ;
; 0.211  ; 0.395        ; 0.184          ; Low Pulse Width  ; clk   ; Rise       ; rbf:inst2|state[3]        ;
; 0.211  ; 0.395        ; 0.184          ; Low Pulse Width  ; clk   ; Rise       ; rr:inst3|state[0]         ;
; 0.211  ; 0.395        ; 0.184          ; Low Pulse Width  ; clk   ; Rise       ; rr:inst3|state[1]         ;
; 0.211  ; 0.395        ; 0.184          ; Low Pulse Width  ; clk   ; Rise       ; rr:inst3|state[2]         ;
; 0.211  ; 0.395        ; 0.184          ; Low Pulse Width  ; clk   ; Rise       ; rr:inst3|state[3]         ;
; 0.211  ; 0.395        ; 0.184          ; Low Pulse Width  ; clk   ; Rise       ; rr:inst3|state[4]         ;
; 0.211  ; 0.395        ; 0.184          ; Low Pulse Width  ; clk   ; Rise       ; rr:inst3|state[5]         ;
; 0.211  ; 0.395        ; 0.184          ; Low Pulse Width  ; clk   ; Rise       ; rr:inst3|state[6]         ;
; 0.211  ; 0.395        ; 0.184          ; Low Pulse Width  ; clk   ; Rise       ; rr:inst3|state[7]         ;
; 0.326  ; 0.326        ; 0.000          ; Low Pulse Width  ; clk   ; Rise       ; clk~input|o               ;
; 0.337  ; 0.337        ; 0.000          ; Low Pulse Width  ; clk   ; Rise       ; clk~inputclkctrl|inclk[0] ;
; 0.337  ; 0.337        ; 0.000          ; Low Pulse Width  ; clk   ; Rise       ; clk~inputclkctrl|outclk   ;
; 0.371  ; 0.371        ; 0.000          ; Low Pulse Width  ; clk   ; Rise       ; inst2|state[0]|clk        ;
; 0.371  ; 0.371        ; 0.000          ; Low Pulse Width  ; clk   ; Rise       ; inst2|state[1]|clk        ;
; 0.371  ; 0.371        ; 0.000          ; Low Pulse Width  ; clk   ; Rise       ; inst2|state[2]|clk        ;
; 0.371  ; 0.371        ; 0.000          ; Low Pulse Width  ; clk   ; Rise       ; inst2|state[3]|clk        ;
; 0.371  ; 0.371        ; 0.000          ; Low Pulse Width  ; clk   ; Rise       ; inst3|state[0]|clk        ;
; 0.371  ; 0.371        ; 0.000          ; Low Pulse Width  ; clk   ; Rise       ; inst3|state[1]|clk        ;
; 0.371  ; 0.371        ; 0.000          ; Low Pulse Width  ; clk   ; Rise       ; inst3|state[2]|clk        ;
; 0.371  ; 0.371        ; 0.000          ; Low Pulse Width  ; clk   ; Rise       ; inst3|state[3]|clk        ;
; 0.371  ; 0.371        ; 0.000          ; Low Pulse Width  ; clk   ; Rise       ; inst3|state[4]|clk        ;
; 0.371  ; 0.371        ; 0.000          ; Low Pulse Width  ; clk   ; Rise       ; inst3|state[5]|clk        ;
; 0.371  ; 0.371        ; 0.000          ; Low Pulse Width  ; clk   ; Rise       ; inst3|state[6]|clk        ;
; 0.371  ; 0.371        ; 0.000          ; Low Pulse Width  ; clk   ; Rise       ; inst3|state[7]|clk        ;
; 0.371  ; 0.371        ; 0.000          ; Low Pulse Width  ; clk   ; Rise       ; inst4|d[0]|clk            ;
; 0.371  ; 0.371        ; 0.000          ; Low Pulse Width  ; clk   ; Rise       ; inst4|d[1]|clk            ;
; 0.371  ; 0.371        ; 0.000          ; Low Pulse Width  ; clk   ; Rise       ; inst|d[0]|clk             ;
; 0.371  ; 0.371        ; 0.000          ; Low Pulse Width  ; clk   ; Rise       ; inst|d[1]|clk             ;
; 0.371  ; 0.371        ; 0.000          ; Low Pulse Width  ; clk   ; Rise       ; inst|d[2]|clk             ;
; 0.371  ; 0.371        ; 0.000          ; Low Pulse Width  ; clk   ; Rise       ; inst|d[3]|clk             ;
; 0.388  ; 0.604        ; 0.216          ; High Pulse Width ; clk   ; Rise       ; kc3_mem:inst4|d[0]        ;
; 0.388  ; 0.604        ; 0.216          ; High Pulse Width ; clk   ; Rise       ; kc3_mem:inst4|d[1]        ;
; 0.388  ; 0.604        ; 0.216          ; High Pulse Width ; clk   ; Rise       ; ra:inst|d[0]              ;
; 0.388  ; 0.604        ; 0.216          ; High Pulse Width ; clk   ; Rise       ; ra:inst|d[1]              ;
; 0.388  ; 0.604        ; 0.216          ; High Pulse Width ; clk   ; Rise       ; ra:inst|d[2]              ;
; 0.388  ; 0.604        ; 0.216          ; High Pulse Width ; clk   ; Rise       ; ra:inst|d[3]              ;
; 0.388  ; 0.604        ; 0.216          ; High Pulse Width ; clk   ; Rise       ; rbf:inst2|state[0]        ;
; 0.388  ; 0.604        ; 0.216          ; High Pulse Width ; clk   ; Rise       ; rbf:inst2|state[1]        ;
; 0.389  ; 0.605        ; 0.216          ; High Pulse Width ; clk   ; Rise       ; rbf:inst2|state[2]        ;
; 0.389  ; 0.605        ; 0.216          ; High Pulse Width ; clk   ; Rise       ; rbf:inst2|state[3]        ;
; 0.389  ; 0.605        ; 0.216          ; High Pulse Width ; clk   ; Rise       ; rr:inst3|state[0]         ;
; 0.389  ; 0.605        ; 0.216          ; High Pulse Width ; clk   ; Rise       ; rr:inst3|state[1]         ;
; 0.389  ; 0.605        ; 0.216          ; High Pulse Width ; clk   ; Rise       ; rr:inst3|state[2]         ;
; 0.389  ; 0.605        ; 0.216          ; High Pulse Width ; clk   ; Rise       ; rr:inst3|state[3]         ;
; 0.389  ; 0.605        ; 0.216          ; High Pulse Width ; clk   ; Rise       ; rr:inst3|state[4]         ;
; 0.389  ; 0.605        ; 0.216          ; High Pulse Width ; clk   ; Rise       ; rr:inst3|state[5]         ;
; 0.389  ; 0.605        ; 0.216          ; High Pulse Width ; clk   ; Rise       ; rr:inst3|state[6]         ;
; 0.389  ; 0.605        ; 0.216          ; High Pulse Width ; clk   ; Rise       ; rr:inst3|state[7]         ;
; 0.500  ; 0.500        ; 0.000          ; High Pulse Width ; clk   ; Rise       ; clk~input|i               ;
; 0.500  ; 0.500        ; 0.000          ; Low Pulse Width  ; clk   ; Rise       ; clk~input|i               ;
; 0.626  ; 0.626        ; 0.000          ; High Pulse Width ; clk   ; Rise       ; inst2|state[0]|clk        ;
; 0.626  ; 0.626        ; 0.000          ; High Pulse Width ; clk   ; Rise       ; inst2|state[1]|clk        ;
; 0.626  ; 0.626        ; 0.000          ; High Pulse Width ; clk   ; Rise       ; inst4|d[0]|clk            ;
; 0.626  ; 0.626        ; 0.000          ; High Pulse Width ; clk   ; Rise       ; inst4|d[1]|clk            ;
; 0.626  ; 0.626        ; 0.000          ; High Pulse Width ; clk   ; Rise       ; inst|d[0]|clk             ;
; 0.626  ; 0.626        ; 0.000          ; High Pulse Width ; clk   ; Rise       ; inst|d[1]|clk             ;
; 0.626  ; 0.626        ; 0.000          ; High Pulse Width ; clk   ; Rise       ; inst|d[2]|clk             ;
; 0.626  ; 0.626        ; 0.000          ; High Pulse Width ; clk   ; Rise       ; inst|d[3]|clk             ;
; 0.627  ; 0.627        ; 0.000          ; High Pulse Width ; clk   ; Rise       ; inst2|state[2]|clk        ;
; 0.627  ; 0.627        ; 0.000          ; High Pulse Width ; clk   ; Rise       ; inst2|state[3]|clk        ;
; 0.627  ; 0.627        ; 0.000          ; High Pulse Width ; clk   ; Rise       ; inst3|state[0]|clk        ;
; 0.627  ; 0.627        ; 0.000          ; High Pulse Width ; clk   ; Rise       ; inst3|state[1]|clk        ;
; 0.627  ; 0.627        ; 0.000          ; High Pulse Width ; clk   ; Rise       ; inst3|state[2]|clk        ;
; 0.627  ; 0.627        ; 0.000          ; High Pulse Width ; clk   ; Rise       ; inst3|state[3]|clk        ;
; 0.627  ; 0.627        ; 0.000          ; High Pulse Width ; clk   ; Rise       ; inst3|state[4]|clk        ;
; 0.627  ; 0.627        ; 0.000          ; High Pulse Width ; clk   ; Rise       ; inst3|state[5]|clk        ;
; 0.627  ; 0.627        ; 0.000          ; High Pulse Width ; clk   ; Rise       ; inst3|state[6]|clk        ;
; 0.627  ; 0.627        ; 0.000          ; High Pulse Width ; clk   ; Rise       ; inst3|state[7]|clk        ;
; 0.662  ; 0.662        ; 0.000          ; High Pulse Width ; clk   ; Rise       ; clk~inputclkctrl|inclk[0] ;
; 0.662  ; 0.662        ; 0.000          ; High Pulse Width ; clk   ; Rise       ; clk~inputclkctrl|outclk   ;
; 0.674  ; 0.674        ; 0.000          ; High Pulse Width ; clk   ; Rise       ; clk~input|o               ;
+--------+--------------+----------------+------------------+-------+------------+---------------------------+


+-------------------------------------------------------------------------+
; Setup Times                                                             ;
+-----------+------------+--------+--------+------------+-----------------+
; Data Port ; Clock Port ; Rise   ; Fall   ; Clock Edge ; Clock Reference ;
+-----------+------------+--------+--------+------------+-----------------+
; a[*]      ; clk        ; 2.490  ; 2.951  ; Rise       ; clk             ;
;  a[0]     ; clk        ; 2.490  ; 2.951  ; Rise       ; clk             ;
;  a[1]     ; clk        ; 2.322  ; 2.788  ; Rise       ; clk             ;
;  a[2]     ; clk        ; -0.223 ; -0.073 ; Rise       ; clk             ;
;  a[3]     ; clk        ; 2.474  ; 2.923  ; Rise       ; clk             ;
; b[*]      ; clk        ; 2.904  ; 3.355  ; Rise       ; clk             ;
;  b[0]     ; clk        ; 2.904  ; 3.355  ; Rise       ; clk             ;
;  b[1]     ; clk        ; 2.332  ; 2.758  ; Rise       ; clk             ;
;  b[2]     ; clk        ; 1.742  ; 2.190  ; Rise       ; clk             ;
;  b[3]     ; clk        ; 1.966  ; 2.461  ; Rise       ; clk             ;
; y[*]      ; clk        ; 5.735  ; 6.138  ; Rise       ; clk             ;
;  y[1]     ; clk        ; 0.259  ; 0.391  ; Rise       ; clk             ;
;  y[2]     ; clk        ; 2.702  ; 3.133  ; Rise       ; clk             ;
;  y[3]     ; clk        ; 1.953  ; 2.370  ; Rise       ; clk             ;
;  y[4]     ; clk        ; 5.735  ; 6.138  ; Rise       ; clk             ;
;  y[5]     ; clk        ; 5.313  ; 5.777  ; Rise       ; clk             ;
;  y[6]     ; clk        ; 2.215  ; 2.639  ; Rise       ; clk             ;
;  y[7]     ; clk        ; 0.751  ; 0.872  ; Rise       ; clk             ;
;  y[8]     ; clk        ; 2.794  ; 3.170  ; Rise       ; clk             ;
;  y[9]     ; clk        ; 5.024  ; 5.447  ; Rise       ; clk             ;
;  y[10]    ; clk        ; 0.239  ; 0.375  ; Rise       ; clk             ;
+-----------+------------+--------+--------+------------+-----------------+


+-------------------------------------------------------------------------+
; Hold Times                                                              ;
+-----------+------------+--------+--------+------------+-----------------+
; Data Port ; Clock Port ; Rise   ; Fall   ; Clock Edge ; Clock Reference ;
+-----------+------------+--------+--------+------------+-----------------+
; a[*]      ; clk        ; 0.516  ; 0.365  ; Rise       ; clk             ;
;  a[0]     ; clk        ; -2.084 ; -2.531 ; Rise       ; clk             ;
;  a[1]     ; clk        ; -1.924 ; -2.376 ; Rise       ; clk             ;
;  a[2]     ; clk        ; 0.516  ; 0.365  ; Rise       ; clk             ;
;  a[3]     ; clk        ; -2.069 ; -2.505 ; Rise       ; clk             ;
; b[*]      ; clk        ; -1.350 ; -1.778 ; Rise       ; clk             ;
;  b[0]     ; clk        ; -2.478 ; -2.917 ; Rise       ; clk             ;
;  b[1]     ; clk        ; -1.934 ; -2.345 ; Rise       ; clk             ;
;  b[2]     ; clk        ; -1.350 ; -1.778 ; Rise       ; clk             ;
;  b[3]     ; clk        ; -1.566 ; -2.037 ; Rise       ; clk             ;
; y[*]      ; clk        ; -0.037 ; -0.173 ; Rise       ; clk             ;
;  y[1]     ; clk        ; -0.056 ; -0.187 ; Rise       ; clk             ;
;  y[2]     ; clk        ; -1.394 ; -1.811 ; Rise       ; clk             ;
;  y[3]     ; clk        ; -1.285 ; -1.706 ; Rise       ; clk             ;
;  y[4]     ; clk        ; -3.201 ; -3.685 ; Rise       ; clk             ;
;  y[5]     ; clk        ; -2.892 ; -3.350 ; Rise       ; clk             ;
;  y[6]     ; clk        ; -1.756 ; -2.218 ; Rise       ; clk             ;
;  y[7]     ; clk        ; -0.528 ; -0.649 ; Rise       ; clk             ;
;  y[8]     ; clk        ; -1.697 ; -2.090 ; Rise       ; clk             ;
;  y[9]     ; clk        ; -2.478 ; -2.967 ; Rise       ; clk             ;
;  y[10]    ; clk        ; -0.037 ; -0.173 ; Rise       ; clk             ;
+-----------+------------+--------+--------+------------+-----------------+


+-------------------------------------------------------------------------+
; Clock to Output Times                                                   ;
+-------------+------------+-------+-------+------------+-----------------+
; Data Port   ; Clock Port ; Rise  ; Fall  ; Clock Edge ; Clock Reference ;
+-------------+------------+-------+-------+------------+-----------------+
; f1          ; clk        ; 6.169 ; 6.132 ; Rise       ; clk             ;
; f2          ; clk        ; 6.269 ; 6.237 ; Rise       ; clk             ;
; f3          ; clk        ; 8.005 ; 7.966 ; Rise       ; clk             ;
; priznak[*]  ; clk        ; 6.825 ; 6.840 ; Rise       ; clk             ;
;  priznak[0] ; clk        ; 6.825 ; 6.840 ; Rise       ; clk             ;
;  priznak[1] ; clk        ; 6.262 ; 6.220 ; Rise       ; clk             ;
; rr[*]       ; clk        ; 7.308 ; 7.316 ; Rise       ; clk             ;
;  rr[0]      ; clk        ; 5.828 ; 5.778 ; Rise       ; clk             ;
;  rr[1]      ; clk        ; 6.621 ; 6.595 ; Rise       ; clk             ;
;  rr[2]      ; clk        ; 6.515 ; 6.486 ; Rise       ; clk             ;
;  rr[3]      ; clk        ; 5.967 ; 5.900 ; Rise       ; clk             ;
;  rr[4]      ; clk        ; 6.786 ; 6.778 ; Rise       ; clk             ;
;  rr[5]      ; clk        ; 6.065 ; 6.003 ; Rise       ; clk             ;
;  rr[6]      ; clk        ; 7.308 ; 7.316 ; Rise       ; clk             ;
;  rr[7]      ; clk        ; 5.939 ; 5.878 ; Rise       ; clk             ;
+-------------+------------+-------+-------+------------+-----------------+


+-------------------------------------------------------------------------+
; Minimum Clock to Output Times                                           ;
+-------------+------------+-------+-------+------------+-----------------+
; Data Port   ; Clock Port ; Rise  ; Fall  ; Clock Edge ; Clock Reference ;
+-------------+------------+-------+-------+------------+-----------------+
; f1          ; clk        ; 5.969 ; 5.930 ; Rise       ; clk             ;
; f2          ; clk        ; 6.058 ; 6.024 ; Rise       ; clk             ;
; f3          ; clk        ; 7.099 ; 7.048 ; Rise       ; clk             ;
; priznak[*]  ; clk        ; 6.057 ; 6.013 ; Rise       ; clk             ;
;  priznak[0] ; clk        ; 6.630 ; 6.643 ; Rise       ; clk             ;
;  priznak[1] ; clk        ; 6.057 ; 6.013 ; Rise       ; clk             ;
; rr[*]       ; clk        ; 5.641 ; 5.590 ; Rise       ; clk             ;
;  rr[0]      ; clk        ; 5.641 ; 5.590 ; Rise       ; clk             ;
;  rr[1]      ; clk        ; 6.403 ; 6.375 ; Rise       ; clk             ;
;  rr[2]      ; clk        ; 6.304 ; 6.272 ; Rise       ; clk             ;
;  rr[3]      ; clk        ; 5.769 ; 5.700 ; Rise       ; clk             ;
;  rr[4]      ; clk        ; 6.589 ; 6.578 ; Rise       ; clk             ;
;  rr[5]      ; clk        ; 5.873 ; 5.809 ; Rise       ; clk             ;
;  rr[6]      ; clk        ; 7.089 ; 7.095 ; Rise       ; clk             ;
;  rr[7]      ; clk        ; 5.747 ; 5.684 ; Rise       ; clk             ;
+-------------+------------+-------+-------+------------+-----------------+


----------------------------------------------
; Slow 1200mV 85C Model Metastability Report ;
----------------------------------------------
No synchronizer chains to report.


+-----------------------------------------------------------------------------------------------------------+
; Slow 1200mV 0C Model Fmax Summary                                                                         ;
+------------+-----------------+------------+---------------------------------------------------------------+
; Fmax       ; Restricted Fmax ; Clock Name ; Note                                                          ;
+------------+-----------------+------------+---------------------------------------------------------------+
; 279.25 MHz ; 250.0 MHz       ; clk        ; limit due to minimum period restriction (max I/O toggle rate) ;
+------------+-----------------+------------+---------------------------------------------------------------+
This panel reports FMAX for every clock in the design, regardless of the user-specified clock periods.  FMAX is only computed for paths where the source and destination registers or ports are driven by the same clock.  Paths of different clocks, including generated clocks, are ignored.  For paths between a clock and its inversion, FMAX is computed as if the rising and falling edges are scaled along with FMAX, such that the duty cycle (in terms of a percentage) is maintained. Altera recommends that you always use clock constraints and other slack reports for sign-off analysis.


+------------------------------------+
; Slow 1200mV 0C Model Setup Summary ;
+-------+--------+-------------------+
; Clock ; Slack  ; End Point TNS     ;
+-------+--------+-------------------+
; clk   ; -2.581 ; -20.223           ;
+-------+--------+-------------------+


+-----------------------------------+
; Slow 1200mV 0C Model Hold Summary ;
+-------+-------+-------------------+
; Clock ; Slack ; End Point TNS     ;
+-------+-------+-------------------+
; clk   ; 0.310 ; 0.000             ;
+-------+-------+-------------------+


-----------------------------------------
; Slow 1200mV 0C Model Recovery Summary ;
-----------------------------------------
No paths to report.


----------------------------------------
; Slow 1200mV 0C Model Removal Summary ;
----------------------------------------
No paths to report.


+--------------------------------------------------+
; Slow 1200mV 0C Model Minimum Pulse Width Summary ;
+-------+--------+---------------------------------+
; Clock ; Slack  ; End Point TNS                   ;
+-------+--------+---------------------------------+
; clk   ; -3.000 ; -21.000                         ;
+-------+--------+---------------------------------+


+-----------------------------------------------------------------------------------------------------------------------+
; Slow 1200mV 0C Model Setup: 'clk'                                                                                     ;
+--------+--------------------+-------------------+--------------+-------------+--------------+------------+------------+
; Slack  ; From Node          ; To Node           ; Launch Clock ; Latch Clock ; Relationship ; Clock Skew ; Data Delay ;
+--------+--------------------+-------------------+--------------+-------------+--------------+------------+------------+
; -2.581 ; rr:inst3|state[0]  ; rr:inst3|state[7] ; clk          ; clk         ; 1.000        ; -0.057     ; 3.519      ;
; -2.502 ; rr:inst3|state[3]  ; rr:inst3|state[6] ; clk          ; clk         ; 1.000        ; -0.057     ; 3.440      ;
; -2.484 ; rr:inst3|state[3]  ; rr:inst3|state[7] ; clk          ; clk         ; 1.000        ; -0.057     ; 3.422      ;
; -2.481 ; rr:inst3|state[0]  ; rr:inst3|state[5] ; clk          ; clk         ; 1.000        ; -0.057     ; 3.419      ;
; -2.463 ; rr:inst3|state[0]  ; rr:inst3|state[6] ; clk          ; clk         ; 1.000        ; -0.057     ; 3.401      ;
; -2.449 ; rr:inst3|state[1]  ; rr:inst3|state[6] ; clk          ; clk         ; 1.000        ; -0.057     ; 3.387      ;
; -2.431 ; rr:inst3|state[1]  ; rr:inst3|state[7] ; clk          ; clk         ; 1.000        ; -0.057     ; 3.369      ;
; -2.418 ; rr:inst3|state[4]  ; rr:inst3|state[7] ; clk          ; clk         ; 1.000        ; -0.057     ; 3.356      ;
; -2.413 ; rr:inst3|state[2]  ; rr:inst3|state[7] ; clk          ; clk         ; 1.000        ; -0.057     ; 3.351      ;
; -2.406 ; ra:inst|d[0]       ; rr:inst3|state[7] ; clk          ; clk         ; 1.000        ; -0.057     ; 3.344      ;
; -2.402 ; rr:inst3|state[3]  ; rr:inst3|state[4] ; clk          ; clk         ; 1.000        ; -0.057     ; 3.340      ;
; -2.402 ; rbf:inst2|state[3] ; rr:inst3|state[6] ; clk          ; clk         ; 1.000        ; -0.057     ; 3.340      ;
; -2.384 ; rbf:inst2|state[3] ; rr:inst3|state[7] ; clk          ; clk         ; 1.000        ; -0.057     ; 3.322      ;
; -2.384 ; rr:inst3|state[3]  ; rr:inst3|state[5] ; clk          ; clk         ; 1.000        ; -0.057     ; 3.322      ;
; -2.381 ; rr:inst3|state[0]  ; rr:inst3|state[3] ; clk          ; clk         ; 1.000        ; -0.057     ; 3.319      ;
; -2.363 ; rr:inst3|state[0]  ; rr:inst3|state[4] ; clk          ; clk         ; 1.000        ; -0.057     ; 3.301      ;
; -2.349 ; rr:inst3|state[1]  ; rr:inst3|state[4] ; clk          ; clk         ; 1.000        ; -0.057     ; 3.287      ;
; -2.331 ; rr:inst3|state[4]  ; rr:inst3|state[6] ; clk          ; clk         ; 1.000        ; -0.057     ; 3.269      ;
; -2.331 ; rr:inst3|state[1]  ; rr:inst3|state[5] ; clk          ; clk         ; 1.000        ; -0.057     ; 3.269      ;
; -2.325 ; rr:inst3|state[2]  ; rr:inst3|state[6] ; clk          ; clk         ; 1.000        ; -0.057     ; 3.263      ;
; -2.318 ; rr:inst3|state[4]  ; rr:inst3|state[5] ; clk          ; clk         ; 1.000        ; -0.057     ; 3.256      ;
; -2.316 ; rr:inst3|state[6]  ; rr:inst3|state[7] ; clk          ; clk         ; 1.000        ; -0.057     ; 3.254      ;
; -2.313 ; rr:inst3|state[2]  ; rr:inst3|state[5] ; clk          ; clk         ; 1.000        ; -0.057     ; 3.251      ;
; -2.312 ; rr:inst3|state[7]  ; rr:inst3|state[6] ; clk          ; clk         ; 1.000        ; -0.057     ; 3.250      ;
; -2.306 ; ra:inst|d[0]       ; rr:inst3|state[5] ; clk          ; clk         ; 1.000        ; -0.057     ; 3.244      ;
; -2.304 ; rbf:inst2|state[2] ; rr:inst3|state[7] ; clk          ; clk         ; 1.000        ; -0.057     ; 3.242      ;
; -2.302 ; rr:inst3|state[3]  ; rr:inst3|state[2] ; clk          ; clk         ; 1.000        ; -0.057     ; 3.240      ;
; -2.302 ; rbf:inst2|state[3] ; rr:inst3|state[4] ; clk          ; clk         ; 1.000        ; -0.057     ; 3.240      ;
; -2.294 ; rr:inst3|state[7]  ; rr:inst3|state[7] ; clk          ; clk         ; 1.000        ; -0.057     ; 3.232      ;
; -2.288 ; ra:inst|d[0]       ; rr:inst3|state[6] ; clk          ; clk         ; 1.000        ; -0.057     ; 3.226      ;
; -2.284 ; rbf:inst2|state[3] ; rr:inst3|state[5] ; clk          ; clk         ; 1.000        ; -0.057     ; 3.222      ;
; -2.284 ; rr:inst3|state[3]  ; rr:inst3|state[3] ; clk          ; clk         ; 1.000        ; -0.057     ; 3.222      ;
; -2.281 ; rr:inst3|state[0]  ; rr:inst3|state[1] ; clk          ; clk         ; 1.000        ; -0.057     ; 3.219      ;
; -2.263 ; rr:inst3|state[0]  ; rr:inst3|state[2] ; clk          ; clk         ; 1.000        ; -0.057     ; 3.201      ;
; -2.262 ; rr:inst3|state[5]  ; rr:inst3|state[6] ; clk          ; clk         ; 1.000        ; -0.057     ; 3.200      ;
; -2.249 ; rr:inst3|state[1]  ; rr:inst3|state[2] ; clk          ; clk         ; 1.000        ; -0.057     ; 3.187      ;
; -2.244 ; rr:inst3|state[5]  ; rr:inst3|state[7] ; clk          ; clk         ; 1.000        ; -0.057     ; 3.182      ;
; -2.241 ; rr:inst3|state[6]  ; rr:inst3|state[6] ; clk          ; clk         ; 1.000        ; -0.057     ; 3.179      ;
; -2.231 ; rbf:inst2|state[0] ; rr:inst3|state[7] ; clk          ; clk         ; 1.000        ; -0.057     ; 3.169      ;
; -2.231 ; rr:inst3|state[4]  ; rr:inst3|state[4] ; clk          ; clk         ; 1.000        ; -0.057     ; 3.169      ;
; -2.231 ; rr:inst3|state[1]  ; rr:inst3|state[3] ; clk          ; clk         ; 1.000        ; -0.057     ; 3.169      ;
; -2.225 ; rr:inst3|state[2]  ; rr:inst3|state[4] ; clk          ; clk         ; 1.000        ; -0.057     ; 3.163      ;
; -2.218 ; rr:inst3|state[4]  ; rr:inst3|state[3] ; clk          ; clk         ; 1.000        ; -0.057     ; 3.156      ;
; -2.216 ; rr:inst3|state[6]  ; rr:inst3|state[5] ; clk          ; clk         ; 1.000        ; -0.057     ; 3.154      ;
; -2.213 ; rr:inst3|state[2]  ; rr:inst3|state[3] ; clk          ; clk         ; 1.000        ; -0.057     ; 3.151      ;
; -2.212 ; rr:inst3|state[7]  ; rr:inst3|state[4] ; clk          ; clk         ; 1.000        ; -0.057     ; 3.150      ;
; -2.206 ; ra:inst|d[0]       ; rr:inst3|state[3] ; clk          ; clk         ; 1.000        ; -0.057     ; 3.144      ;
; -2.204 ; rbf:inst2|state[2] ; rr:inst3|state[5] ; clk          ; clk         ; 1.000        ; -0.057     ; 3.142      ;
; -2.202 ; rbf:inst2|state[3] ; rr:inst3|state[2] ; clk          ; clk         ; 1.000        ; -0.057     ; 3.140      ;
; -2.199 ; ra:inst|d[2]       ; rr:inst3|state[7] ; clk          ; clk         ; 1.000        ; -0.057     ; 3.137      ;
; -2.194 ; rr:inst3|state[7]  ; rr:inst3|state[5] ; clk          ; clk         ; 1.000        ; -0.057     ; 3.132      ;
; -2.191 ; rbf:inst2|state[2] ; rr:inst3|state[6] ; clk          ; clk         ; 1.000        ; -0.057     ; 3.129      ;
; -2.188 ; ra:inst|d[0]       ; rr:inst3|state[4] ; clk          ; clk         ; 1.000        ; -0.057     ; 3.126      ;
; -2.184 ; rbf:inst2|state[3] ; rr:inst3|state[3] ; clk          ; clk         ; 1.000        ; -0.057     ; 3.122      ;
; -2.184 ; rr:inst3|state[3]  ; rr:inst3|state[1] ; clk          ; clk         ; 1.000        ; -0.057     ; 3.122      ;
; -2.162 ; rbf:inst2|state[1] ; rr:inst3|state[6] ; clk          ; clk         ; 1.000        ; -0.057     ; 3.100      ;
; -2.162 ; rr:inst3|state[5]  ; rr:inst3|state[4] ; clk          ; clk         ; 1.000        ; -0.057     ; 3.100      ;
; -2.144 ; rbf:inst2|state[1] ; rr:inst3|state[7] ; clk          ; clk         ; 1.000        ; -0.057     ; 3.082      ;
; -2.144 ; rr:inst3|state[5]  ; rr:inst3|state[5] ; clk          ; clk         ; 1.000        ; -0.057     ; 3.082      ;
; -2.141 ; rr:inst3|state[6]  ; rr:inst3|state[4] ; clk          ; clk         ; 1.000        ; -0.057     ; 3.079      ;
; -2.139 ; ra:inst|d[3]       ; rr:inst3|state[7] ; clk          ; clk         ; 1.000        ; -0.057     ; 3.077      ;
; -2.131 ; rbf:inst2|state[0] ; rr:inst3|state[5] ; clk          ; clk         ; 1.000        ; -0.057     ; 3.069      ;
; -2.131 ; rr:inst3|state[4]  ; rr:inst3|state[2] ; clk          ; clk         ; 1.000        ; -0.057     ; 3.069      ;
; -2.131 ; rr:inst3|state[1]  ; rr:inst3|state[1] ; clk          ; clk         ; 1.000        ; -0.057     ; 3.069      ;
; -2.129 ; ra:inst|d[1]       ; rr:inst3|state[7] ; clk          ; clk         ; 1.000        ; -0.057     ; 3.067      ;
; -2.125 ; rr:inst3|state[2]  ; rr:inst3|state[2] ; clk          ; clk         ; 1.000        ; -0.057     ; 3.063      ;
; -2.120 ; ra:inst|d[1]       ; rr:inst3|state[6] ; clk          ; clk         ; 1.000        ; -0.057     ; 3.058      ;
; -2.118 ; rr:inst3|state[4]  ; rr:inst3|state[1] ; clk          ; clk         ; 1.000        ; -0.057     ; 3.056      ;
; -2.116 ; rr:inst3|state[6]  ; rr:inst3|state[3] ; clk          ; clk         ; 1.000        ; -0.057     ; 3.054      ;
; -2.113 ; rbf:inst2|state[0] ; rr:inst3|state[6] ; clk          ; clk         ; 1.000        ; -0.057     ; 3.051      ;
; -2.113 ; rr:inst3|state[2]  ; rr:inst3|state[1] ; clk          ; clk         ; 1.000        ; -0.057     ; 3.051      ;
; -2.112 ; rr:inst3|state[7]  ; rr:inst3|state[2] ; clk          ; clk         ; 1.000        ; -0.057     ; 3.050      ;
; -2.106 ; ra:inst|d[0]       ; rr:inst3|state[1] ; clk          ; clk         ; 1.000        ; -0.057     ; 3.044      ;
; -2.104 ; rbf:inst2|state[2] ; rr:inst3|state[3] ; clk          ; clk         ; 1.000        ; -0.057     ; 3.042      ;
; -2.099 ; ra:inst|d[2]       ; rr:inst3|state[5] ; clk          ; clk         ; 1.000        ; -0.057     ; 3.037      ;
; -2.094 ; rr:inst3|state[7]  ; rr:inst3|state[3] ; clk          ; clk         ; 1.000        ; -0.057     ; 3.032      ;
; -2.091 ; rbf:inst2|state[2] ; rr:inst3|state[4] ; clk          ; clk         ; 1.000        ; -0.057     ; 3.029      ;
; -2.088 ; ra:inst|d[0]       ; rr:inst3|state[2] ; clk          ; clk         ; 1.000        ; -0.057     ; 3.026      ;
; -2.084 ; rbf:inst2|state[3] ; rr:inst3|state[1] ; clk          ; clk         ; 1.000        ; -0.057     ; 3.022      ;
; -2.081 ; ra:inst|d[2]       ; rr:inst3|state[6] ; clk          ; clk         ; 1.000        ; -0.057     ; 3.019      ;
; -2.062 ; rbf:inst2|state[1] ; rr:inst3|state[4] ; clk          ; clk         ; 1.000        ; -0.057     ; 3.000      ;
; -2.062 ; rr:inst3|state[5]  ; rr:inst3|state[2] ; clk          ; clk         ; 1.000        ; -0.057     ; 3.000      ;
; -2.052 ; ra:inst|d[3]       ; rr:inst3|state[6] ; clk          ; clk         ; 1.000        ; -0.057     ; 2.990      ;
; -2.044 ; rbf:inst2|state[1] ; rr:inst3|state[5] ; clk          ; clk         ; 1.000        ; -0.057     ; 2.982      ;
; -2.044 ; rr:inst3|state[5]  ; rr:inst3|state[3] ; clk          ; clk         ; 1.000        ; -0.057     ; 2.982      ;
; -2.041 ; rr:inst3|state[6]  ; rr:inst3|state[2] ; clk          ; clk         ; 1.000        ; -0.057     ; 2.979      ;
; -2.039 ; ra:inst|d[3]       ; rr:inst3|state[5] ; clk          ; clk         ; 1.000        ; -0.057     ; 2.977      ;
; -2.031 ; rbf:inst2|state[0] ; rr:inst3|state[3] ; clk          ; clk         ; 1.000        ; -0.057     ; 2.969      ;
; -2.029 ; ra:inst|d[1]       ; rr:inst3|state[5] ; clk          ; clk         ; 1.000        ; -0.057     ; 2.967      ;
; -2.020 ; ra:inst|d[1]       ; rr:inst3|state[4] ; clk          ; clk         ; 1.000        ; -0.057     ; 2.958      ;
; -2.016 ; rr:inst3|state[6]  ; rr:inst3|state[1] ; clk          ; clk         ; 1.000        ; -0.057     ; 2.954      ;
; -2.013 ; rbf:inst2|state[0] ; rr:inst3|state[4] ; clk          ; clk         ; 1.000        ; -0.057     ; 2.951      ;
; -2.004 ; rbf:inst2|state[2] ; rr:inst3|state[1] ; clk          ; clk         ; 1.000        ; -0.057     ; 2.942      ;
; -1.999 ; ra:inst|d[2]       ; rr:inst3|state[3] ; clk          ; clk         ; 1.000        ; -0.057     ; 2.937      ;
; -1.994 ; rr:inst3|state[7]  ; rr:inst3|state[1] ; clk          ; clk         ; 1.000        ; -0.057     ; 2.932      ;
; -1.991 ; rbf:inst2|state[2] ; rr:inst3|state[2] ; clk          ; clk         ; 1.000        ; -0.057     ; 2.929      ;
; -1.981 ; ra:inst|d[2]       ; rr:inst3|state[4] ; clk          ; clk         ; 1.000        ; -0.057     ; 2.919      ;
; -1.962 ; rbf:inst2|state[1] ; rr:inst3|state[2] ; clk          ; clk         ; 1.000        ; -0.057     ; 2.900      ;
; -1.952 ; ra:inst|d[3]       ; rr:inst3|state[4] ; clk          ; clk         ; 1.000        ; -0.057     ; 2.890      ;
; -1.944 ; rbf:inst2|state[1] ; rr:inst3|state[3] ; clk          ; clk         ; 1.000        ; -0.057     ; 2.882      ;
+--------+--------------------+-------------------+--------------+-------------+--------------+------------+------------+


+-----------------------------------------------------------------------------------------------------------------------+
; Slow 1200mV 0C Model Hold: 'clk'                                                                                      ;
+-------+--------------------+--------------------+--------------+-------------+--------------+------------+------------+
; Slack ; From Node          ; To Node            ; Launch Clock ; Latch Clock ; Relationship ; Clock Skew ; Data Delay ;
+-------+--------------------+--------------------+--------------+-------------+--------------+------------+------------+
; 0.310 ; rbf:inst2|state[3] ; rbf:inst2|state[3] ; clk          ; clk         ; 0.000        ; 0.057      ; 0.511      ;
; 0.490 ; rr:inst3|state[2]  ; rr:inst3|state[3]  ; clk          ; clk         ; 0.000        ; 0.057      ; 0.691      ;
; 0.491 ; rr:inst3|state[5]  ; rr:inst3|state[6]  ; clk          ; clk         ; 0.000        ; 0.057      ; 0.692      ;
; 0.502 ; rr:inst3|state[0]  ; rr:inst3|state[1]  ; clk          ; clk         ; 0.000        ; 0.057      ; 0.703      ;
; 0.619 ; rr:inst3|state[6]  ; rr:inst3|state[7]  ; clk          ; clk         ; 0.000        ; 0.057      ; 0.820      ;
; 0.627 ; rr:inst3|state[1]  ; rr:inst3|state[2]  ; clk          ; clk         ; 0.000        ; 0.057      ; 0.828      ;
; 0.638 ; rr:inst3|state[3]  ; rr:inst3|state[4]  ; clk          ; clk         ; 0.000        ; 0.057      ; 0.839      ;
; 0.650 ; rbf:inst2|state[1] ; rbf:inst2|state[2] ; clk          ; clk         ; 0.000        ; 0.056      ; 0.850      ;
; 0.751 ; rr:inst3|state[4]  ; kc3_mem:inst4|d[0] ; clk          ; clk         ; 0.000        ; 0.056      ; 0.951      ;
; 0.851 ; rr:inst3|state[3]  ; kc3_mem:inst4|d[1] ; clk          ; clk         ; 0.000        ; 0.056      ; 1.051      ;
; 0.864 ; rr:inst3|state[3]  ; kc3_mem:inst4|d[0] ; clk          ; clk         ; 0.000        ; 0.056      ; 1.064      ;
; 0.872 ; rr:inst3|state[4]  ; rr:inst3|state[5]  ; clk          ; clk         ; 0.000        ; 0.057      ; 1.073      ;
; 0.887 ; rr:inst3|state[2]  ; kc3_mem:inst4|d[1] ; clk          ; clk         ; 0.000        ; 0.056      ; 1.087      ;
; 0.893 ; rr:inst3|state[1]  ; kc3_mem:inst4|d[1] ; clk          ; clk         ; 0.000        ; 0.056      ; 1.093      ;
; 0.952 ; rr:inst3|state[4]  ; kc3_mem:inst4|d[1] ; clk          ; clk         ; 0.000        ; 0.056      ; 1.152      ;
; 1.176 ; rr:inst3|state[0]  ; kc3_mem:inst4|d[1] ; clk          ; clk         ; 0.000        ; 0.056      ; 1.376      ;
; 1.190 ; rbf:inst2|state[0] ; rbf:inst2|state[1] ; clk          ; clk         ; 0.000        ; 0.056      ; 1.390      ;
; 1.275 ; rr:inst3|state[7]  ; rr:inst3|state[0]  ; clk          ; clk         ; 0.000        ; 0.057      ; 1.476      ;
; 1.324 ; ra:inst|d[2]       ; rr:inst3|state[2]  ; clk          ; clk         ; 0.000        ; 0.056      ; 1.524      ;
; 1.325 ; ra:inst|d[1]       ; rr:inst3|state[1]  ; clk          ; clk         ; 0.000        ; 0.056      ; 1.525      ;
; 1.329 ; rbf:inst2|state[1] ; rr:inst3|state[1]  ; clk          ; clk         ; 0.000        ; 0.056      ; 1.529      ;
; 1.337 ; ra:inst|d[3]       ; rr:inst3|state[5]  ; clk          ; clk         ; 0.000        ; 0.056      ; 1.537      ;
; 1.338 ; ra:inst|d[3]       ; rr:inst3|state[3]  ; clk          ; clk         ; 0.000        ; 0.056      ; 1.538      ;
; 1.363 ; ra:inst|d[3]       ; rr:inst3|state[4]  ; clk          ; clk         ; 0.000        ; 0.056      ; 1.563      ;
; 1.363 ; ra:inst|d[3]       ; rr:inst3|state[6]  ; clk          ; clk         ; 0.000        ; 0.056      ; 1.563      ;
; 1.458 ; rbf:inst2|state[0] ; rr:inst3|state[0]  ; clk          ; clk         ; 0.000        ; 0.056      ; 1.658      ;
; 1.513 ; rbf:inst2|state[2] ; rr:inst3|state[2]  ; clk          ; clk         ; 0.000        ; 0.057      ; 1.714      ;
; 1.515 ; ra:inst|d[3]       ; rr:inst3|state[7]  ; clk          ; clk         ; 0.000        ; 0.056      ; 1.715      ;
; 1.550 ; ra:inst|d[2]       ; rr:inst3|state[3]  ; clk          ; clk         ; 0.000        ; 0.056      ; 1.750      ;
; 1.558 ; rbf:inst2|state[0] ; rr:inst3|state[1]  ; clk          ; clk         ; 0.000        ; 0.056      ; 1.758      ;
; 1.560 ; rr:inst3|state[5]  ; rr:inst3|state[5]  ; clk          ; clk         ; 0.000        ; 0.057      ; 1.761      ;
; 1.561 ; ra:inst|d[1]       ; rr:inst3|state[2]  ; clk          ; clk         ; 0.000        ; 0.056      ; 1.761      ;
; 1.565 ; ra:inst|d[1]       ; rr:inst3|state[3]  ; clk          ; clk         ; 0.000        ; 0.056      ; 1.765      ;
; 1.575 ; ra:inst|d[0]       ; rr:inst3|state[0]  ; clk          ; clk         ; 0.000        ; 0.056      ; 1.775      ;
; 1.576 ; rbf:inst2|state[1] ; rr:inst3|state[2]  ; clk          ; clk         ; 0.000        ; 0.056      ; 1.776      ;
; 1.591 ; rbf:inst2|state[0] ; rr:inst3|state[2]  ; clk          ; clk         ; 0.000        ; 0.056      ; 1.791      ;
; 1.592 ; ra:inst|d[2]       ; rr:inst3|state[4]  ; clk          ; clk         ; 0.000        ; 0.056      ; 1.792      ;
; 1.597 ; ra:inst|d[3]       ; rr:inst3|state[0]  ; clk          ; clk         ; 0.000        ; 0.056      ; 1.797      ;
; 1.605 ; rbf:inst2|state[1] ; rr:inst3|state[3]  ; clk          ; clk         ; 0.000        ; 0.056      ; 1.805      ;
; 1.612 ; rbf:inst2|state[3] ; rr:inst3|state[5]  ; clk          ; clk         ; 0.000        ; 0.057      ; 1.813      ;
; 1.617 ; rr:inst3|state[2]  ; rr:inst3|state[2]  ; clk          ; clk         ; 0.000        ; 0.057      ; 1.818      ;
; 1.622 ; rr:inst3|state[1]  ; rr:inst3|state[1]  ; clk          ; clk         ; 0.000        ; 0.057      ; 1.823      ;
; 1.629 ; rbf:inst2|state[0] ; rr:inst3|state[3]  ; clk          ; clk         ; 0.000        ; 0.056      ; 1.829      ;
; 1.639 ; rbf:inst2|state[3] ; rr:inst3|state[3]  ; clk          ; clk         ; 0.000        ; 0.057      ; 1.840      ;
; 1.643 ; rbf:inst2|state[3] ; rr:inst3|state[4]  ; clk          ; clk         ; 0.000        ; 0.057      ; 1.844      ;
; 1.646 ; ra:inst|d[2]       ; rr:inst3|state[5]  ; clk          ; clk         ; 0.000        ; 0.056      ; 1.846      ;
; 1.648 ; rr:inst3|state[3]  ; rr:inst3|state[3]  ; clk          ; clk         ; 0.000        ; 0.057      ; 1.849      ;
; 1.656 ; ra:inst|d[1]       ; rr:inst3|state[4]  ; clk          ; clk         ; 0.000        ; 0.056      ; 1.856      ;
; 1.658 ; rbf:inst2|state[3] ; rr:inst3|state[6]  ; clk          ; clk         ; 0.000        ; 0.057      ; 1.859      ;
; 1.661 ; ra:inst|d[1]       ; rr:inst3|state[5]  ; clk          ; clk         ; 0.000        ; 0.056      ; 1.861      ;
; 1.670 ; rr:inst3|state[4]  ; rr:inst3|state[4]  ; clk          ; clk         ; 0.000        ; 0.057      ; 1.871      ;
; 1.672 ; rbf:inst2|state[1] ; rr:inst3|state[4]  ; clk          ; clk         ; 0.000        ; 0.056      ; 1.872      ;
; 1.673 ; rr:inst3|state[6]  ; rr:inst3|state[6]  ; clk          ; clk         ; 0.000        ; 0.057      ; 1.874      ;
; 1.686 ; rbf:inst2|state[0] ; rr:inst3|state[4]  ; clk          ; clk         ; 0.000        ; 0.056      ; 1.886      ;
; 1.688 ; ra:inst|d[2]       ; rr:inst3|state[6]  ; clk          ; clk         ; 0.000        ; 0.056      ; 1.888      ;
; 1.701 ; rbf:inst2|state[1] ; rr:inst3|state[5]  ; clk          ; clk         ; 0.000        ; 0.056      ; 1.901      ;
; 1.705 ; ra:inst|d[0]       ; rr:inst3|state[1]  ; clk          ; clk         ; 0.000        ; 0.056      ; 1.905      ;
; 1.725 ; rbf:inst2|state[0] ; rr:inst3|state[5]  ; clk          ; clk         ; 0.000        ; 0.056      ; 1.925      ;
; 1.727 ; rbf:inst2|state[2] ; rr:inst3|state[3]  ; clk          ; clk         ; 0.000        ; 0.057      ; 1.928      ;
; 1.738 ; ra:inst|d[0]       ; rr:inst3|state[2]  ; clk          ; clk         ; 0.000        ; 0.056      ; 1.938      ;
; 1.742 ; ra:inst|d[2]       ; rr:inst3|state[7]  ; clk          ; clk         ; 0.000        ; 0.056      ; 1.942      ;
; 1.752 ; ra:inst|d[1]       ; rr:inst3|state[6]  ; clk          ; clk         ; 0.000        ; 0.056      ; 1.952      ;
; 1.768 ; rbf:inst2|state[2] ; rr:inst3|state[4]  ; clk          ; clk         ; 0.000        ; 0.057      ; 1.969      ;
; 1.768 ; rbf:inst2|state[1] ; rr:inst3|state[6]  ; clk          ; clk         ; 0.000        ; 0.056      ; 1.968      ;
; 1.776 ; ra:inst|d[0]       ; rr:inst3|state[3]  ; clk          ; clk         ; 0.000        ; 0.056      ; 1.976      ;
; 1.782 ; rbf:inst2|state[0] ; rr:inst3|state[6]  ; clk          ; clk         ; 0.000        ; 0.056      ; 1.982      ;
; 1.806 ; rr:inst3|state[0]  ; rr:inst3|state[0]  ; clk          ; clk         ; 0.000        ; 0.057      ; 2.007      ;
; 1.809 ; rbf:inst2|state[3] ; rr:inst3|state[7]  ; clk          ; clk         ; 0.000        ; 0.057      ; 2.010      ;
; 1.815 ; ra:inst|d[1]       ; rr:inst3|state[7]  ; clk          ; clk         ; 0.000        ; 0.056      ; 2.015      ;
; 1.819 ; rbf:inst2|state[1] ; rr:inst3|state[7]  ; clk          ; clk         ; 0.000        ; 0.056      ; 2.019      ;
; 1.823 ; ra:inst|d[3]       ; rr:inst3|state[1]  ; clk          ; clk         ; 0.000        ; 0.056      ; 2.023      ;
; 1.827 ; rr:inst3|state[7]  ; rr:inst3|state[7]  ; clk          ; clk         ; 0.000        ; 0.057      ; 2.028      ;
; 1.829 ; rbf:inst2|state[2] ; rr:inst3|state[5]  ; clk          ; clk         ; 0.000        ; 0.057      ; 2.030      ;
; 1.833 ; ra:inst|d[0]       ; rr:inst3|state[4]  ; clk          ; clk         ; 0.000        ; 0.056      ; 2.033      ;
; 1.838 ; ra:inst|d[2]       ; rr:inst3|state[0]  ; clk          ; clk         ; 0.000        ; 0.056      ; 2.038      ;
; 1.857 ; ra:inst|d[1]       ; rr:inst3|state[0]  ; clk          ; clk         ; 0.000        ; 0.056      ; 2.057      ;
; 1.864 ; rr:inst3|state[5]  ; rr:inst3|state[7]  ; clk          ; clk         ; 0.000        ; 0.057      ; 2.065      ;
; 1.864 ; rbf:inst2|state[2] ; rr:inst3|state[6]  ; clk          ; clk         ; 0.000        ; 0.057      ; 2.065      ;
; 1.866 ; ra:inst|d[3]       ; rr:inst3|state[2]  ; clk          ; clk         ; 0.000        ; 0.056      ; 2.066      ;
; 1.872 ; ra:inst|d[0]       ; rr:inst3|state[5]  ; clk          ; clk         ; 0.000        ; 0.056      ; 2.072      ;
; 1.872 ; rr:inst3|state[2]  ; rr:inst3|state[4]  ; clk          ; clk         ; 0.000        ; 0.057      ; 2.073      ;
; 1.875 ; rbf:inst2|state[1] ; rr:inst3|state[0]  ; clk          ; clk         ; 0.000        ; 0.056      ; 2.075      ;
; 1.898 ; rr:inst3|state[1]  ; rr:inst3|state[3]  ; clk          ; clk         ; 0.000        ; 0.057      ; 2.099      ;
; 1.921 ; rbf:inst2|state[3] ; rr:inst3|state[0]  ; clk          ; clk         ; 0.000        ; 0.057      ; 2.122      ;
; 1.927 ; rr:inst3|state[4]  ; rr:inst3|state[6]  ; clk          ; clk         ; 0.000        ; 0.057      ; 2.128      ;
; 1.929 ; ra:inst|d[0]       ; rr:inst3|state[6]  ; clk          ; clk         ; 0.000        ; 0.056      ; 2.129      ;
; 1.932 ; rbf:inst2|state[2] ; rr:inst3|state[7]  ; clk          ; clk         ; 0.000        ; 0.057      ; 2.133      ;
; 1.933 ; rr:inst3|state[2]  ; rr:inst3|state[5]  ; clk          ; clk         ; 0.000        ; 0.057      ; 2.134      ;
; 1.938 ; rr:inst3|state[5]  ; rr:inst3|state[0]  ; clk          ; clk         ; 0.000        ; 0.057      ; 2.139      ;
; 1.939 ; rr:inst3|state[0]  ; rr:inst3|state[2]  ; clk          ; clk         ; 0.000        ; 0.057      ; 2.140      ;
; 1.940 ; rr:inst3|state[6]  ; rr:inst3|state[0]  ; clk          ; clk         ; 0.000        ; 0.057      ; 2.141      ;
; 1.956 ; rr:inst3|state[3]  ; rr:inst3|state[5]  ; clk          ; clk         ; 0.000        ; 0.057      ; 2.157      ;
; 1.965 ; rr:inst3|state[1]  ; rr:inst3|state[4]  ; clk          ; clk         ; 0.000        ; 0.057      ; 2.166      ;
; 1.968 ; rr:inst3|state[2]  ; rr:inst3|state[6]  ; clk          ; clk         ; 0.000        ; 0.057      ; 2.169      ;
; 1.971 ; rbf:inst2|state[2] ; rr:inst3|state[0]  ; clk          ; clk         ; 0.000        ; 0.057      ; 2.172      ;
; 1.977 ; rbf:inst2|state[0] ; rr:inst3|state[7]  ; clk          ; clk         ; 0.000        ; 0.056      ; 2.177      ;
; 1.982 ; rr:inst3|state[0]  ; rr:inst3|state[3]  ; clk          ; clk         ; 0.000        ; 0.057      ; 2.183      ;
; 1.989 ; rr:inst3|state[3]  ; rr:inst3|state[6]  ; clk          ; clk         ; 0.000        ; 0.057      ; 2.190      ;
; 1.992 ; rr:inst3|state[4]  ; rr:inst3|state[7]  ; clk          ; clk         ; 0.000        ; 0.057      ; 2.193      ;
; 1.994 ; rr:inst3|state[1]  ; rr:inst3|state[5]  ; clk          ; clk         ; 0.000        ; 0.057      ; 2.195      ;
+-------+--------------------+--------------------+--------------+-------------+--------------+------------+------------+


+------------------------------------------------------------------------------------------------------------+
; Slow 1200mV 0C Model Minimum Pulse Width: 'clk'                                                            ;
+--------+--------------+----------------+------------------+-------+------------+---------------------------+
; Slack  ; Actual Width ; Required Width ; Type             ; Clock ; Clock Edge ; Target                    ;
+--------+--------------+----------------+------------------+-------+------------+---------------------------+
; -3.000 ; 1.000        ; 4.000          ; Port Rate        ; clk   ; Rise       ; clk                       ;
; -1.000 ; 1.000        ; 2.000          ; Min Period       ; clk   ; Rise       ; kc3_mem:inst4|d[0]        ;
; -1.000 ; 1.000        ; 2.000          ; Min Period       ; clk   ; Rise       ; kc3_mem:inst4|d[1]        ;
; -1.000 ; 1.000        ; 2.000          ; Min Period       ; clk   ; Rise       ; ra:inst|d[0]              ;
; -1.000 ; 1.000        ; 2.000          ; Min Period       ; clk   ; Rise       ; ra:inst|d[1]              ;
; -1.000 ; 1.000        ; 2.000          ; Min Period       ; clk   ; Rise       ; ra:inst|d[2]              ;
; -1.000 ; 1.000        ; 2.000          ; Min Period       ; clk   ; Rise       ; ra:inst|d[3]              ;
; -1.000 ; 1.000        ; 2.000          ; Min Period       ; clk   ; Rise       ; rbf:inst2|state[0]        ;
; -1.000 ; 1.000        ; 2.000          ; Min Period       ; clk   ; Rise       ; rbf:inst2|state[1]        ;
; -1.000 ; 1.000        ; 2.000          ; Min Period       ; clk   ; Rise       ; rbf:inst2|state[2]        ;
; -1.000 ; 1.000        ; 2.000          ; Min Period       ; clk   ; Rise       ; rbf:inst2|state[3]        ;
; -1.000 ; 1.000        ; 2.000          ; Min Period       ; clk   ; Rise       ; rr:inst3|state[0]         ;
; -1.000 ; 1.000        ; 2.000          ; Min Period       ; clk   ; Rise       ; rr:inst3|state[1]         ;
; -1.000 ; 1.000        ; 2.000          ; Min Period       ; clk   ; Rise       ; rr:inst3|state[2]         ;
; -1.000 ; 1.000        ; 2.000          ; Min Period       ; clk   ; Rise       ; rr:inst3|state[3]         ;
; -1.000 ; 1.000        ; 2.000          ; Min Period       ; clk   ; Rise       ; rr:inst3|state[4]         ;
; -1.000 ; 1.000        ; 2.000          ; Min Period       ; clk   ; Rise       ; rr:inst3|state[5]         ;
; -1.000 ; 1.000        ; 2.000          ; Min Period       ; clk   ; Rise       ; rr:inst3|state[6]         ;
; -1.000 ; 1.000        ; 2.000          ; Min Period       ; clk   ; Rise       ; rr:inst3|state[7]         ;
; 0.214  ; 0.398        ; 0.184          ; Low Pulse Width  ; clk   ; Rise       ; kc3_mem:inst4|d[0]        ;
; 0.214  ; 0.398        ; 0.184          ; Low Pulse Width  ; clk   ; Rise       ; kc3_mem:inst4|d[1]        ;
; 0.214  ; 0.398        ; 0.184          ; Low Pulse Width  ; clk   ; Rise       ; ra:inst|d[0]              ;
; 0.214  ; 0.398        ; 0.184          ; Low Pulse Width  ; clk   ; Rise       ; ra:inst|d[1]              ;
; 0.214  ; 0.398        ; 0.184          ; Low Pulse Width  ; clk   ; Rise       ; ra:inst|d[2]              ;
; 0.214  ; 0.398        ; 0.184          ; Low Pulse Width  ; clk   ; Rise       ; ra:inst|d[3]              ;
; 0.214  ; 0.398        ; 0.184          ; Low Pulse Width  ; clk   ; Rise       ; rbf:inst2|state[0]        ;
; 0.214  ; 0.398        ; 0.184          ; Low Pulse Width  ; clk   ; Rise       ; rbf:inst2|state[1]        ;
; 0.214  ; 0.398        ; 0.184          ; Low Pulse Width  ; clk   ; Rise       ; rbf:inst2|state[2]        ;
; 0.214  ; 0.398        ; 0.184          ; Low Pulse Width  ; clk   ; Rise       ; rbf:inst2|state[3]        ;
; 0.214  ; 0.398        ; 0.184          ; Low Pulse Width  ; clk   ; Rise       ; rr:inst3|state[0]         ;
; 0.214  ; 0.398        ; 0.184          ; Low Pulse Width  ; clk   ; Rise       ; rr:inst3|state[1]         ;
; 0.214  ; 0.398        ; 0.184          ; Low Pulse Width  ; clk   ; Rise       ; rr:inst3|state[2]         ;
; 0.214  ; 0.398        ; 0.184          ; Low Pulse Width  ; clk   ; Rise       ; rr:inst3|state[3]         ;
; 0.214  ; 0.398        ; 0.184          ; Low Pulse Width  ; clk   ; Rise       ; rr:inst3|state[4]         ;
; 0.214  ; 0.398        ; 0.184          ; Low Pulse Width  ; clk   ; Rise       ; rr:inst3|state[5]         ;
; 0.214  ; 0.398        ; 0.184          ; Low Pulse Width  ; clk   ; Rise       ; rr:inst3|state[6]         ;
; 0.214  ; 0.398        ; 0.184          ; Low Pulse Width  ; clk   ; Rise       ; rr:inst3|state[7]         ;
; 0.344  ; 0.344        ; 0.000          ; Low Pulse Width  ; clk   ; Rise       ; clk~input|o               ;
; 0.346  ; 0.346        ; 0.000          ; Low Pulse Width  ; clk   ; Rise       ; clk~inputclkctrl|inclk[0] ;
; 0.346  ; 0.346        ; 0.000          ; Low Pulse Width  ; clk   ; Rise       ; clk~inputclkctrl|outclk   ;
; 0.374  ; 0.374        ; 0.000          ; Low Pulse Width  ; clk   ; Rise       ; inst2|state[0]|clk        ;
; 0.374  ; 0.374        ; 0.000          ; Low Pulse Width  ; clk   ; Rise       ; inst2|state[1]|clk        ;
; 0.374  ; 0.374        ; 0.000          ; Low Pulse Width  ; clk   ; Rise       ; inst2|state[2]|clk        ;
; 0.374  ; 0.374        ; 0.000          ; Low Pulse Width  ; clk   ; Rise       ; inst2|state[3]|clk        ;
; 0.374  ; 0.374        ; 0.000          ; Low Pulse Width  ; clk   ; Rise       ; inst3|state[0]|clk        ;
; 0.374  ; 0.374        ; 0.000          ; Low Pulse Width  ; clk   ; Rise       ; inst3|state[1]|clk        ;
; 0.374  ; 0.374        ; 0.000          ; Low Pulse Width  ; clk   ; Rise       ; inst3|state[2]|clk        ;
; 0.374  ; 0.374        ; 0.000          ; Low Pulse Width  ; clk   ; Rise       ; inst3|state[3]|clk        ;
; 0.374  ; 0.374        ; 0.000          ; Low Pulse Width  ; clk   ; Rise       ; inst3|state[4]|clk        ;
; 0.374  ; 0.374        ; 0.000          ; Low Pulse Width  ; clk   ; Rise       ; inst3|state[5]|clk        ;
; 0.374  ; 0.374        ; 0.000          ; Low Pulse Width  ; clk   ; Rise       ; inst3|state[6]|clk        ;
; 0.374  ; 0.374        ; 0.000          ; Low Pulse Width  ; clk   ; Rise       ; inst3|state[7]|clk        ;
; 0.374  ; 0.374        ; 0.000          ; Low Pulse Width  ; clk   ; Rise       ; inst4|d[0]|clk            ;
; 0.374  ; 0.374        ; 0.000          ; Low Pulse Width  ; clk   ; Rise       ; inst4|d[1]|clk            ;
; 0.374  ; 0.374        ; 0.000          ; Low Pulse Width  ; clk   ; Rise       ; inst|d[0]|clk             ;
; 0.374  ; 0.374        ; 0.000          ; Low Pulse Width  ; clk   ; Rise       ; inst|d[1]|clk             ;
; 0.374  ; 0.374        ; 0.000          ; Low Pulse Width  ; clk   ; Rise       ; inst|d[2]|clk             ;
; 0.374  ; 0.374        ; 0.000          ; Low Pulse Width  ; clk   ; Rise       ; inst|d[3]|clk             ;
; 0.385  ; 0.601        ; 0.216          ; High Pulse Width ; clk   ; Rise       ; kc3_mem:inst4|d[0]        ;
; 0.385  ; 0.601        ; 0.216          ; High Pulse Width ; clk   ; Rise       ; kc3_mem:inst4|d[1]        ;
; 0.385  ; 0.601        ; 0.216          ; High Pulse Width ; clk   ; Rise       ; ra:inst|d[0]              ;
; 0.385  ; 0.601        ; 0.216          ; High Pulse Width ; clk   ; Rise       ; ra:inst|d[1]              ;
; 0.385  ; 0.601        ; 0.216          ; High Pulse Width ; clk   ; Rise       ; ra:inst|d[2]              ;
; 0.385  ; 0.601        ; 0.216          ; High Pulse Width ; clk   ; Rise       ; ra:inst|d[3]              ;
; 0.385  ; 0.601        ; 0.216          ; High Pulse Width ; clk   ; Rise       ; rbf:inst2|state[0]        ;
; 0.385  ; 0.601        ; 0.216          ; High Pulse Width ; clk   ; Rise       ; rbf:inst2|state[1]        ;
; 0.385  ; 0.601        ; 0.216          ; High Pulse Width ; clk   ; Rise       ; rbf:inst2|state[2]        ;
; 0.385  ; 0.601        ; 0.216          ; High Pulse Width ; clk   ; Rise       ; rbf:inst2|state[3]        ;
; 0.385  ; 0.601        ; 0.216          ; High Pulse Width ; clk   ; Rise       ; rr:inst3|state[0]         ;
; 0.385  ; 0.601        ; 0.216          ; High Pulse Width ; clk   ; Rise       ; rr:inst3|state[1]         ;
; 0.385  ; 0.601        ; 0.216          ; High Pulse Width ; clk   ; Rise       ; rr:inst3|state[2]         ;
; 0.385  ; 0.601        ; 0.216          ; High Pulse Width ; clk   ; Rise       ; rr:inst3|state[3]         ;
; 0.385  ; 0.601        ; 0.216          ; High Pulse Width ; clk   ; Rise       ; rr:inst3|state[4]         ;
; 0.385  ; 0.601        ; 0.216          ; High Pulse Width ; clk   ; Rise       ; rr:inst3|state[5]         ;
; 0.385  ; 0.601        ; 0.216          ; High Pulse Width ; clk   ; Rise       ; rr:inst3|state[6]         ;
; 0.385  ; 0.601        ; 0.216          ; High Pulse Width ; clk   ; Rise       ; rr:inst3|state[7]         ;
; 0.500  ; 0.500        ; 0.000          ; High Pulse Width ; clk   ; Rise       ; clk~input|i               ;
; 0.500  ; 0.500        ; 0.000          ; Low Pulse Width  ; clk   ; Rise       ; clk~input|i               ;
; 0.625  ; 0.625        ; 0.000          ; High Pulse Width ; clk   ; Rise       ; inst2|state[0]|clk        ;
; 0.625  ; 0.625        ; 0.000          ; High Pulse Width ; clk   ; Rise       ; inst2|state[1]|clk        ;
; 0.625  ; 0.625        ; 0.000          ; High Pulse Width ; clk   ; Rise       ; inst2|state[2]|clk        ;
; 0.625  ; 0.625        ; 0.000          ; High Pulse Width ; clk   ; Rise       ; inst2|state[3]|clk        ;
; 0.625  ; 0.625        ; 0.000          ; High Pulse Width ; clk   ; Rise       ; inst3|state[0]|clk        ;
; 0.625  ; 0.625        ; 0.000          ; High Pulse Width ; clk   ; Rise       ; inst3|state[1]|clk        ;
; 0.625  ; 0.625        ; 0.000          ; High Pulse Width ; clk   ; Rise       ; inst3|state[2]|clk        ;
; 0.625  ; 0.625        ; 0.000          ; High Pulse Width ; clk   ; Rise       ; inst3|state[3]|clk        ;
; 0.625  ; 0.625        ; 0.000          ; High Pulse Width ; clk   ; Rise       ; inst3|state[4]|clk        ;
; 0.625  ; 0.625        ; 0.000          ; High Pulse Width ; clk   ; Rise       ; inst3|state[5]|clk        ;
; 0.625  ; 0.625        ; 0.000          ; High Pulse Width ; clk   ; Rise       ; inst3|state[6]|clk        ;
; 0.625  ; 0.625        ; 0.000          ; High Pulse Width ; clk   ; Rise       ; inst3|state[7]|clk        ;
; 0.625  ; 0.625        ; 0.000          ; High Pulse Width ; clk   ; Rise       ; inst4|d[0]|clk            ;
; 0.625  ; 0.625        ; 0.000          ; High Pulse Width ; clk   ; Rise       ; inst4|d[1]|clk            ;
; 0.625  ; 0.625        ; 0.000          ; High Pulse Width ; clk   ; Rise       ; inst|d[0]|clk             ;
; 0.625  ; 0.625        ; 0.000          ; High Pulse Width ; clk   ; Rise       ; inst|d[1]|clk             ;
; 0.625  ; 0.625        ; 0.000          ; High Pulse Width ; clk   ; Rise       ; inst|d[2]|clk             ;
; 0.625  ; 0.625        ; 0.000          ; High Pulse Width ; clk   ; Rise       ; inst|d[3]|clk             ;
; 0.654  ; 0.654        ; 0.000          ; High Pulse Width ; clk   ; Rise       ; clk~inputclkctrl|inclk[0] ;
; 0.654  ; 0.654        ; 0.000          ; High Pulse Width ; clk   ; Rise       ; clk~inputclkctrl|outclk   ;
; 0.656  ; 0.656        ; 0.000          ; High Pulse Width ; clk   ; Rise       ; clk~input|o               ;
+--------+--------------+----------------+------------------+-------+------------+---------------------------+


+-------------------------------------------------------------------------+
; Setup Times                                                             ;
+-----------+------------+--------+--------+------------+-----------------+
; Data Port ; Clock Port ; Rise   ; Fall   ; Clock Edge ; Clock Reference ;
+-----------+------------+--------+--------+------------+-----------------+
; a[*]      ; clk        ; 2.165  ; 2.527  ; Rise       ; clk             ;
;  a[0]     ; clk        ; 2.165  ; 2.527  ; Rise       ; clk             ;
;  a[1]     ; clk        ; 2.019  ; 2.387  ; Rise       ; clk             ;
;  a[2]     ; clk        ; -0.186 ; -0.032 ; Rise       ; clk             ;
;  a[3]     ; clk        ; 2.154  ; 2.495  ; Rise       ; clk             ;
; b[*]      ; clk        ; 2.551  ; 2.885  ; Rise       ; clk             ;
;  b[0]     ; clk        ; 2.551  ; 2.885  ; Rise       ; clk             ;
;  b[1]     ; clk        ; 2.035  ; 2.345  ; Rise       ; clk             ;
;  b[2]     ; clk        ; 1.480  ; 1.834  ; Rise       ; clk             ;
;  b[3]     ; clk        ; 1.685  ; 2.073  ; Rise       ; clk             ;
; y[*]      ; clk        ; 5.041  ; 5.330  ; Rise       ; clk             ;
;  y[1]     ; clk        ; 0.246  ; 0.393  ; Rise       ; clk             ;
;  y[2]     ; clk        ; 2.368  ; 2.684  ; Rise       ; clk             ;
;  y[3]     ; clk        ; 1.678  ; 2.008  ; Rise       ; clk             ;
;  y[4]     ; clk        ; 5.041  ; 5.330  ; Rise       ; clk             ;
;  y[5]     ; clk        ; 4.653  ; 5.019  ; Rise       ; clk             ;
;  y[6]     ; clk        ; 1.926  ; 2.252  ; Rise       ; clk             ;
;  y[7]     ; clk        ; 0.710  ; 0.821  ; Rise       ; clk             ;
;  y[8]     ; clk        ; 2.462  ; 2.721  ; Rise       ; clk             ;
;  y[9]     ; clk        ; 4.417  ; 4.737  ; Rise       ; clk             ;
;  y[10]    ; clk        ; 0.231  ; 0.389  ; Rise       ; clk             ;
+-----------+------------+--------+--------+------------+-----------------+


+-------------------------------------------------------------------------+
; Hold Times                                                              ;
+-----------+------------+--------+--------+------------+-----------------+
; Data Port ; Clock Port ; Rise   ; Fall   ; Clock Edge ; Clock Reference ;
+-----------+------------+--------+--------+------------+-----------------+
; a[*]      ; clk        ; 0.449  ; 0.295  ; Rise       ; clk             ;
;  a[0]     ; clk        ; -1.803 ; -2.156 ; Rise       ; clk             ;
;  a[1]     ; clk        ; -1.664 ; -2.022 ; Rise       ; clk             ;
;  a[2]     ; clk        ; 0.449  ; 0.295  ; Rise       ; clk             ;
;  a[3]     ; clk        ; -1.792 ; -2.126 ; Rise       ; clk             ;
; b[*]      ; clk        ; -1.133 ; -1.472 ; Rise       ; clk             ;
;  b[0]     ; clk        ; -2.173 ; -2.499 ; Rise       ; clk             ;
;  b[1]     ; clk        ; -1.678 ; -1.982 ; Rise       ; clk             ;
;  b[2]     ; clk        ; -1.133 ; -1.472 ; Rise       ; clk             ;
;  b[3]     ; clk        ; -1.329 ; -1.701 ; Rise       ; clk             ;
; y[*]      ; clk        ; -0.048 ; -0.205 ; Rise       ; clk             ;
;  y[1]     ; clk        ; -0.062 ; -0.209 ; Rise       ; clk             ;
;  y[2]     ; clk        ; -1.174 ; -1.503 ; Rise       ; clk             ;
;  y[3]     ; clk        ; -1.072 ; -1.408 ; Rise       ; clk             ;
;  y[4]     ; clk        ; -2.830 ; -3.164 ; Rise       ; clk             ;
;  y[5]     ; clk        ; -2.536 ; -2.895 ; Rise       ; clk             ;
;  y[6]     ; clk        ; -1.510 ; -1.871 ; Rise       ; clk             ;
;  y[7]     ; clk        ; -0.506 ; -0.618 ; Rise       ; clk             ;
;  y[8]     ; clk        ; -1.453 ; -1.769 ; Rise       ; clk             ;
;  y[9]     ; clk        ; -2.161 ; -2.521 ; Rise       ; clk             ;
;  y[10]    ; clk        ; -0.048 ; -0.205 ; Rise       ; clk             ;
+-----------+------------+--------+--------+------------+-----------------+


+-------------------------------------------------------------------------+
; Clock to Output Times                                                   ;
+-------------+------------+-------+-------+------------+-----------------+
; Data Port   ; Clock Port ; Rise  ; Fall  ; Clock Edge ; Clock Reference ;
+-------------+------------+-------+-------+------------+-----------------+
; f1          ; clk        ; 5.539 ; 5.457 ; Rise       ; clk             ;
; f2          ; clk        ; 5.612 ; 5.566 ; Rise       ; clk             ;
; f3          ; clk        ; 7.254 ; 7.097 ; Rise       ; clk             ;
; priznak[*]  ; clk        ; 6.079 ; 6.068 ; Rise       ; clk             ;
;  priznak[0] ; clk        ; 6.079 ; 6.068 ; Rise       ; clk             ;
;  priznak[1] ; clk        ; 5.600 ; 5.554 ; Rise       ; clk             ;
; rr[*]       ; clk        ; 6.518 ; 6.501 ; Rise       ; clk             ;
;  rr[0]      ; clk        ; 5.228 ; 5.139 ; Rise       ; clk             ;
;  rr[1]      ; clk        ; 5.950 ; 5.875 ; Rise       ; clk             ;
;  rr[2]      ; clk        ; 5.867 ; 5.793 ; Rise       ; clk             ;
;  rr[3]      ; clk        ; 5.328 ; 5.263 ; Rise       ; clk             ;
;  rr[4]      ; clk        ; 6.047 ; 6.014 ; Rise       ; clk             ;
;  rr[5]      ; clk        ; 5.445 ; 5.355 ; Rise       ; clk             ;
;  rr[6]      ; clk        ; 6.518 ; 6.501 ; Rise       ; clk             ;
;  rr[7]      ; clk        ; 5.302 ; 5.247 ; Rise       ; clk             ;
+-------------+------------+-------+-------+------------+-----------------+


+-------------------------------------------------------------------------+
; Minimum Clock to Output Times                                           ;
+-------------+------------+-------+-------+------------+-----------------+
; Data Port   ; Clock Port ; Rise  ; Fall  ; Clock Edge ; Clock Reference ;
+-------------+------------+-------+-------+------------+-----------------+
; f1          ; clk        ; 5.360 ; 5.278 ; Rise       ; clk             ;
; f2          ; clk        ; 5.423 ; 5.376 ; Rise       ; clk             ;
; f3          ; clk        ; 6.403 ; 6.289 ; Rise       ; clk             ;
; priznak[*]  ; clk        ; 5.414 ; 5.367 ; Rise       ; clk             ;
;  priznak[0] ; clk        ; 5.903 ; 5.891 ; Rise       ; clk             ;
;  priznak[1] ; clk        ; 5.414 ; 5.367 ; Rise       ; clk             ;
; rr[*]       ; clk        ; 5.061 ; 4.972 ; Rise       ; clk             ;
;  rr[0]      ; clk        ; 5.061 ; 4.972 ; Rise       ; clk             ;
;  rr[1]      ; clk        ; 5.755 ; 5.680 ; Rise       ; clk             ;
;  rr[2]      ; clk        ; 5.675 ; 5.600 ; Rise       ; clk             ;
;  rr[3]      ; clk        ; 5.151 ; 5.085 ; Rise       ; clk             ;
;  rr[4]      ; clk        ; 5.870 ; 5.838 ; Rise       ; clk             ;
;  rr[5]      ; clk        ; 5.270 ; 5.180 ; Rise       ; clk             ;
;  rr[6]      ; clk        ; 6.323 ; 6.305 ; Rise       ; clk             ;
;  rr[7]      ; clk        ; 5.127 ; 5.072 ; Rise       ; clk             ;
+-------------+------------+-------+-------+------------+-----------------+


---------------------------------------------
; Slow 1200mV 0C Model Metastability Report ;
---------------------------------------------
No synchronizer chains to report.


+------------------------------------+
; Fast 1200mV 0C Model Setup Summary ;
+-------+--------+-------------------+
; Clock ; Slack  ; End Point TNS     ;
+-------+--------+-------------------+
; clk   ; -1.235 ; -8.880            ;
+-------+--------+-------------------+


+-----------------------------------+
; Fast 1200mV 0C Model Hold Summary ;
+-------+-------+-------------------+
; Clock ; Slack ; End Point TNS     ;
+-------+-------+-------------------+
; clk   ; 0.187 ; 0.000             ;
+-------+-------+-------------------+


-----------------------------------------
; Fast 1200mV 0C Model Recovery Summary ;
-----------------------------------------
No paths to report.


----------------------------------------
; Fast 1200mV 0C Model Removal Summary ;
----------------------------------------
No paths to report.


+--------------------------------------------------+
; Fast 1200mV 0C Model Minimum Pulse Width Summary ;
+-------+--------+---------------------------------+
; Clock ; Slack  ; End Point TNS                   ;
+-------+--------+---------------------------------+
; clk   ; -3.000 ; -21.558                         ;
+-------+--------+---------------------------------+


+-----------------------------------------------------------------------------------------------------------------------+
; Fast 1200mV 0C Model Setup: 'clk'                                                                                     ;
+--------+--------------------+-------------------+--------------+-------------+--------------+------------+------------+
; Slack  ; From Node          ; To Node           ; Launch Clock ; Latch Clock ; Relationship ; Clock Skew ; Data Delay ;
+--------+--------------------+-------------------+--------------+-------------+--------------+------------+------------+
; -1.235 ; rr:inst3|state[3]  ; rr:inst3|state[7] ; clk          ; clk         ; 1.000        ; -0.037     ; 2.185      ;
; -1.231 ; rr:inst3|state[3]  ; rr:inst3|state[6] ; clk          ; clk         ; 1.000        ; -0.037     ; 2.181      ;
; -1.212 ; rr:inst3|state[1]  ; rr:inst3|state[7] ; clk          ; clk         ; 1.000        ; -0.037     ; 2.162      ;
; -1.209 ; rr:inst3|state[0]  ; rr:inst3|state[7] ; clk          ; clk         ; 1.000        ; -0.037     ; 2.159      ;
; -1.208 ; rr:inst3|state[1]  ; rr:inst3|state[6] ; clk          ; clk         ; 1.000        ; -0.037     ; 2.158      ;
; -1.205 ; rr:inst3|state[0]  ; rr:inst3|state[6] ; clk          ; clk         ; 1.000        ; -0.037     ; 2.155      ;
; -1.176 ; rbf:inst2|state[3] ; rr:inst3|state[7] ; clk          ; clk         ; 1.000        ; -0.036     ; 2.127      ;
; -1.172 ; rbf:inst2|state[3] ; rr:inst3|state[6] ; clk          ; clk         ; 1.000        ; -0.036     ; 2.123      ;
; -1.167 ; rr:inst3|state[3]  ; rr:inst3|state[5] ; clk          ; clk         ; 1.000        ; -0.037     ; 2.117      ;
; -1.163 ; rr:inst3|state[3]  ; rr:inst3|state[4] ; clk          ; clk         ; 1.000        ; -0.037     ; 2.113      ;
; -1.145 ; ra:inst|d[0]       ; rr:inst3|state[7] ; clk          ; clk         ; 1.000        ; -0.037     ; 2.095      ;
; -1.144 ; rr:inst3|state[1]  ; rr:inst3|state[5] ; clk          ; clk         ; 1.000        ; -0.037     ; 2.094      ;
; -1.141 ; rr:inst3|state[0]  ; rr:inst3|state[5] ; clk          ; clk         ; 1.000        ; -0.037     ; 2.091      ;
; -1.140 ; rr:inst3|state[1]  ; rr:inst3|state[4] ; clk          ; clk         ; 1.000        ; -0.037     ; 2.090      ;
; -1.137 ; rr:inst3|state[0]  ; rr:inst3|state[4] ; clk          ; clk         ; 1.000        ; -0.037     ; 2.087      ;
; -1.117 ; rr:inst3|state[4]  ; rr:inst3|state[7] ; clk          ; clk         ; 1.000        ; -0.037     ; 2.067      ;
; -1.113 ; rr:inst3|state[4]  ; rr:inst3|state[6] ; clk          ; clk         ; 1.000        ; -0.037     ; 2.063      ;
; -1.113 ; rr:inst3|state[2]  ; rr:inst3|state[7] ; clk          ; clk         ; 1.000        ; -0.037     ; 2.063      ;
; -1.109 ; rr:inst3|state[2]  ; rr:inst3|state[6] ; clk          ; clk         ; 1.000        ; -0.037     ; 2.059      ;
; -1.108 ; rr:inst3|state[7]  ; rr:inst3|state[7] ; clk          ; clk         ; 1.000        ; -0.037     ; 2.058      ;
; -1.108 ; rbf:inst2|state[3] ; rr:inst3|state[5] ; clk          ; clk         ; 1.000        ; -0.036     ; 2.059      ;
; -1.104 ; rr:inst3|state[7]  ; rr:inst3|state[6] ; clk          ; clk         ; 1.000        ; -0.037     ; 2.054      ;
; -1.104 ; rbf:inst2|state[3] ; rr:inst3|state[4] ; clk          ; clk         ; 1.000        ; -0.036     ; 2.055      ;
; -1.099 ; rr:inst3|state[3]  ; rr:inst3|state[3] ; clk          ; clk         ; 1.000        ; -0.037     ; 2.049      ;
; -1.095 ; rr:inst3|state[3]  ; rr:inst3|state[2] ; clk          ; clk         ; 1.000        ; -0.037     ; 2.045      ;
; -1.081 ; ra:inst|d[0]       ; rr:inst3|state[6] ; clk          ; clk         ; 1.000        ; -0.037     ; 2.031      ;
; -1.077 ; ra:inst|d[0]       ; rr:inst3|state[5] ; clk          ; clk         ; 1.000        ; -0.037     ; 2.027      ;
; -1.076 ; rr:inst3|state[1]  ; rr:inst3|state[3] ; clk          ; clk         ; 1.000        ; -0.037     ; 2.026      ;
; -1.073 ; rr:inst3|state[0]  ; rr:inst3|state[3] ; clk          ; clk         ; 1.000        ; -0.037     ; 2.023      ;
; -1.072 ; rr:inst3|state[1]  ; rr:inst3|state[2] ; clk          ; clk         ; 1.000        ; -0.037     ; 2.022      ;
; -1.072 ; rr:inst3|state[5]  ; rr:inst3|state[7] ; clk          ; clk         ; 1.000        ; -0.037     ; 2.022      ;
; -1.069 ; rr:inst3|state[0]  ; rr:inst3|state[2] ; clk          ; clk         ; 1.000        ; -0.037     ; 2.019      ;
; -1.068 ; rr:inst3|state[5]  ; rr:inst3|state[6] ; clk          ; clk         ; 1.000        ; -0.037     ; 2.018      ;
; -1.059 ; rr:inst3|state[6]  ; rr:inst3|state[7] ; clk          ; clk         ; 1.000        ; -0.037     ; 2.009      ;
; -1.055 ; rr:inst3|state[6]  ; rr:inst3|state[6] ; clk          ; clk         ; 1.000        ; -0.037     ; 2.005      ;
; -1.049 ; rr:inst3|state[4]  ; rr:inst3|state[5] ; clk          ; clk         ; 1.000        ; -0.037     ; 1.999      ;
; -1.045 ; rr:inst3|state[4]  ; rr:inst3|state[4] ; clk          ; clk         ; 1.000        ; -0.037     ; 1.995      ;
; -1.045 ; rr:inst3|state[2]  ; rr:inst3|state[5] ; clk          ; clk         ; 1.000        ; -0.037     ; 1.995      ;
; -1.041 ; rr:inst3|state[2]  ; rr:inst3|state[4] ; clk          ; clk         ; 1.000        ; -0.037     ; 1.991      ;
; -1.040 ; rr:inst3|state[7]  ; rr:inst3|state[5] ; clk          ; clk         ; 1.000        ; -0.037     ; 1.990      ;
; -1.040 ; rbf:inst2|state[3] ; rr:inst3|state[3] ; clk          ; clk         ; 1.000        ; -0.036     ; 1.991      ;
; -1.036 ; rr:inst3|state[7]  ; rr:inst3|state[4] ; clk          ; clk         ; 1.000        ; -0.037     ; 1.986      ;
; -1.036 ; rbf:inst2|state[3] ; rr:inst3|state[2] ; clk          ; clk         ; 1.000        ; -0.036     ; 1.987      ;
; -1.034 ; rbf:inst2|state[2] ; rr:inst3|state[7] ; clk          ; clk         ; 1.000        ; -0.037     ; 1.984      ;
; -1.031 ; rr:inst3|state[3]  ; rr:inst3|state[1] ; clk          ; clk         ; 1.000        ; -0.037     ; 1.981      ;
; -1.030 ; rbf:inst2|state[2] ; rr:inst3|state[6] ; clk          ; clk         ; 1.000        ; -0.037     ; 1.980      ;
; -1.029 ; rbf:inst2|state[1] ; rr:inst3|state[7] ; clk          ; clk         ; 1.000        ; -0.037     ; 1.979      ;
; -1.025 ; rbf:inst2|state[1] ; rr:inst3|state[6] ; clk          ; clk         ; 1.000        ; -0.037     ; 1.975      ;
; -1.013 ; ra:inst|d[0]       ; rr:inst3|state[4] ; clk          ; clk         ; 1.000        ; -0.037     ; 1.963      ;
; -1.009 ; ra:inst|d[0]       ; rr:inst3|state[3] ; clk          ; clk         ; 1.000        ; -0.037     ; 1.959      ;
; -1.008 ; rr:inst3|state[1]  ; rr:inst3|state[1] ; clk          ; clk         ; 1.000        ; -0.037     ; 1.958      ;
; -1.005 ; ra:inst|d[2]       ; rr:inst3|state[7] ; clk          ; clk         ; 1.000        ; -0.037     ; 1.955      ;
; -1.005 ; rbf:inst2|state[0] ; rr:inst3|state[7] ; clk          ; clk         ; 1.000        ; -0.037     ; 1.955      ;
; -1.005 ; rr:inst3|state[0]  ; rr:inst3|state[1] ; clk          ; clk         ; 1.000        ; -0.037     ; 1.955      ;
; -1.004 ; rr:inst3|state[5]  ; rr:inst3|state[5] ; clk          ; clk         ; 1.000        ; -0.037     ; 1.954      ;
; -1.000 ; rr:inst3|state[5]  ; rr:inst3|state[4] ; clk          ; clk         ; 1.000        ; -0.037     ; 1.950      ;
; -0.991 ; rr:inst3|state[6]  ; rr:inst3|state[5] ; clk          ; clk         ; 1.000        ; -0.037     ; 1.941      ;
; -0.987 ; rr:inst3|state[6]  ; rr:inst3|state[4] ; clk          ; clk         ; 1.000        ; -0.037     ; 1.937      ;
; -0.981 ; rr:inst3|state[4]  ; rr:inst3|state[3] ; clk          ; clk         ; 1.000        ; -0.037     ; 1.931      ;
; -0.980 ; rbf:inst2|state[0] ; rr:inst3|state[6] ; clk          ; clk         ; 1.000        ; -0.037     ; 1.930      ;
; -0.979 ; ra:inst|d[1]       ; rr:inst3|state[7] ; clk          ; clk         ; 1.000        ; -0.037     ; 1.929      ;
; -0.977 ; rr:inst3|state[4]  ; rr:inst3|state[2] ; clk          ; clk         ; 1.000        ; -0.037     ; 1.927      ;
; -0.977 ; rr:inst3|state[2]  ; rr:inst3|state[3] ; clk          ; clk         ; 1.000        ; -0.037     ; 1.927      ;
; -0.975 ; ra:inst|d[1]       ; rr:inst3|state[6] ; clk          ; clk         ; 1.000        ; -0.037     ; 1.925      ;
; -0.973 ; rr:inst3|state[2]  ; rr:inst3|state[2] ; clk          ; clk         ; 1.000        ; -0.037     ; 1.923      ;
; -0.972 ; rr:inst3|state[7]  ; rr:inst3|state[3] ; clk          ; clk         ; 1.000        ; -0.037     ; 1.922      ;
; -0.972 ; rbf:inst2|state[3] ; rr:inst3|state[1] ; clk          ; clk         ; 1.000        ; -0.036     ; 1.923      ;
; -0.968 ; rr:inst3|state[7]  ; rr:inst3|state[2] ; clk          ; clk         ; 1.000        ; -0.037     ; 1.918      ;
; -0.966 ; rbf:inst2|state[2] ; rr:inst3|state[5] ; clk          ; clk         ; 1.000        ; -0.037     ; 1.916      ;
; -0.964 ; ra:inst|d[3]       ; rr:inst3|state[7] ; clk          ; clk         ; 1.000        ; -0.037     ; 1.914      ;
; -0.962 ; rbf:inst2|state[2] ; rr:inst3|state[4] ; clk          ; clk         ; 1.000        ; -0.037     ; 1.912      ;
; -0.961 ; rbf:inst2|state[1] ; rr:inst3|state[5] ; clk          ; clk         ; 1.000        ; -0.037     ; 1.911      ;
; -0.957 ; rbf:inst2|state[1] ; rr:inst3|state[4] ; clk          ; clk         ; 1.000        ; -0.037     ; 1.907      ;
; -0.945 ; ra:inst|d[0]       ; rr:inst3|state[2] ; clk          ; clk         ; 1.000        ; -0.037     ; 1.895      ;
; -0.941 ; ra:inst|d[2]       ; rr:inst3|state[6] ; clk          ; clk         ; 1.000        ; -0.037     ; 1.891      ;
; -0.941 ; ra:inst|d[0]       ; rr:inst3|state[1] ; clk          ; clk         ; 1.000        ; -0.037     ; 1.891      ;
; -0.937 ; ra:inst|d[2]       ; rr:inst3|state[5] ; clk          ; clk         ; 1.000        ; -0.037     ; 1.887      ;
; -0.937 ; rbf:inst2|state[0] ; rr:inst3|state[5] ; clk          ; clk         ; 1.000        ; -0.037     ; 1.887      ;
; -0.936 ; rr:inst3|state[5]  ; rr:inst3|state[3] ; clk          ; clk         ; 1.000        ; -0.037     ; 1.886      ;
; -0.934 ; ra:inst|d[3]       ; rr:inst3|state[6] ; clk          ; clk         ; 1.000        ; -0.037     ; 1.884      ;
; -0.932 ; rr:inst3|state[5]  ; rr:inst3|state[2] ; clk          ; clk         ; 1.000        ; -0.037     ; 1.882      ;
; -0.923 ; rr:inst3|state[6]  ; rr:inst3|state[3] ; clk          ; clk         ; 1.000        ; -0.037     ; 1.873      ;
; -0.919 ; rr:inst3|state[6]  ; rr:inst3|state[2] ; clk          ; clk         ; 1.000        ; -0.037     ; 1.869      ;
; -0.913 ; rr:inst3|state[4]  ; rr:inst3|state[1] ; clk          ; clk         ; 1.000        ; -0.037     ; 1.863      ;
; -0.912 ; rbf:inst2|state[0] ; rr:inst3|state[4] ; clk          ; clk         ; 1.000        ; -0.037     ; 1.862      ;
; -0.911 ; ra:inst|d[1]       ; rr:inst3|state[5] ; clk          ; clk         ; 1.000        ; -0.037     ; 1.861      ;
; -0.909 ; rr:inst3|state[2]  ; rr:inst3|state[1] ; clk          ; clk         ; 1.000        ; -0.037     ; 1.859      ;
; -0.907 ; ra:inst|d[1]       ; rr:inst3|state[4] ; clk          ; clk         ; 1.000        ; -0.037     ; 1.857      ;
; -0.904 ; rr:inst3|state[7]  ; rr:inst3|state[1] ; clk          ; clk         ; 1.000        ; -0.037     ; 1.854      ;
; -0.898 ; rbf:inst2|state[2] ; rr:inst3|state[3] ; clk          ; clk         ; 1.000        ; -0.037     ; 1.848      ;
; -0.896 ; ra:inst|d[3]       ; rr:inst3|state[5] ; clk          ; clk         ; 1.000        ; -0.037     ; 1.846      ;
; -0.894 ; rbf:inst2|state[2] ; rr:inst3|state[2] ; clk          ; clk         ; 1.000        ; -0.037     ; 1.844      ;
; -0.893 ; rbf:inst2|state[1] ; rr:inst3|state[3] ; clk          ; clk         ; 1.000        ; -0.037     ; 1.843      ;
; -0.889 ; rbf:inst2|state[1] ; rr:inst3|state[2] ; clk          ; clk         ; 1.000        ; -0.037     ; 1.839      ;
; -0.873 ; ra:inst|d[2]       ; rr:inst3|state[4] ; clk          ; clk         ; 1.000        ; -0.037     ; 1.823      ;
; -0.869 ; ra:inst|d[2]       ; rr:inst3|state[3] ; clk          ; clk         ; 1.000        ; -0.037     ; 1.819      ;
; -0.869 ; rbf:inst2|state[0] ; rr:inst3|state[3] ; clk          ; clk         ; 1.000        ; -0.037     ; 1.819      ;
; -0.868 ; rr:inst3|state[5]  ; rr:inst3|state[1] ; clk          ; clk         ; 1.000        ; -0.037     ; 1.818      ;
; -0.866 ; ra:inst|d[3]       ; rr:inst3|state[4] ; clk          ; clk         ; 1.000        ; -0.037     ; 1.816      ;
; -0.859 ; rr:inst3|state[3]  ; rr:inst3|state[0] ; clk          ; clk         ; 1.000        ; -0.037     ; 1.809      ;
+--------+--------------------+-------------------+--------------+-------------+--------------+------------+------------+


+-----------------------------------------------------------------------------------------------------------------------+
; Fast 1200mV 0C Model Hold: 'clk'                                                                                      ;
+-------+--------------------+--------------------+--------------+-------------+--------------+------------+------------+
; Slack ; From Node          ; To Node            ; Launch Clock ; Latch Clock ; Relationship ; Clock Skew ; Data Delay ;
+-------+--------------------+--------------------+--------------+-------------+--------------+------------+------------+
; 0.187 ; rbf:inst2|state[3] ; rbf:inst2|state[3] ; clk          ; clk         ; 0.000        ; 0.036      ; 0.307      ;
; 0.283 ; rr:inst3|state[2]  ; rr:inst3|state[3]  ; clk          ; clk         ; 0.000        ; 0.037      ; 0.404      ;
; 0.283 ; rr:inst3|state[5]  ; rr:inst3|state[6]  ; clk          ; clk         ; 0.000        ; 0.037      ; 0.404      ;
; 0.291 ; rr:inst3|state[0]  ; rr:inst3|state[1]  ; clk          ; clk         ; 0.000        ; 0.037      ; 0.412      ;
; 0.350 ; rr:inst3|state[6]  ; rr:inst3|state[7]  ; clk          ; clk         ; 0.000        ; 0.037      ; 0.471      ;
; 0.355 ; rr:inst3|state[1]  ; rr:inst3|state[2]  ; clk          ; clk         ; 0.000        ; 0.037      ; 0.476      ;
; 0.363 ; rr:inst3|state[3]  ; rr:inst3|state[4]  ; clk          ; clk         ; 0.000        ; 0.037      ; 0.484      ;
; 0.372 ; rbf:inst2|state[1] ; rbf:inst2|state[2] ; clk          ; clk         ; 0.000        ; 0.037      ; 0.493      ;
; 0.426 ; rr:inst3|state[4]  ; kc3_mem:inst4|d[0] ; clk          ; clk         ; 0.000        ; 0.036      ; 0.546      ;
; 0.489 ; rr:inst3|state[4]  ; rr:inst3|state[5]  ; clk          ; clk         ; 0.000        ; 0.037      ; 0.610      ;
; 0.493 ; rr:inst3|state[3]  ; kc3_mem:inst4|d[1] ; clk          ; clk         ; 0.000        ; 0.036      ; 0.613      ;
; 0.495 ; rr:inst3|state[3]  ; kc3_mem:inst4|d[0] ; clk          ; clk         ; 0.000        ; 0.036      ; 0.615      ;
; 0.517 ; rr:inst3|state[2]  ; kc3_mem:inst4|d[1] ; clk          ; clk         ; 0.000        ; 0.036      ; 0.637      ;
; 0.539 ; rr:inst3|state[1]  ; kc3_mem:inst4|d[1] ; clk          ; clk         ; 0.000        ; 0.036      ; 0.659      ;
; 0.558 ; rr:inst3|state[4]  ; kc3_mem:inst4|d[1] ; clk          ; clk         ; 0.000        ; 0.036      ; 0.678      ;
; 0.669 ; rbf:inst2|state[0] ; rbf:inst2|state[1] ; clk          ; clk         ; 0.000        ; 0.037      ; 0.790      ;
; 0.700 ; rr:inst3|state[0]  ; kc3_mem:inst4|d[1] ; clk          ; clk         ; 0.000        ; 0.036      ; 0.820      ;
; 0.738 ; rr:inst3|state[7]  ; rr:inst3|state[0]  ; clk          ; clk         ; 0.000        ; 0.037      ; 0.859      ;
; 0.773 ; rbf:inst2|state[1] ; rr:inst3|state[1]  ; clk          ; clk         ; 0.000        ; 0.037      ; 0.894      ;
; 0.774 ; ra:inst|d[1]       ; rr:inst3|state[1]  ; clk          ; clk         ; 0.000        ; 0.037      ; 0.895      ;
; 0.777 ; ra:inst|d[2]       ; rr:inst3|state[2]  ; clk          ; clk         ; 0.000        ; 0.037      ; 0.898      ;
; 0.788 ; ra:inst|d[3]       ; rr:inst3|state[5]  ; clk          ; clk         ; 0.000        ; 0.037      ; 0.909      ;
; 0.790 ; ra:inst|d[3]       ; rr:inst3|state[3]  ; clk          ; clk         ; 0.000        ; 0.037      ; 0.911      ;
; 0.799 ; ra:inst|d[3]       ; rr:inst3|state[6]  ; clk          ; clk         ; 0.000        ; 0.037      ; 0.920      ;
; 0.800 ; ra:inst|d[3]       ; rr:inst3|state[4]  ; clk          ; clk         ; 0.000        ; 0.037      ; 0.921      ;
; 0.864 ; rbf:inst2|state[0] ; rr:inst3|state[0]  ; clk          ; clk         ; 0.000        ; 0.037      ; 0.985      ;
; 0.867 ; rbf:inst2|state[2] ; rr:inst3|state[2]  ; clk          ; clk         ; 0.000        ; 0.037      ; 0.988      ;
; 0.887 ; ra:inst|d[3]       ; rr:inst3|state[7]  ; clk          ; clk         ; 0.000        ; 0.037      ; 1.008      ;
; 0.908 ; rr:inst3|state[5]  ; rr:inst3|state[5]  ; clk          ; clk         ; 0.000        ; 0.037      ; 1.029      ;
; 0.914 ; ra:inst|d[2]       ; rr:inst3|state[3]  ; clk          ; clk         ; 0.000        ; 0.037      ; 1.035      ;
; 0.922 ; rbf:inst2|state[1] ; rr:inst3|state[2]  ; clk          ; clk         ; 0.000        ; 0.037      ; 1.043      ;
; 0.922 ; rbf:inst2|state[3] ; rr:inst3|state[5]  ; clk          ; clk         ; 0.000        ; 0.037      ; 1.043      ;
; 0.923 ; ra:inst|d[1]       ; rr:inst3|state[2]  ; clk          ; clk         ; 0.000        ; 0.037      ; 1.044      ;
; 0.926 ; rr:inst3|state[1]  ; rr:inst3|state[1]  ; clk          ; clk         ; 0.000        ; 0.037      ; 1.047      ;
; 0.927 ; ra:inst|d[1]       ; rr:inst3|state[3]  ; clk          ; clk         ; 0.000        ; 0.037      ; 1.048      ;
; 0.933 ; rbf:inst2|state[0] ; rr:inst3|state[1]  ; clk          ; clk         ; 0.000        ; 0.037      ; 1.054      ;
; 0.933 ; ra:inst|d[0]       ; rr:inst3|state[0]  ; clk          ; clk         ; 0.000        ; 0.037      ; 1.054      ;
; 0.933 ; rr:inst3|state[2]  ; rr:inst3|state[2]  ; clk          ; clk         ; 0.000        ; 0.037      ; 1.054      ;
; 0.934 ; rbf:inst2|state[3] ; rr:inst3|state[3]  ; clk          ; clk         ; 0.000        ; 0.037      ; 1.055      ;
; 0.937 ; rbf:inst2|state[3] ; rr:inst3|state[4]  ; clk          ; clk         ; 0.000        ; 0.037      ; 1.058      ;
; 0.938 ; ra:inst|d[2]       ; rr:inst3|state[4]  ; clk          ; clk         ; 0.000        ; 0.037      ; 1.059      ;
; 0.938 ; rbf:inst2|state[0] ; rr:inst3|state[2]  ; clk          ; clk         ; 0.000        ; 0.037      ; 1.059      ;
; 0.944 ; rbf:inst2|state[3] ; rr:inst3|state[6]  ; clk          ; clk         ; 0.000        ; 0.037      ; 1.065      ;
; 0.957 ; rr:inst3|state[3]  ; rr:inst3|state[3]  ; clk          ; clk         ; 0.000        ; 0.037      ; 1.078      ;
; 0.967 ; rr:inst3|state[6]  ; rr:inst3|state[6]  ; clk          ; clk         ; 0.000        ; 0.037      ; 1.088      ;
; 0.972 ; rr:inst3|state[4]  ; rr:inst3|state[4]  ; clk          ; clk         ; 0.000        ; 0.037      ; 1.093      ;
; 0.976 ; rbf:inst2|state[1] ; rr:inst3|state[3]  ; clk          ; clk         ; 0.000        ; 0.037      ; 1.097      ;
; 0.978 ; ra:inst|d[3]       ; rr:inst3|state[0]  ; clk          ; clk         ; 0.000        ; 0.037      ; 1.099      ;
; 0.980 ; ra:inst|d[2]       ; rr:inst3|state[5]  ; clk          ; clk         ; 0.000        ; 0.037      ; 1.101      ;
; 0.988 ; rbf:inst2|state[1] ; rr:inst3|state[4]  ; clk          ; clk         ; 0.000        ; 0.037      ; 1.109      ;
; 0.989 ; ra:inst|d[1]       ; rr:inst3|state[4]  ; clk          ; clk         ; 0.000        ; 0.037      ; 1.110      ;
; 0.990 ; rbf:inst2|state[0] ; rr:inst3|state[3]  ; clk          ; clk         ; 0.000        ; 0.037      ; 1.111      ;
; 0.992 ; ra:inst|d[0]       ; rr:inst3|state[1]  ; clk          ; clk         ; 0.000        ; 0.037      ; 1.113      ;
; 0.993 ; ra:inst|d[1]       ; rr:inst3|state[5]  ; clk          ; clk         ; 0.000        ; 0.037      ; 1.114      ;
; 1.003 ; rbf:inst2|state[0] ; rr:inst3|state[4]  ; clk          ; clk         ; 0.000        ; 0.037      ; 1.124      ;
; 1.004 ; ra:inst|d[2]       ; rr:inst3|state[6]  ; clk          ; clk         ; 0.000        ; 0.037      ; 1.125      ;
; 1.014 ; rbf:inst2|state[2] ; rr:inst3|state[3]  ; clk          ; clk         ; 0.000        ; 0.037      ; 1.135      ;
; 1.027 ; rbf:inst2|state[2] ; rr:inst3|state[4]  ; clk          ; clk         ; 0.000        ; 0.037      ; 1.148      ;
; 1.034 ; rbf:inst2|state[3] ; rr:inst3|state[7]  ; clk          ; clk         ; 0.000        ; 0.037      ; 1.155      ;
; 1.042 ; rbf:inst2|state[1] ; rr:inst3|state[5]  ; clk          ; clk         ; 0.000        ; 0.037      ; 1.163      ;
; 1.049 ; ra:inst|d[0]       ; rr:inst3|state[3]  ; clk          ; clk         ; 0.000        ; 0.037      ; 1.170      ;
; 1.052 ; rr:inst3|state[0]  ; rr:inst3|state[0]  ; clk          ; clk         ; 0.000        ; 0.037      ; 1.173      ;
; 1.054 ; rbf:inst2|state[1] ; rr:inst3|state[6]  ; clk          ; clk         ; 0.000        ; 0.037      ; 1.175      ;
; 1.055 ; ra:inst|d[1]       ; rr:inst3|state[6]  ; clk          ; clk         ; 0.000        ; 0.037      ; 1.176      ;
; 1.056 ; rr:inst3|state[7]  ; rr:inst3|state[7]  ; clk          ; clk         ; 0.000        ; 0.037      ; 1.177      ;
; 1.056 ; rbf:inst2|state[0] ; rr:inst3|state[5]  ; clk          ; clk         ; 0.000        ; 0.037      ; 1.177      ;
; 1.057 ; ra:inst|d[0]       ; rr:inst3|state[2]  ; clk          ; clk         ; 0.000        ; 0.037      ; 1.178      ;
; 1.067 ; ra:inst|d[2]       ; rr:inst3|state[7]  ; clk          ; clk         ; 0.000        ; 0.037      ; 1.188      ;
; 1.070 ; rbf:inst2|state[0] ; rr:inst3|state[6]  ; clk          ; clk         ; 0.000        ; 0.037      ; 1.191      ;
; 1.080 ; rbf:inst2|state[2] ; rr:inst3|state[5]  ; clk          ; clk         ; 0.000        ; 0.037      ; 1.201      ;
; 1.093 ; rr:inst3|state[2]  ; rr:inst3|state[4]  ; clk          ; clk         ; 0.000        ; 0.037      ; 1.214      ;
; 1.094 ; rbf:inst2|state[2] ; rr:inst3|state[6]  ; clk          ; clk         ; 0.000        ; 0.037      ; 1.215      ;
; 1.100 ; rbf:inst2|state[3] ; rr:inst3|state[0]  ; clk          ; clk         ; 0.000        ; 0.037      ; 1.221      ;
; 1.115 ; ra:inst|d[0]       ; rr:inst3|state[5]  ; clk          ; clk         ; 0.000        ; 0.037      ; 1.236      ;
; 1.117 ; rbf:inst2|state[1] ; rr:inst3|state[7]  ; clk          ; clk         ; 0.000        ; 0.037      ; 1.238      ;
; 1.118 ; ra:inst|d[1]       ; rr:inst3|state[7]  ; clk          ; clk         ; 0.000        ; 0.037      ; 1.239      ;
; 1.120 ; rr:inst3|state[5]  ; rr:inst3|state[7]  ; clk          ; clk         ; 0.000        ; 0.037      ; 1.241      ;
; 1.122 ; ra:inst|d[0]       ; rr:inst3|state[4]  ; clk          ; clk         ; 0.000        ; 0.037      ; 1.243      ;
; 1.126 ; rr:inst3|state[0]  ; rr:inst3|state[2]  ; clk          ; clk         ; 0.000        ; 0.037      ; 1.247      ;
; 1.128 ; rbf:inst2|state[1] ; rr:inst3|state[0]  ; clk          ; clk         ; 0.000        ; 0.037      ; 1.249      ;
; 1.129 ; rr:inst3|state[1]  ; rr:inst3|state[3]  ; clk          ; clk         ; 0.000        ; 0.037      ; 1.250      ;
; 1.130 ; ra:inst|d[3]       ; rr:inst3|state[1]  ; clk          ; clk         ; 0.000        ; 0.037      ; 1.251      ;
; 1.133 ; rr:inst3|state[4]  ; rr:inst3|state[6]  ; clk          ; clk         ; 0.000        ; 0.037      ; 1.254      ;
; 1.133 ; ra:inst|d[2]       ; rr:inst3|state[0]  ; clk          ; clk         ; 0.000        ; 0.037      ; 1.254      ;
; 1.134 ; ra:inst|d[3]       ; rr:inst3|state[2]  ; clk          ; clk         ; 0.000        ; 0.037      ; 1.255      ;
; 1.134 ; rr:inst3|state[6]  ; rr:inst3|state[0]  ; clk          ; clk         ; 0.000        ; 0.037      ; 1.255      ;
; 1.140 ; rr:inst3|state[5]  ; rr:inst3|state[0]  ; clk          ; clk         ; 0.000        ; 0.037      ; 1.261      ;
; 1.141 ; rr:inst3|state[1]  ; rr:inst3|state[4]  ; clk          ; clk         ; 0.000        ; 0.037      ; 1.262      ;
; 1.146 ; rr:inst3|state[2]  ; rr:inst3|state[5]  ; clk          ; clk         ; 0.000        ; 0.037      ; 1.267      ;
; 1.146 ; ra:inst|d[1]       ; rr:inst3|state[0]  ; clk          ; clk         ; 0.000        ; 0.037      ; 1.267      ;
; 1.157 ; rbf:inst2|state[2] ; rr:inst3|state[7]  ; clk          ; clk         ; 0.000        ; 0.037      ; 1.278      ;
; 1.160 ; rr:inst3|state[2]  ; rr:inst3|state[6]  ; clk          ; clk         ; 0.000        ; 0.037      ; 1.281      ;
; 1.166 ; rbf:inst2|state[2] ; rr:inst3|state[0]  ; clk          ; clk         ; 0.000        ; 0.037      ; 1.287      ;
; 1.169 ; rr:inst3|state[3]  ; rr:inst3|state[5]  ; clk          ; clk         ; 0.000        ; 0.037      ; 1.290      ;
; 1.172 ; rr:inst3|state[3]  ; rr:inst3|state[6]  ; clk          ; clk         ; 0.000        ; 0.037      ; 1.293      ;
; 1.178 ; rr:inst3|state[0]  ; rr:inst3|state[3]  ; clk          ; clk         ; 0.000        ; 0.037      ; 1.299      ;
; 1.189 ; ra:inst|d[0]       ; rr:inst3|state[6]  ; clk          ; clk         ; 0.000        ; 0.037      ; 1.310      ;
; 1.191 ; rr:inst3|state[0]  ; rr:inst3|state[4]  ; clk          ; clk         ; 0.000        ; 0.037      ; 1.312      ;
; 1.195 ; rr:inst3|state[1]  ; rr:inst3|state[5]  ; clk          ; clk         ; 0.000        ; 0.037      ; 1.316      ;
; 1.196 ; rr:inst3|state[4]  ; rr:inst3|state[7]  ; clk          ; clk         ; 0.000        ; 0.037      ; 1.317      ;
+-------+--------------------+--------------------+--------------+-------------+--------------+------------+------------+


+------------------------------------------------------------------------------------------------------------+
; Fast 1200mV 0C Model Minimum Pulse Width: 'clk'                                                            ;
+--------+--------------+----------------+------------------+-------+------------+---------------------------+
; Slack  ; Actual Width ; Required Width ; Type             ; Clock ; Clock Edge ; Target                    ;
+--------+--------------+----------------+------------------+-------+------------+---------------------------+
; -3.000 ; 1.000        ; 4.000          ; Port Rate        ; clk   ; Rise       ; clk                       ;
; -1.000 ; 1.000        ; 2.000          ; Min Period       ; clk   ; Rise       ; kc3_mem:inst4|d[0]        ;
; -1.000 ; 1.000        ; 2.000          ; Min Period       ; clk   ; Rise       ; kc3_mem:inst4|d[1]        ;
; -1.000 ; 1.000        ; 2.000          ; Min Period       ; clk   ; Rise       ; ra:inst|d[0]              ;
; -1.000 ; 1.000        ; 2.000          ; Min Period       ; clk   ; Rise       ; ra:inst|d[1]              ;
; -1.000 ; 1.000        ; 2.000          ; Min Period       ; clk   ; Rise       ; ra:inst|d[2]              ;
; -1.000 ; 1.000        ; 2.000          ; Min Period       ; clk   ; Rise       ; ra:inst|d[3]              ;
; -1.000 ; 1.000        ; 2.000          ; Min Period       ; clk   ; Rise       ; rbf:inst2|state[0]        ;
; -1.000 ; 1.000        ; 2.000          ; Min Period       ; clk   ; Rise       ; rbf:inst2|state[1]        ;
; -1.000 ; 1.000        ; 2.000          ; Min Period       ; clk   ; Rise       ; rbf:inst2|state[2]        ;
; -1.000 ; 1.000        ; 2.000          ; Min Period       ; clk   ; Rise       ; rbf:inst2|state[3]        ;
; -1.000 ; 1.000        ; 2.000          ; Min Period       ; clk   ; Rise       ; rr:inst3|state[0]         ;
; -1.000 ; 1.000        ; 2.000          ; Min Period       ; clk   ; Rise       ; rr:inst3|state[1]         ;
; -1.000 ; 1.000        ; 2.000          ; Min Period       ; clk   ; Rise       ; rr:inst3|state[2]         ;
; -1.000 ; 1.000        ; 2.000          ; Min Period       ; clk   ; Rise       ; rr:inst3|state[3]         ;
; -1.000 ; 1.000        ; 2.000          ; Min Period       ; clk   ; Rise       ; rr:inst3|state[4]         ;
; -1.000 ; 1.000        ; 2.000          ; Min Period       ; clk   ; Rise       ; rr:inst3|state[5]         ;
; -1.000 ; 1.000        ; 2.000          ; Min Period       ; clk   ; Rise       ; rr:inst3|state[6]         ;
; -1.000 ; 1.000        ; 2.000          ; Min Period       ; clk   ; Rise       ; rr:inst3|state[7]         ;
; -0.031 ; 0.153        ; 0.184          ; Low Pulse Width  ; clk   ; Rise       ; kc3_mem:inst4|d[0]        ;
; -0.031 ; 0.153        ; 0.184          ; Low Pulse Width  ; clk   ; Rise       ; kc3_mem:inst4|d[1]        ;
; -0.031 ; 0.153        ; 0.184          ; Low Pulse Width  ; clk   ; Rise       ; ra:inst|d[0]              ;
; -0.031 ; 0.153        ; 0.184          ; Low Pulse Width  ; clk   ; Rise       ; ra:inst|d[1]              ;
; -0.031 ; 0.153        ; 0.184          ; Low Pulse Width  ; clk   ; Rise       ; ra:inst|d[2]              ;
; -0.031 ; 0.153        ; 0.184          ; Low Pulse Width  ; clk   ; Rise       ; ra:inst|d[3]              ;
; -0.031 ; 0.153        ; 0.184          ; Low Pulse Width  ; clk   ; Rise       ; rbf:inst2|state[0]        ;
; -0.031 ; 0.153        ; 0.184          ; Low Pulse Width  ; clk   ; Rise       ; rbf:inst2|state[1]        ;
; -0.031 ; 0.153        ; 0.184          ; Low Pulse Width  ; clk   ; Rise       ; rbf:inst2|state[2]        ;
; -0.031 ; 0.153        ; 0.184          ; Low Pulse Width  ; clk   ; Rise       ; rbf:inst2|state[3]        ;
; -0.031 ; 0.153        ; 0.184          ; Low Pulse Width  ; clk   ; Rise       ; rr:inst3|state[0]         ;
; -0.031 ; 0.153        ; 0.184          ; Low Pulse Width  ; clk   ; Rise       ; rr:inst3|state[1]         ;
; -0.031 ; 0.153        ; 0.184          ; Low Pulse Width  ; clk   ; Rise       ; rr:inst3|state[2]         ;
; -0.031 ; 0.153        ; 0.184          ; Low Pulse Width  ; clk   ; Rise       ; rr:inst3|state[3]         ;
; -0.031 ; 0.153        ; 0.184          ; Low Pulse Width  ; clk   ; Rise       ; rr:inst3|state[4]         ;
; -0.031 ; 0.153        ; 0.184          ; Low Pulse Width  ; clk   ; Rise       ; rr:inst3|state[5]         ;
; -0.031 ; 0.153        ; 0.184          ; Low Pulse Width  ; clk   ; Rise       ; rr:inst3|state[6]         ;
; -0.031 ; 0.153        ; 0.184          ; Low Pulse Width  ; clk   ; Rise       ; rr:inst3|state[7]         ;
; 0.125  ; 0.125        ; 0.000          ; Low Pulse Width  ; clk   ; Rise       ; clk~input|o               ;
; 0.139  ; 0.139        ; 0.000          ; Low Pulse Width  ; clk   ; Rise       ; clk~inputclkctrl|inclk[0] ;
; 0.139  ; 0.139        ; 0.000          ; Low Pulse Width  ; clk   ; Rise       ; clk~inputclkctrl|outclk   ;
; 0.148  ; 0.148        ; 0.000          ; Low Pulse Width  ; clk   ; Rise       ; inst2|state[0]|clk        ;
; 0.148  ; 0.148        ; 0.000          ; Low Pulse Width  ; clk   ; Rise       ; inst2|state[1]|clk        ;
; 0.148  ; 0.148        ; 0.000          ; Low Pulse Width  ; clk   ; Rise       ; inst4|d[0]|clk            ;
; 0.148  ; 0.148        ; 0.000          ; Low Pulse Width  ; clk   ; Rise       ; inst4|d[1]|clk            ;
; 0.148  ; 0.148        ; 0.000          ; Low Pulse Width  ; clk   ; Rise       ; inst|d[0]|clk             ;
; 0.148  ; 0.148        ; 0.000          ; Low Pulse Width  ; clk   ; Rise       ; inst|d[1]|clk             ;
; 0.148  ; 0.148        ; 0.000          ; Low Pulse Width  ; clk   ; Rise       ; inst|d[2]|clk             ;
; 0.148  ; 0.148        ; 0.000          ; Low Pulse Width  ; clk   ; Rise       ; inst|d[3]|clk             ;
; 0.149  ; 0.149        ; 0.000          ; Low Pulse Width  ; clk   ; Rise       ; inst2|state[2]|clk        ;
; 0.149  ; 0.149        ; 0.000          ; Low Pulse Width  ; clk   ; Rise       ; inst2|state[3]|clk        ;
; 0.149  ; 0.149        ; 0.000          ; Low Pulse Width  ; clk   ; Rise       ; inst3|state[0]|clk        ;
; 0.149  ; 0.149        ; 0.000          ; Low Pulse Width  ; clk   ; Rise       ; inst3|state[1]|clk        ;
; 0.149  ; 0.149        ; 0.000          ; Low Pulse Width  ; clk   ; Rise       ; inst3|state[2]|clk        ;
; 0.149  ; 0.149        ; 0.000          ; Low Pulse Width  ; clk   ; Rise       ; inst3|state[3]|clk        ;
; 0.149  ; 0.149        ; 0.000          ; Low Pulse Width  ; clk   ; Rise       ; inst3|state[4]|clk        ;
; 0.149  ; 0.149        ; 0.000          ; Low Pulse Width  ; clk   ; Rise       ; inst3|state[5]|clk        ;
; 0.149  ; 0.149        ; 0.000          ; Low Pulse Width  ; clk   ; Rise       ; inst3|state[6]|clk        ;
; 0.149  ; 0.149        ; 0.000          ; Low Pulse Width  ; clk   ; Rise       ; inst3|state[7]|clk        ;
; 0.500  ; 0.500        ; 0.000          ; High Pulse Width ; clk   ; Rise       ; clk~input|i               ;
; 0.500  ; 0.500        ; 0.000          ; Low Pulse Width  ; clk   ; Rise       ; clk~input|i               ;
; 0.629  ; 0.845        ; 0.216          ; High Pulse Width ; clk   ; Rise       ; rbf:inst2|state[2]        ;
; 0.629  ; 0.845        ; 0.216          ; High Pulse Width ; clk   ; Rise       ; rbf:inst2|state[3]        ;
; 0.629  ; 0.845        ; 0.216          ; High Pulse Width ; clk   ; Rise       ; rr:inst3|state[0]         ;
; 0.629  ; 0.845        ; 0.216          ; High Pulse Width ; clk   ; Rise       ; rr:inst3|state[1]         ;
; 0.629  ; 0.845        ; 0.216          ; High Pulse Width ; clk   ; Rise       ; rr:inst3|state[2]         ;
; 0.629  ; 0.845        ; 0.216          ; High Pulse Width ; clk   ; Rise       ; rr:inst3|state[3]         ;
; 0.629  ; 0.845        ; 0.216          ; High Pulse Width ; clk   ; Rise       ; rr:inst3|state[4]         ;
; 0.629  ; 0.845        ; 0.216          ; High Pulse Width ; clk   ; Rise       ; rr:inst3|state[5]         ;
; 0.629  ; 0.845        ; 0.216          ; High Pulse Width ; clk   ; Rise       ; rr:inst3|state[6]         ;
; 0.629  ; 0.845        ; 0.216          ; High Pulse Width ; clk   ; Rise       ; rr:inst3|state[7]         ;
; 0.630  ; 0.846        ; 0.216          ; High Pulse Width ; clk   ; Rise       ; kc3_mem:inst4|d[0]        ;
; 0.630  ; 0.846        ; 0.216          ; High Pulse Width ; clk   ; Rise       ; kc3_mem:inst4|d[1]        ;
; 0.630  ; 0.846        ; 0.216          ; High Pulse Width ; clk   ; Rise       ; ra:inst|d[0]              ;
; 0.630  ; 0.846        ; 0.216          ; High Pulse Width ; clk   ; Rise       ; ra:inst|d[1]              ;
; 0.630  ; 0.846        ; 0.216          ; High Pulse Width ; clk   ; Rise       ; ra:inst|d[2]              ;
; 0.630  ; 0.846        ; 0.216          ; High Pulse Width ; clk   ; Rise       ; ra:inst|d[3]              ;
; 0.630  ; 0.846        ; 0.216          ; High Pulse Width ; clk   ; Rise       ; rbf:inst2|state[0]        ;
; 0.630  ; 0.846        ; 0.216          ; High Pulse Width ; clk   ; Rise       ; rbf:inst2|state[1]        ;
; 0.851  ; 0.851        ; 0.000          ; High Pulse Width ; clk   ; Rise       ; inst2|state[0]|clk        ;
; 0.851  ; 0.851        ; 0.000          ; High Pulse Width ; clk   ; Rise       ; inst2|state[1]|clk        ;
; 0.851  ; 0.851        ; 0.000          ; High Pulse Width ; clk   ; Rise       ; inst2|state[2]|clk        ;
; 0.851  ; 0.851        ; 0.000          ; High Pulse Width ; clk   ; Rise       ; inst2|state[3]|clk        ;
; 0.851  ; 0.851        ; 0.000          ; High Pulse Width ; clk   ; Rise       ; inst3|state[0]|clk        ;
; 0.851  ; 0.851        ; 0.000          ; High Pulse Width ; clk   ; Rise       ; inst3|state[1]|clk        ;
; 0.851  ; 0.851        ; 0.000          ; High Pulse Width ; clk   ; Rise       ; inst3|state[2]|clk        ;
; 0.851  ; 0.851        ; 0.000          ; High Pulse Width ; clk   ; Rise       ; inst3|state[3]|clk        ;
; 0.851  ; 0.851        ; 0.000          ; High Pulse Width ; clk   ; Rise       ; inst3|state[4]|clk        ;
; 0.851  ; 0.851        ; 0.000          ; High Pulse Width ; clk   ; Rise       ; inst3|state[5]|clk        ;
; 0.851  ; 0.851        ; 0.000          ; High Pulse Width ; clk   ; Rise       ; inst3|state[6]|clk        ;
; 0.851  ; 0.851        ; 0.000          ; High Pulse Width ; clk   ; Rise       ; inst3|state[7]|clk        ;
; 0.851  ; 0.851        ; 0.000          ; High Pulse Width ; clk   ; Rise       ; inst4|d[0]|clk            ;
; 0.851  ; 0.851        ; 0.000          ; High Pulse Width ; clk   ; Rise       ; inst4|d[1]|clk            ;
; 0.851  ; 0.851        ; 0.000          ; High Pulse Width ; clk   ; Rise       ; inst|d[0]|clk             ;
; 0.851  ; 0.851        ; 0.000          ; High Pulse Width ; clk   ; Rise       ; inst|d[1]|clk             ;
; 0.851  ; 0.851        ; 0.000          ; High Pulse Width ; clk   ; Rise       ; inst|d[2]|clk             ;
; 0.851  ; 0.851        ; 0.000          ; High Pulse Width ; clk   ; Rise       ; inst|d[3]|clk             ;
; 0.861  ; 0.861        ; 0.000          ; High Pulse Width ; clk   ; Rise       ; clk~inputclkctrl|inclk[0] ;
; 0.861  ; 0.861        ; 0.000          ; High Pulse Width ; clk   ; Rise       ; clk~inputclkctrl|outclk   ;
; 0.875  ; 0.875        ; 0.000          ; High Pulse Width ; clk   ; Rise       ; clk~input|o               ;
+--------+--------------+----------------+------------------+-------+------------+---------------------------+


+------------------------------------------------------------------------+
; Setup Times                                                            ;
+-----------+------------+--------+-------+------------+-----------------+
; Data Port ; Clock Port ; Rise   ; Fall  ; Clock Edge ; Clock Reference ;
+-----------+------------+--------+-------+------------+-----------------+
; a[*]      ; clk        ; 1.396  ; 2.019 ; Rise       ; clk             ;
;  a[0]     ; clk        ; 1.396  ; 2.019 ; Rise       ; clk             ;
;  a[1]     ; clk        ; 1.319  ; 1.934 ; Rise       ; clk             ;
;  a[2]     ; clk        ; -0.134 ; 0.180 ; Rise       ; clk             ;
;  a[3]     ; clk        ; 1.376  ; 1.985 ; Rise       ; clk             ;
; b[*]      ; clk        ; 1.609  ; 2.232 ; Rise       ; clk             ;
;  b[0]     ; clk        ; 1.609  ; 2.232 ; Rise       ; clk             ;
;  b[1]     ; clk        ; 1.268  ; 1.855 ; Rise       ; clk             ;
;  b[2]     ; clk        ; 0.979  ; 1.564 ; Rise       ; clk             ;
;  b[3]     ; clk        ; 1.108  ; 1.724 ; Rise       ; clk             ;
; y[*]      ; clk        ; 3.201  ; 3.797 ; Rise       ; clk             ;
;  y[1]     ; clk        ; 0.140  ; 0.434 ; Rise       ; clk             ;
;  y[2]     ; clk        ; 1.486  ; 2.078 ; Rise       ; clk             ;
;  y[3]     ; clk        ; 1.075  ; 1.628 ; Rise       ; clk             ;
;  y[4]     ; clk        ; 3.201  ; 3.797 ; Rise       ; clk             ;
;  y[5]     ; clk        ; 2.986  ; 3.602 ; Rise       ; clk             ;
;  y[6]     ; clk        ; 1.224  ; 1.787 ; Rise       ; clk             ;
;  y[7]     ; clk        ; 0.381  ; 0.718 ; Rise       ; clk             ;
;  y[8]     ; clk        ; 1.524  ; 2.100 ; Rise       ; clk             ;
;  y[9]     ; clk        ; 2.760  ; 3.335 ; Rise       ; clk             ;
;  y[10]    ; clk        ; 0.138  ; 0.435 ; Rise       ; clk             ;
+-----------+------------+--------+-------+------------+-----------------+


+-------------------------------------------------------------------------+
; Hold Times                                                              ;
+-----------+------------+--------+--------+------------+-----------------+
; Data Port ; Clock Port ; Rise   ; Fall   ; Clock Edge ; Clock Reference ;
+-----------+------------+--------+--------+------------+-----------------+
; a[*]      ; clk        ; 0.300  ; -0.017 ; Rise       ; clk             ;
;  a[0]     ; clk        ; -1.164 ; -1.777 ; Rise       ; clk             ;
;  a[1]     ; clk        ; -1.092 ; -1.697 ; Rise       ; clk             ;
;  a[2]     ; clk        ; 0.300  ; -0.017 ; Rise       ; clk             ;
;  a[3]     ; clk        ; -1.145 ; -1.745 ; Rise       ; clk             ;
; b[*]      ; clk        ; -0.758 ; -1.330 ; Rise       ; clk             ;
;  b[0]     ; clk        ; -1.370 ; -1.984 ; Rise       ; clk             ;
;  b[1]     ; clk        ; -1.041 ; -1.620 ; Rise       ; clk             ;
;  b[2]     ; clk        ; -0.758 ; -1.330 ; Rise       ; clk             ;
;  b[3]     ; clk        ; -0.884 ; -1.484 ; Rise       ; clk             ;
; y[*]      ; clk        ; -0.020 ; -0.318 ; Rise       ; clk             ;
;  y[1]     ; clk        ; -0.022 ; -0.318 ; Rise       ; clk             ;
;  y[2]     ; clk        ; -0.778 ; -1.345 ; Rise       ; clk             ;
;  y[3]     ; clk        ; -0.705 ; -1.259 ; Rise       ; clk             ;
;  y[4]     ; clk        ; -1.753 ; -2.395 ; Rise       ; clk             ;
;  y[5]     ; clk        ; -1.598 ; -2.212 ; Rise       ; clk             ;
;  y[6]     ; clk        ; -0.966 ; -1.551 ; Rise       ; clk             ;
;  y[7]     ; clk        ; -0.253 ; -0.590 ; Rise       ; clk             ;
;  y[8]     ; clk        ; -0.922 ; -1.471 ; Rise       ; clk             ;
;  y[9]     ; clk        ; -1.349 ; -1.945 ; Rise       ; clk             ;
;  y[10]    ; clk        ; -0.020 ; -0.319 ; Rise       ; clk             ;
+-----------+------------+--------+--------+------------+-----------------+


+-------------------------------------------------------------------------+
; Clock to Output Times                                                   ;
+-------------+------------+-------+-------+------------+-----------------+
; Data Port   ; Clock Port ; Rise  ; Fall  ; Clock Edge ; Clock Reference ;
+-------------+------------+-------+-------+------------+-----------------+
; f1          ; clk        ; 3.657 ; 3.678 ; Rise       ; clk             ;
; f2          ; clk        ; 3.646 ; 3.720 ; Rise       ; clk             ;
; f3          ; clk        ; 4.580 ; 4.759 ; Rise       ; clk             ;
; priznak[*]  ; clk        ; 4.122 ; 4.191 ; Rise       ; clk             ;
;  priznak[0] ; clk        ; 4.122 ; 4.191 ; Rise       ; clk             ;
;  priznak[1] ; clk        ; 3.664 ; 3.735 ; Rise       ; clk             ;
; rr[*]       ; clk        ; 4.392 ; 4.486 ; Rise       ; clk             ;
;  rr[0]      ; clk        ; 3.458 ; 3.448 ; Rise       ; clk             ;
;  rr[1]      ; clk        ; 3.923 ; 3.975 ; Rise       ; clk             ;
;  rr[2]      ; clk        ; 3.830 ; 3.931 ; Rise       ; clk             ;
;  rr[3]      ; clk        ; 3.472 ; 3.512 ; Rise       ; clk             ;
;  rr[4]      ; clk        ; 4.088 ; 4.136 ; Rise       ; clk             ;
;  rr[5]      ; clk        ; 3.557 ; 3.614 ; Rise       ; clk             ;
;  rr[6]      ; clk        ; 4.392 ; 4.486 ; Rise       ; clk             ;
;  rr[7]      ; clk        ; 3.472 ; 3.512 ; Rise       ; clk             ;
+-------------+------------+-------+-------+------------+-----------------+


+-------------------------------------------------------------------------+
; Minimum Clock to Output Times                                           ;
+-------------+------------+-------+-------+------------+-----------------+
; Data Port   ; Clock Port ; Rise  ; Fall  ; Clock Edge ; Clock Reference ;
+-------------+------------+-------+-------+------------+-----------------+
; f1          ; clk        ; 3.539 ; 3.557 ; Rise       ; clk             ;
; f2          ; clk        ; 3.521 ; 3.591 ; Rise       ; clk             ;
; f3          ; clk        ; 4.091 ; 4.221 ; Rise       ; clk             ;
; priznak[*]  ; clk        ; 3.540 ; 3.607 ; Rise       ; clk             ;
;  priznak[0] ; clk        ; 4.005 ; 4.071 ; Rise       ; clk             ;
;  priznak[1] ; clk        ; 3.540 ; 3.607 ; Rise       ; clk             ;
; rr[*]       ; clk        ; 3.346 ; 3.335 ; Rise       ; clk             ;
;  rr[0]      ; clk        ; 3.346 ; 3.335 ; Rise       ; clk             ;
;  rr[1]      ; clk        ; 3.794 ; 3.842 ; Rise       ; clk             ;
;  rr[2]      ; clk        ; 3.702 ; 3.799 ; Rise       ; clk             ;
;  rr[3]      ; clk        ; 3.354 ; 3.391 ; Rise       ; clk             ;
;  rr[4]      ; clk        ; 3.970 ; 4.016 ; Rise       ; clk             ;
;  rr[5]      ; clk        ; 3.441 ; 3.495 ; Rise       ; clk             ;
;  rr[6]      ; clk        ; 4.262 ; 4.352 ; Rise       ; clk             ;
;  rr[7]      ; clk        ; 3.356 ; 3.393 ; Rise       ; clk             ;
+-------------+------------+-------+-------+------------+-----------------+


---------------------------------------------
; Fast 1200mV 0C Model Metastability Report ;
---------------------------------------------
No synchronizer chains to report.


+-------------------------------------------------------------------------------+
; Multicorner Timing Analysis Summary                                           ;
+------------------+---------+-------+----------+---------+---------------------+
; Clock            ; Setup   ; Hold  ; Recovery ; Removal ; Minimum Pulse Width ;
+------------------+---------+-------+----------+---------+---------------------+
; Worst-case Slack ; -3.000  ; 0.187 ; N/A      ; N/A     ; -3.000              ;
;  clk             ; -3.000  ; 0.187 ; N/A      ; N/A     ; -3.000              ;
; Design-wide TNS  ; -24.203 ; 0.0   ; 0.0      ; 0.0     ; -21.558             ;
;  clk             ; -24.203 ; 0.000 ; N/A      ; N/A     ; -21.558             ;
+------------------+---------+-------+----------+---------+---------------------+


+------------------------------------------------------------------------+
; Setup Times                                                            ;
+-----------+------------+--------+-------+------------+-----------------+
; Data Port ; Clock Port ; Rise   ; Fall  ; Clock Edge ; Clock Reference ;
+-----------+------------+--------+-------+------------+-----------------+
; a[*]      ; clk        ; 2.490  ; 2.951 ; Rise       ; clk             ;
;  a[0]     ; clk        ; 2.490  ; 2.951 ; Rise       ; clk             ;
;  a[1]     ; clk        ; 2.322  ; 2.788 ; Rise       ; clk             ;
;  a[2]     ; clk        ; -0.134 ; 0.180 ; Rise       ; clk             ;
;  a[3]     ; clk        ; 2.474  ; 2.923 ; Rise       ; clk             ;
; b[*]      ; clk        ; 2.904  ; 3.355 ; Rise       ; clk             ;
;  b[0]     ; clk        ; 2.904  ; 3.355 ; Rise       ; clk             ;
;  b[1]     ; clk        ; 2.332  ; 2.758 ; Rise       ; clk             ;
;  b[2]     ; clk        ; 1.742  ; 2.190 ; Rise       ; clk             ;
;  b[3]     ; clk        ; 1.966  ; 2.461 ; Rise       ; clk             ;
; y[*]      ; clk        ; 5.735  ; 6.138 ; Rise       ; clk             ;
;  y[1]     ; clk        ; 0.259  ; 0.434 ; Rise       ; clk             ;
;  y[2]     ; clk        ; 2.702  ; 3.133 ; Rise       ; clk             ;
;  y[3]     ; clk        ; 1.953  ; 2.370 ; Rise       ; clk             ;
;  y[4]     ; clk        ; 5.735  ; 6.138 ; Rise       ; clk             ;
;  y[5]     ; clk        ; 5.313  ; 5.777 ; Rise       ; clk             ;
;  y[6]     ; clk        ; 2.215  ; 2.639 ; Rise       ; clk             ;
;  y[7]     ; clk        ; 0.751  ; 0.872 ; Rise       ; clk             ;
;  y[8]     ; clk        ; 2.794  ; 3.170 ; Rise       ; clk             ;
;  y[9]     ; clk        ; 5.024  ; 5.447 ; Rise       ; clk             ;
;  y[10]    ; clk        ; 0.239  ; 0.435 ; Rise       ; clk             ;
+-----------+------------+--------+-------+------------+-----------------+


+-------------------------------------------------------------------------+
; Hold Times                                                              ;
+-----------+------------+--------+--------+------------+-----------------+
; Data Port ; Clock Port ; Rise   ; Fall   ; Clock Edge ; Clock Reference ;
+-----------+------------+--------+--------+------------+-----------------+
; a[*]      ; clk        ; 0.516  ; 0.365  ; Rise       ; clk             ;
;  a[0]     ; clk        ; -1.164 ; -1.777 ; Rise       ; clk             ;
;  a[1]     ; clk        ; -1.092 ; -1.697 ; Rise       ; clk             ;
;  a[2]     ; clk        ; 0.516  ; 0.365  ; Rise       ; clk             ;
;  a[3]     ; clk        ; -1.145 ; -1.745 ; Rise       ; clk             ;
; b[*]      ; clk        ; -0.758 ; -1.330 ; Rise       ; clk             ;
;  b[0]     ; clk        ; -1.370 ; -1.984 ; Rise       ; clk             ;
;  b[1]     ; clk        ; -1.041 ; -1.620 ; Rise       ; clk             ;
;  b[2]     ; clk        ; -0.758 ; -1.330 ; Rise       ; clk             ;
;  b[3]     ; clk        ; -0.884 ; -1.484 ; Rise       ; clk             ;
; y[*]      ; clk        ; -0.020 ; -0.173 ; Rise       ; clk             ;
;  y[1]     ; clk        ; -0.022 ; -0.187 ; Rise       ; clk             ;
;  y[2]     ; clk        ; -0.778 ; -1.345 ; Rise       ; clk             ;
;  y[3]     ; clk        ; -0.705 ; -1.259 ; Rise       ; clk             ;
;  y[4]     ; clk        ; -1.753 ; -2.395 ; Rise       ; clk             ;
;  y[5]     ; clk        ; -1.598 ; -2.212 ; Rise       ; clk             ;
;  y[6]     ; clk        ; -0.966 ; -1.551 ; Rise       ; clk             ;
;  y[7]     ; clk        ; -0.253 ; -0.590 ; Rise       ; clk             ;
;  y[8]     ; clk        ; -0.922 ; -1.471 ; Rise       ; clk             ;
;  y[9]     ; clk        ; -1.349 ; -1.945 ; Rise       ; clk             ;
;  y[10]    ; clk        ; -0.020 ; -0.173 ; Rise       ; clk             ;
+-----------+------------+--------+--------+------------+-----------------+


+-------------------------------------------------------------------------+
; Clock to Output Times                                                   ;
+-------------+------------+-------+-------+------------+-----------------+
; Data Port   ; Clock Port ; Rise  ; Fall  ; Clock Edge ; Clock Reference ;
+-------------+------------+-------+-------+------------+-----------------+
; f1          ; clk        ; 6.169 ; 6.132 ; Rise       ; clk             ;
; f2          ; clk        ; 6.269 ; 6.237 ; Rise       ; clk             ;
; f3          ; clk        ; 8.005 ; 7.966 ; Rise       ; clk             ;
; priznak[*]  ; clk        ; 6.825 ; 6.840 ; Rise       ; clk             ;
;  priznak[0] ; clk        ; 6.825 ; 6.840 ; Rise       ; clk             ;
;  priznak[1] ; clk        ; 6.262 ; 6.220 ; Rise       ; clk             ;
; rr[*]       ; clk        ; 7.308 ; 7.316 ; Rise       ; clk             ;
;  rr[0]      ; clk        ; 5.828 ; 5.778 ; Rise       ; clk             ;
;  rr[1]      ; clk        ; 6.621 ; 6.595 ; Rise       ; clk             ;
;  rr[2]      ; clk        ; 6.515 ; 6.486 ; Rise       ; clk             ;
;  rr[3]      ; clk        ; 5.967 ; 5.900 ; Rise       ; clk             ;
;  rr[4]      ; clk        ; 6.786 ; 6.778 ; Rise       ; clk             ;
;  rr[5]      ; clk        ; 6.065 ; 6.003 ; Rise       ; clk             ;
;  rr[6]      ; clk        ; 7.308 ; 7.316 ; Rise       ; clk             ;
;  rr[7]      ; clk        ; 5.939 ; 5.878 ; Rise       ; clk             ;
+-------------+------------+-------+-------+------------+-----------------+


+-------------------------------------------------------------------------+
; Minimum Clock to Output Times                                           ;
+-------------+------------+-------+-------+------------+-----------------+
; Data Port   ; Clock Port ; Rise  ; Fall  ; Clock Edge ; Clock Reference ;
+-------------+------------+-------+-------+------------+-----------------+
; f1          ; clk        ; 3.539 ; 3.557 ; Rise       ; clk             ;
; f2          ; clk        ; 3.521 ; 3.591 ; Rise       ; clk             ;
; f3          ; clk        ; 4.091 ; 4.221 ; Rise       ; clk             ;
; priznak[*]  ; clk        ; 3.540 ; 3.607 ; Rise       ; clk             ;
;  priznak[0] ; clk        ; 4.005 ; 4.071 ; Rise       ; clk             ;
;  priznak[1] ; clk        ; 3.540 ; 3.607 ; Rise       ; clk             ;
; rr[*]       ; clk        ; 3.346 ; 3.335 ; Rise       ; clk             ;
;  rr[0]      ; clk        ; 3.346 ; 3.335 ; Rise       ; clk             ;
;  rr[1]      ; clk        ; 3.794 ; 3.842 ; Rise       ; clk             ;
;  rr[2]      ; clk        ; 3.702 ; 3.799 ; Rise       ; clk             ;
;  rr[3]      ; clk        ; 3.354 ; 3.391 ; Rise       ; clk             ;
;  rr[4]      ; clk        ; 3.970 ; 4.016 ; Rise       ; clk             ;
;  rr[5]      ; clk        ; 3.441 ; 3.495 ; Rise       ; clk             ;
;  rr[6]      ; clk        ; 4.262 ; 4.352 ; Rise       ; clk             ;
;  rr[7]      ; clk        ; 3.356 ; 3.393 ; Rise       ; clk             ;
+-------------+------------+-------+-------+------------+-----------------+


+------------------------------------------------------------------------------------------------------------------------------------------------------------------------------------------------------------------------------------------------------------------------------------------------------------------------------------------------------------------------------------------------------------------+
; Board Trace Model Assignments                                                                                                                                                                                                                                                                                                                                                                                    ;
+---------------+--------------+-------------------+-------------------------+-------------------------+---------------+---------------------+----------------+------------------+--------+------------------+------------------------+------------------------+--------------+---------------+-----------------+-------+---------------------+--------------------+---------------+-----------------+-------------+
; Pin           ; I/O Standard ; Near Tline Length ; Near Tline L per Length ; Near Tline C per Length ; Near Series R ; Near Differential R ; Near Pull-up R ; Near Pull-down R ; Near C ; Far Tline Length ; Far Tline L per Length ; Far Tline C per Length ; Far Series R ; Far Pull-up R ; Far Pull-down R ; Far C ; Termination Voltage ; Far Differential R ; EBD File Name ; EBD Signal Name ; EBD Far-end ;
+---------------+--------------+-------------------+-------------------------+-------------------------+---------------+---------------------+----------------+------------------+--------+------------------+------------------------+------------------------+--------------+---------------+-----------------+-------+---------------------+--------------------+---------------+-----------------+-------------+
; f1            ; 2.5 V        ; 0 in              ; 0 H/in                  ; 0 F/in                  ; short         ; -                   ; open           ; open             ; open   ; 0 in             ; 0 H/in                 ; 0 F/in                 ; short        ; open          ; open            ; open  ; 0 V                 ; -                  ; n/a           ; n/a             ; n/a         ;
; f2            ; 2.5 V        ; 0 in              ; 0 H/in                  ; 0 F/in                  ; short         ; -                   ; open           ; open             ; open   ; 0 in             ; 0 H/in                 ; 0 F/in                 ; short        ; open          ; open            ; open  ; 0 V                 ; -                  ; n/a           ; n/a             ; n/a         ;
; f3            ; 2.5 V        ; 0 in              ; 0 H/in                  ; 0 F/in                  ; short         ; -                   ; open           ; open             ; open   ; 0 in             ; 0 H/in                 ; 0 F/in                 ; short        ; open          ; open            ; open  ; 0 V                 ; -                  ; n/a           ; n/a             ; n/a         ;
; rr[7]         ; 2.5 V        ; 0 in              ; 0 H/in                  ; 0 F/in                  ; short         ; -                   ; open           ; open             ; open   ; 0 in             ; 0 H/in                 ; 0 F/in                 ; short        ; open          ; open            ; open  ; 0 V                 ; -                  ; n/a           ; n/a             ; n/a         ;
; rr[6]         ; 2.5 V        ; 0 in              ; 0 H/in                  ; 0 F/in                  ; short         ; -                   ; open           ; open             ; open   ; 0 in             ; 0 H/in                 ; 0 F/in                 ; short        ; open          ; open            ; open  ; 0 V                 ; -                  ; n/a           ; n/a             ; n/a         ;
; rr[5]         ; 2.5 V        ; 0 in              ; 0 H/in                  ; 0 F/in                  ; short         ; -                   ; open           ; open             ; open   ; 0 in             ; 0 H/in                 ; 0 F/in                 ; short        ; open          ; open            ; open  ; 0 V                 ; -                  ; n/a           ; n/a             ; n/a         ;
; rr[4]         ; 2.5 V        ; 0 in              ; 0 H/in                  ; 0 F/in                  ; short         ; -                   ; open           ; open             ; open   ; 0 in             ; 0 H/in                 ; 0 F/in                 ; short        ; open          ; open            ; open  ; 0 V                 ; -                  ; n/a           ; n/a             ; n/a         ;
; rr[3]         ; 2.5 V        ; 0 in              ; 0 H/in                  ; 0 F/in                  ; short         ; -                   ; open           ; open             ; open   ; 0 in             ; 0 H/in                 ; 0 F/in                 ; short        ; open          ; open            ; open  ; 0 V                 ; -                  ; n/a           ; n/a             ; n/a         ;
; rr[2]         ; 2.5 V        ; 0 in              ; 0 H/in                  ; 0 F/in                  ; short         ; -                   ; open           ; open             ; open   ; 0 in             ; 0 H/in                 ; 0 F/in                 ; short        ; open          ; open            ; open  ; 0 V                 ; -                  ; n/a           ; n/a             ; n/a         ;
; rr[1]         ; 2.5 V        ; 0 in              ; 0 H/in                  ; 0 F/in                  ; short         ; -                   ; open           ; open             ; open   ; 0 in             ; 0 H/in                 ; 0 F/in                 ; short        ; open          ; open            ; open  ; 0 V                 ; -                  ; n/a           ; n/a             ; n/a         ;
; rr[0]         ; 2.5 V        ; 0 in              ; 0 H/in                  ; 0 F/in                  ; short         ; -                   ; open           ; open             ; open   ; 0 in             ; 0 H/in                 ; 0 F/in                 ; short        ; open          ; open            ; open  ; 0 V                 ; -                  ; n/a           ; n/a             ; n/a         ;
; priznak[1]    ; 2.5 V        ; 0 in              ; 0 H/in                  ; 0 F/in                  ; short         ; -                   ; open           ; open             ; open   ; 0 in             ; 0 H/in                 ; 0 F/in                 ; short        ; open          ; open            ; open  ; 0 V                 ; -                  ; n/a           ; n/a             ; n/a         ;
; priznak[0]    ; 2.5 V        ; 0 in              ; 0 H/in                  ; 0 F/in                  ; short         ; -                   ; open           ; open             ; open   ; 0 in             ; 0 H/in                 ; 0 F/in                 ; short        ; open          ; open            ; open  ; 0 V                 ; -                  ; n/a           ; n/a             ; n/a         ;
; ~ALTERA_NCEO~ ; 2.5 V        ; 0 in              ; 0 H/in                  ; 0 F/in                  ; short         ; -                   ; open           ; open             ; open   ; 0 in             ; 0 H/in                 ; 0 F/in                 ; short        ; open          ; open            ; open  ; 0 V                 ; -                  ; n/a           ; n/a             ; n/a         ;
; ~ALTERA_DCLK~ ; 2.5 V        ; 0 in              ; 0 H/in                  ; 0 F/in                  ; short         ; -                   ; open           ; open             ; open   ; 0 in             ; 0 H/in                 ; 0 F/in                 ; short        ; open          ; open            ; open  ; 0 V                 ; -                  ; n/a           ; n/a             ; n/a         ;
+---------------+--------------+-------------------+-------------------------+-------------------------+---------------+---------------------+----------------+------------------+--------+------------------+------------------------+------------------------+--------------+---------------+-----------------+-------+---------------------+--------------------+---------------+-----------------+-------------+


+-------------------------------------------------------------------+
; Input Transition Times                                            ;
+----------------+--------------+-----------------+-----------------+
; Pin            ; I/O Standard ; 10-90 Rise Time ; 90-10 Fall Time ;
+----------------+--------------+-----------------+-----------------+
; b[3]           ; 2.5 V        ; 2000 ps         ; 2000 ps         ;
; y[3]           ; 2.5 V        ; 2000 ps         ; 2000 ps         ;
; y[2]           ; 2.5 V        ; 2000 ps         ; 2000 ps         ;
; clk            ; 2.5 V        ; 2000 ps         ; 2000 ps         ;
; b[2]           ; 2.5 V        ; 2000 ps         ; 2000 ps         ;
; y[5]           ; 2.5 V        ; 2000 ps         ; 2000 ps         ;
; y[4]           ; 2.5 V        ; 2000 ps         ; 2000 ps         ;
; y[9]           ; 2.5 V        ; 2000 ps         ; 2000 ps         ;
; y[8]           ; 2.5 V        ; 2000 ps         ; 2000 ps         ;
; y[6]           ; 2.5 V        ; 2000 ps         ; 2000 ps         ;
; y[7]           ; 2.5 V        ; 2000 ps         ; 2000 ps         ;
; y[10]          ; 2.5 V        ; 2000 ps         ; 2000 ps         ;
; b[1]           ; 2.5 V        ; 2000 ps         ; 2000 ps         ;
; a[2]           ; 2.5 V        ; 2000 ps         ; 2000 ps         ;
; y[1]           ; 2.5 V        ; 2000 ps         ; 2000 ps         ;
; a[1]           ; 2.5 V        ; 2000 ps         ; 2000 ps         ;
; a[0]           ; 2.5 V        ; 2000 ps         ; 2000 ps         ;
; b[0]           ; 2.5 V        ; 2000 ps         ; 2000 ps         ;
; a[3]           ; 2.5 V        ; 2000 ps         ; 2000 ps         ;
; ~ALTERA_DATA0~ ; 2.5 V        ; 2000 ps         ; 2000 ps         ;
; ~ALTERA_ASDO~  ; 2.5 V        ; 2000 ps         ; 2000 ps         ;
; ~ALTERA_NCSO~  ; 2.5 V        ; 2000 ps         ; 2000 ps         ;
+----------------+--------------+-----------------+-----------------+


+--------------------------------------------------------------------------------------------------------------------------------------------------------------------------------------------------------------------------------------------------------------------------------------------------------------------------------------------------------------------------------------------------------------------------------------------------------------------------------------------------------------------------------------------------------------------------------------------------------------------------------------------------------------------------------------------+
; Signal Integrity Metrics (Slow 1200mv 0c Model)                                                                                                                                                                                                                                                                                                                                                                                                                                                                                                                                                                                                                                            ;
+---------------+--------------+---------------------+---------------------+------------------------------+------------------------------+---------------------+---------------------+--------------------------------------+--------------------------------------+-----------------------------+-----------------------------+----------------------------+----------------------------+-----------------------------+-----------------------------+--------------------+--------------------+-------------------------------------+-------------------------------------+----------------------------+----------------------------+---------------------------+---------------------------+
; Pin           ; I/O Standard ; Board Delay on Rise ; Board Delay on Fall ; Steady State Voh at FPGA Pin ; Steady State Vol at FPGA Pin ; Voh Max at FPGA Pin ; Vol Min at FPGA Pin ; Ringback Voltage on Rise at FPGA Pin ; Ringback Voltage on Fall at FPGA Pin ; 10-90 Rise Time at FPGA Pin ; 90-10 Fall Time at FPGA Pin ; Monotonic Rise at FPGA Pin ; Monotonic Fall at FPGA Pin ; Steady State Voh at Far-end ; Steady State Vol at Far-end ; Voh Max at Far-end ; Vol Min at Far-end ; Ringback Voltage on Rise at Far-end ; Ringback Voltage on Fall at Far-end ; 10-90 Rise Time at Far-end ; 90-10 Fall Time at Far-end ; Monotonic Rise at Far-end ; Monotonic Fall at Far-end ;
+---------------+--------------+---------------------+---------------------+------------------------------+------------------------------+---------------------+---------------------+--------------------------------------+--------------------------------------+-----------------------------+-----------------------------+----------------------------+----------------------------+-----------------------------+-----------------------------+--------------------+--------------------+-------------------------------------+-------------------------------------+----------------------------+----------------------------+---------------------------+---------------------------+
; f1            ; 2.5 V        ; 0 s                 ; 0 s                 ; 2.32 V                       ; 5.16e-09 V                   ; 2.37 V              ; -0.00861 V          ; 0.168 V                              ; 0.038 V                              ; 6.79e-10 s                  ; 6.49e-10 s                  ; No                         ; Yes                        ; 2.32 V                      ; 5.16e-09 V                  ; 2.37 V             ; -0.00861 V         ; 0.168 V                             ; 0.038 V                             ; 6.79e-10 s                 ; 6.49e-10 s                 ; No                        ; Yes                       ;
; f2            ; 2.5 V        ; 0 s                 ; 0 s                 ; 2.32 V                       ; 5.16e-09 V                   ; 2.4 V               ; -0.00557 V          ; 0.238 V                              ; 0.014 V                              ; 2.9e-10 s                   ; 3.48e-10 s                  ; No                         ; Yes                        ; 2.32 V                      ; 5.16e-09 V                  ; 2.4 V              ; -0.00557 V         ; 0.238 V                             ; 0.014 V                             ; 2.9e-10 s                  ; 3.48e-10 s                 ; No                        ; Yes                       ;
; f3            ; 2.5 V        ; 0 s                 ; 0 s                 ; 2.32 V                       ; 7.29e-09 V                   ; 2.39 V              ; -0.00317 V          ; 0.179 V                              ; 0.007 V                              ; 4.7e-10 s                   ; 4.72e-10 s                  ; No                         ; Yes                        ; 2.32 V                      ; 7.29e-09 V                  ; 2.39 V             ; -0.00317 V         ; 0.179 V                             ; 0.007 V                             ; 4.7e-10 s                  ; 4.72e-10 s                 ; No                        ; Yes                       ;
; rr[7]         ; 2.5 V        ; 0 s                 ; 0 s                 ; 2.32 V                       ; 7.29e-09 V                   ; 2.39 V              ; -0.00339 V          ; 0.206 V                              ; 0.007 V                              ; 2.77e-10 s                  ; 3.24e-10 s                  ; Yes                        ; Yes                        ; 2.32 V                      ; 7.29e-09 V                  ; 2.39 V             ; -0.00339 V         ; 0.206 V                             ; 0.007 V                             ; 2.77e-10 s                 ; 3.24e-10 s                 ; Yes                       ; Yes                       ;
; rr[6]         ; 2.5 V        ; 0 s                 ; 0 s                 ; 2.32 V                       ; 5.16e-09 V                   ; 2.34 V              ; -0.00633 V          ; 0.232 V                              ; 0.083 V                              ; 1.94e-09 s                  ; 1.83e-09 s                  ; No                         ; Yes                        ; 2.32 V                      ; 5.16e-09 V                  ; 2.34 V             ; -0.00633 V         ; 0.232 V                             ; 0.083 V                             ; 1.94e-09 s                 ; 1.83e-09 s                 ; No                        ; Yes                       ;
; rr[5]         ; 2.5 V        ; 0 s                 ; 0 s                 ; 2.32 V                       ; 7.29e-09 V                   ; 2.39 V              ; -0.00317 V          ; 0.179 V                              ; 0.007 V                              ; 4.7e-10 s                   ; 4.72e-10 s                  ; No                         ; Yes                        ; 2.32 V                      ; 7.29e-09 V                  ; 2.39 V             ; -0.00317 V         ; 0.179 V                             ; 0.007 V                             ; 4.7e-10 s                  ; 4.72e-10 s                 ; No                        ; Yes                       ;
; rr[4]         ; 2.5 V        ; 0 s                 ; 0 s                 ; 2.32 V                       ; 5.16e-09 V                   ; 2.34 V              ; -0.00633 V          ; 0.232 V                              ; 0.083 V                              ; 1.94e-09 s                  ; 1.83e-09 s                  ; No                         ; Yes                        ; 2.32 V                      ; 5.16e-09 V                  ; 2.34 V             ; -0.00633 V         ; 0.232 V                             ; 0.083 V                             ; 1.94e-09 s                 ; 1.83e-09 s                 ; No                        ; Yes                       ;
; rr[3]         ; 2.5 V        ; 0 s                 ; 0 s                 ; 2.32 V                       ; 5.16e-09 V                   ; 2.4 V               ; -0.00557 V          ; 0.238 V                              ; 0.014 V                              ; 2.9e-10 s                   ; 3.48e-10 s                  ; No                         ; Yes                        ; 2.32 V                      ; 5.16e-09 V                  ; 2.4 V              ; -0.00557 V         ; 0.238 V                             ; 0.014 V                             ; 2.9e-10 s                  ; 3.48e-10 s                 ; No                        ; Yes                       ;
; rr[2]         ; 2.5 V        ; 0 s                 ; 0 s                 ; 2.32 V                       ; 7.29e-09 V                   ; 2.39 V              ; -0.00317 V          ; 0.179 V                              ; 0.007 V                              ; 4.7e-10 s                   ; 4.72e-10 s                  ; No                         ; Yes                        ; 2.32 V                      ; 7.29e-09 V                  ; 2.39 V             ; -0.00317 V         ; 0.179 V                             ; 0.007 V                             ; 4.7e-10 s                  ; 4.72e-10 s                 ; No                        ; Yes                       ;
; rr[1]         ; 2.5 V        ; 0 s                 ; 0 s                 ; 2.32 V                       ; 5.16e-09 V                   ; 2.37 V              ; -0.00861 V          ; 0.168 V                              ; 0.038 V                              ; 6.79e-10 s                  ; 6.49e-10 s                  ; No                         ; Yes                        ; 2.32 V                      ; 5.16e-09 V                  ; 2.37 V             ; -0.00861 V         ; 0.168 V                             ; 0.038 V                             ; 6.79e-10 s                 ; 6.49e-10 s                 ; No                        ; Yes                       ;
; rr[0]         ; 2.5 V        ; 0 s                 ; 0 s                 ; 2.32 V                       ; 5.16e-09 V                   ; 2.37 V              ; -0.00861 V          ; 0.168 V                              ; 0.038 V                              ; 6.79e-10 s                  ; 6.49e-10 s                  ; No                         ; Yes                        ; 2.32 V                      ; 5.16e-09 V                  ; 2.37 V             ; -0.00861 V         ; 0.168 V                             ; 0.038 V                             ; 6.79e-10 s                 ; 6.49e-10 s                 ; No                        ; Yes                       ;
; priznak[1]    ; 2.5 V        ; 0 s                 ; 0 s                 ; 2.32 V                       ; 7.29e-09 V                   ; 2.39 V              ; -0.00339 V          ; 0.206 V                              ; 0.007 V                              ; 2.77e-10 s                  ; 3.24e-10 s                  ; Yes                        ; Yes                        ; 2.32 V                      ; 7.29e-09 V                  ; 2.39 V             ; -0.00339 V         ; 0.206 V                             ; 0.007 V                             ; 2.77e-10 s                 ; 3.24e-10 s                 ; Yes                       ; Yes                       ;
; priznak[0]    ; 2.5 V        ; 0 s                 ; 0 s                 ; 2.32 V                       ; 7.29e-09 V                   ; 2.34 V              ; -0.00668 V          ; 0.218 V                              ; 0.076 V                              ; 1.92e-09 s                  ; 1.81e-09 s                  ; No                         ; Yes                        ; 2.32 V                      ; 7.29e-09 V                  ; 2.34 V             ; -0.00668 V         ; 0.218 V                             ; 0.076 V                             ; 1.92e-09 s                 ; 1.81e-09 s                 ; No                        ; Yes                       ;
; ~ALTERA_NCEO~ ; 2.5 V        ; 0 s                 ; 0 s                 ; 2.32 V                       ; 4.76e-09 V                   ; 2.4 V               ; -0.034 V            ; 0.102 V                              ; 0.065 V                              ; 2.49e-10 s                  ; 3.49e-10 s                  ; Yes                        ; Yes                        ; 2.32 V                      ; 4.76e-09 V                  ; 2.4 V              ; -0.034 V           ; 0.102 V                             ; 0.065 V                             ; 2.49e-10 s                 ; 3.49e-10 s                 ; Yes                       ; Yes                       ;
; ~ALTERA_DCLK~ ; 2.5 V        ; 0 s                 ; 0 s                 ; 2.32 V                       ; 5.94e-09 V                   ; 2.39 V              ; -0.0344 V           ; 0.156 V                              ; 0.089 V                              ; 2.68e-10 s                  ; 2.6e-10 s                   ; Yes                        ; Yes                        ; 2.32 V                      ; 5.94e-09 V                  ; 2.39 V             ; -0.0344 V          ; 0.156 V                             ; 0.089 V                             ; 2.68e-10 s                 ; 2.6e-10 s                  ; Yes                       ; Yes                       ;
+---------------+--------------+---------------------+---------------------+------------------------------+------------------------------+---------------------+---------------------+--------------------------------------+--------------------------------------+-----------------------------+-----------------------------+----------------------------+----------------------------+-----------------------------+-----------------------------+--------------------+--------------------+-------------------------------------+-------------------------------------+----------------------------+----------------------------+---------------------------+---------------------------+


+--------------------------------------------------------------------------------------------------------------------------------------------------------------------------------------------------------------------------------------------------------------------------------------------------------------------------------------------------------------------------------------------------------------------------------------------------------------------------------------------------------------------------------------------------------------------------------------------------------------------------------------------------------------------------------------------+
; Signal Integrity Metrics (Slow 1200mv 85c Model)                                                                                                                                                                                                                                                                                                                                                                                                                                                                                                                                                                                                                                           ;
+---------------+--------------+---------------------+---------------------+------------------------------+------------------------------+---------------------+---------------------+--------------------------------------+--------------------------------------+-----------------------------+-----------------------------+----------------------------+----------------------------+-----------------------------+-----------------------------+--------------------+--------------------+-------------------------------------+-------------------------------------+----------------------------+----------------------------+---------------------------+---------------------------+
; Pin           ; I/O Standard ; Board Delay on Rise ; Board Delay on Fall ; Steady State Voh at FPGA Pin ; Steady State Vol at FPGA Pin ; Voh Max at FPGA Pin ; Vol Min at FPGA Pin ; Ringback Voltage on Rise at FPGA Pin ; Ringback Voltage on Fall at FPGA Pin ; 10-90 Rise Time at FPGA Pin ; 90-10 Fall Time at FPGA Pin ; Monotonic Rise at FPGA Pin ; Monotonic Fall at FPGA Pin ; Steady State Voh at Far-end ; Steady State Vol at Far-end ; Voh Max at Far-end ; Vol Min at Far-end ; Ringback Voltage on Rise at Far-end ; Ringback Voltage on Fall at Far-end ; 10-90 Rise Time at Far-end ; 90-10 Fall Time at Far-end ; Monotonic Rise at Far-end ; Monotonic Fall at Far-end ;
+---------------+--------------+---------------------+---------------------+------------------------------+------------------------------+---------------------+---------------------+--------------------------------------+--------------------------------------+-----------------------------+-----------------------------+----------------------------+----------------------------+-----------------------------+-----------------------------+--------------------+--------------------+-------------------------------------+-------------------------------------+----------------------------+----------------------------+---------------------------+---------------------------+
; f1            ; 2.5 V        ; 0 s                 ; 0 s                 ; 2.32 V                       ; 8.13e-07 V                   ; 2.35 V              ; -0.00662 V          ; 0.129 V                              ; 0.049 V                              ; 8.55e-10 s                  ; 8.01e-10 s                  ; No                         ; Yes                        ; 2.32 V                      ; 8.13e-07 V                  ; 2.35 V             ; -0.00662 V         ; 0.129 V                             ; 0.049 V                             ; 8.55e-10 s                 ; 8.01e-10 s                 ; No                        ; Yes                       ;
; f2            ; 2.5 V        ; 0 s                 ; 0 s                 ; 2.32 V                       ; 8.13e-07 V                   ; 2.36 V              ; -0.00623 V          ; 0.121 V                              ; 0.03 V                               ; 4.4e-10 s                   ; 4.28e-10 s                  ; Yes                        ; Yes                        ; 2.32 V                      ; 8.13e-07 V                  ; 2.36 V             ; -0.00623 V         ; 0.121 V                             ; 0.03 V                              ; 4.4e-10 s                  ; 4.28e-10 s                 ; Yes                       ; Yes                       ;
; f3            ; 2.5 V        ; 0 s                 ; 0 s                 ; 2.32 V                       ; 1.21e-06 V                   ; 2.36 V              ; -0.00833 V          ; 0.113 V                              ; 0.035 V                              ; 6.32e-10 s                  ; 5.89e-10 s                  ; No                         ; Yes                        ; 2.32 V                      ; 1.21e-06 V                  ; 2.36 V             ; -0.00833 V         ; 0.113 V                             ; 0.035 V                             ; 6.32e-10 s                 ; 5.89e-10 s                 ; No                        ; Yes                       ;
; rr[7]         ; 2.5 V        ; 0 s                 ; 0 s                 ; 2.32 V                       ; 1.21e-06 V                   ; 2.37 V              ; -0.00606 V          ; 0.107 V                              ; 0.021 V                              ; 4.26e-10 s                  ; 4.03e-10 s                  ; Yes                        ; Yes                        ; 2.32 V                      ; 1.21e-06 V                  ; 2.37 V             ; -0.00606 V         ; 0.107 V                             ; 0.021 V                             ; 4.26e-10 s                 ; 4.03e-10 s                 ; Yes                       ; Yes                       ;
; rr[6]         ; 2.5 V        ; 0 s                 ; 0 s                 ; 2.32 V                       ; 8.13e-07 V                   ; 2.33 V              ; -0.00252 V          ; 0.203 V                              ; 0.046 V                              ; 2.34e-09 s                  ; 2.24e-09 s                  ; Yes                        ; Yes                        ; 2.32 V                      ; 8.13e-07 V                  ; 2.33 V             ; -0.00252 V         ; 0.203 V                             ; 0.046 V                             ; 2.34e-09 s                 ; 2.24e-09 s                 ; Yes                       ; Yes                       ;
; rr[5]         ; 2.5 V        ; 0 s                 ; 0 s                 ; 2.32 V                       ; 1.21e-06 V                   ; 2.36 V              ; -0.00833 V          ; 0.113 V                              ; 0.035 V                              ; 6.32e-10 s                  ; 5.89e-10 s                  ; No                         ; Yes                        ; 2.32 V                      ; 1.21e-06 V                  ; 2.36 V             ; -0.00833 V         ; 0.113 V                             ; 0.035 V                             ; 6.32e-10 s                 ; 5.89e-10 s                 ; No                        ; Yes                       ;
; rr[4]         ; 2.5 V        ; 0 s                 ; 0 s                 ; 2.32 V                       ; 8.13e-07 V                   ; 2.33 V              ; -0.00252 V          ; 0.203 V                              ; 0.046 V                              ; 2.34e-09 s                  ; 2.24e-09 s                  ; Yes                        ; Yes                        ; 2.32 V                      ; 8.13e-07 V                  ; 2.33 V             ; -0.00252 V         ; 0.203 V                             ; 0.046 V                             ; 2.34e-09 s                 ; 2.24e-09 s                 ; Yes                       ; Yes                       ;
; rr[3]         ; 2.5 V        ; 0 s                 ; 0 s                 ; 2.32 V                       ; 8.13e-07 V                   ; 2.36 V              ; -0.00623 V          ; 0.121 V                              ; 0.03 V                               ; 4.4e-10 s                   ; 4.28e-10 s                  ; Yes                        ; Yes                        ; 2.32 V                      ; 8.13e-07 V                  ; 2.36 V             ; -0.00623 V         ; 0.121 V                             ; 0.03 V                              ; 4.4e-10 s                  ; 4.28e-10 s                 ; Yes                       ; Yes                       ;
; rr[2]         ; 2.5 V        ; 0 s                 ; 0 s                 ; 2.32 V                       ; 1.21e-06 V                   ; 2.36 V              ; -0.00833 V          ; 0.113 V                              ; 0.035 V                              ; 6.32e-10 s                  ; 5.89e-10 s                  ; No                         ; Yes                        ; 2.32 V                      ; 1.21e-06 V                  ; 2.36 V             ; -0.00833 V         ; 0.113 V                             ; 0.035 V                             ; 6.32e-10 s                 ; 5.89e-10 s                 ; No                        ; Yes                       ;
; rr[1]         ; 2.5 V        ; 0 s                 ; 0 s                 ; 2.32 V                       ; 8.13e-07 V                   ; 2.35 V              ; -0.00662 V          ; 0.129 V                              ; 0.049 V                              ; 8.55e-10 s                  ; 8.01e-10 s                  ; No                         ; Yes                        ; 2.32 V                      ; 8.13e-07 V                  ; 2.35 V             ; -0.00662 V         ; 0.129 V                             ; 0.049 V                             ; 8.55e-10 s                 ; 8.01e-10 s                 ; No                        ; Yes                       ;
; rr[0]         ; 2.5 V        ; 0 s                 ; 0 s                 ; 2.32 V                       ; 8.13e-07 V                   ; 2.35 V              ; -0.00662 V          ; 0.129 V                              ; 0.049 V                              ; 8.55e-10 s                  ; 8.01e-10 s                  ; No                         ; Yes                        ; 2.32 V                      ; 8.13e-07 V                  ; 2.35 V             ; -0.00662 V         ; 0.129 V                             ; 0.049 V                             ; 8.55e-10 s                 ; 8.01e-10 s                 ; No                        ; Yes                       ;
; priznak[1]    ; 2.5 V        ; 0 s                 ; 0 s                 ; 2.32 V                       ; 1.21e-06 V                   ; 2.37 V              ; -0.00606 V          ; 0.107 V                              ; 0.021 V                              ; 4.26e-10 s                  ; 4.03e-10 s                  ; Yes                        ; Yes                        ; 2.32 V                      ; 1.21e-06 V                  ; 2.37 V             ; -0.00606 V         ; 0.107 V                             ; 0.021 V                             ; 4.26e-10 s                 ; 4.03e-10 s                 ; Yes                       ; Yes                       ;
; priznak[0]    ; 2.5 V        ; 0 s                 ; 0 s                 ; 2.32 V                       ; 1.21e-06 V                   ; 2.33 V              ; -0.00286 V          ; 0.193 V                              ; 0.042 V                              ; 2.32e-09 s                  ; 2.21e-09 s                  ; Yes                        ; Yes                        ; 2.32 V                      ; 1.21e-06 V                  ; 2.33 V             ; -0.00286 V         ; 0.193 V                             ; 0.042 V                             ; 2.32e-09 s                 ; 2.21e-09 s                 ; Yes                       ; Yes                       ;
; ~ALTERA_NCEO~ ; 2.5 V        ; 0 s                 ; 0 s                 ; 2.32 V                       ; 7.93e-07 V                   ; 2.37 V              ; -0.0278 V           ; 0.106 V                              ; 0.115 V                              ; 2.69e-10 s                  ; 4.05e-10 s                  ; Yes                        ; Yes                        ; 2.32 V                      ; 7.93e-07 V                  ; 2.37 V             ; -0.0278 V          ; 0.106 V                             ; 0.115 V                             ; 2.69e-10 s                 ; 4.05e-10 s                 ; Yes                       ; Yes                       ;
; ~ALTERA_DCLK~ ; 2.5 V        ; 0 s                 ; 0 s                 ; 2.32 V                       ; 9.76e-07 V                   ; 2.36 V              ; -0.00439 V          ; 0.088 V                              ; 0.007 V                              ; 4.05e-10 s                  ; 3.35e-10 s                  ; Yes                        ; Yes                        ; 2.32 V                      ; 9.76e-07 V                  ; 2.36 V             ; -0.00439 V         ; 0.088 V                             ; 0.007 V                             ; 4.05e-10 s                 ; 3.35e-10 s                 ; Yes                       ; Yes                       ;
+---------------+--------------+---------------------+---------------------+------------------------------+------------------------------+---------------------+---------------------+--------------------------------------+--------------------------------------+-----------------------------+-----------------------------+----------------------------+----------------------------+-----------------------------+-----------------------------+--------------------+--------------------+-------------------------------------+-------------------------------------+----------------------------+----------------------------+---------------------------+---------------------------+


+--------------------------------------------------------------------------------------------------------------------------------------------------------------------------------------------------------------------------------------------------------------------------------------------------------------------------------------------------------------------------------------------------------------------------------------------------------------------------------------------------------------------------------------------------------------------------------------------------------------------------------------------------------------------------------------------+
; Signal Integrity Metrics (Fast 1200mv 0c Model)                                                                                                                                                                                                                                                                                                                                                                                                                                                                                                                                                                                                                                            ;
+---------------+--------------+---------------------+---------------------+------------------------------+------------------------------+---------------------+---------------------+--------------------------------------+--------------------------------------+-----------------------------+-----------------------------+----------------------------+----------------------------+-----------------------------+-----------------------------+--------------------+--------------------+-------------------------------------+-------------------------------------+----------------------------+----------------------------+---------------------------+---------------------------+
; Pin           ; I/O Standard ; Board Delay on Rise ; Board Delay on Fall ; Steady State Voh at FPGA Pin ; Steady State Vol at FPGA Pin ; Voh Max at FPGA Pin ; Vol Min at FPGA Pin ; Ringback Voltage on Rise at FPGA Pin ; Ringback Voltage on Fall at FPGA Pin ; 10-90 Rise Time at FPGA Pin ; 90-10 Fall Time at FPGA Pin ; Monotonic Rise at FPGA Pin ; Monotonic Fall at FPGA Pin ; Steady State Voh at Far-end ; Steady State Vol at Far-end ; Voh Max at Far-end ; Vol Min at Far-end ; Ringback Voltage on Rise at Far-end ; Ringback Voltage on Fall at Far-end ; 10-90 Rise Time at Far-end ; 90-10 Fall Time at Far-end ; Monotonic Rise at Far-end ; Monotonic Fall at Far-end ;
+---------------+--------------+---------------------+---------------------+------------------------------+------------------------------+---------------------+---------------------+--------------------------------------+--------------------------------------+-----------------------------+-----------------------------+----------------------------+----------------------------+-----------------------------+-----------------------------+--------------------+--------------------+-------------------------------------+-------------------------------------+----------------------------+----------------------------+---------------------------+---------------------------+
; f1            ; 2.5 V        ; 0 s                 ; 0 s                 ; 2.62 V                       ; 3.16e-08 V                   ; 2.71 V              ; -0.0171 V           ; 0.273 V                              ; 0.065 V                              ; 4.95e-10 s                  ; 5.37e-10 s                  ; No                         ; Yes                        ; 2.62 V                      ; 3.16e-08 V                  ; 2.71 V             ; -0.0171 V          ; 0.273 V                             ; 0.065 V                             ; 4.95e-10 s                 ; 5.37e-10 s                 ; No                        ; Yes                       ;
; f2            ; 2.5 V        ; 0 s                 ; 0 s                 ; 2.62 V                       ; 3.16e-08 V                   ; 2.72 V              ; -0.0199 V           ; 0.186 V                              ; 0.027 V                              ; 2.63e-10 s                  ; 2.76e-10 s                  ; Yes                        ; Yes                        ; 2.62 V                      ; 3.16e-08 V                  ; 2.72 V             ; -0.0199 V          ; 0.186 V                             ; 0.027 V                             ; 2.63e-10 s                 ; 2.76e-10 s                 ; Yes                       ; Yes                       ;
; f3            ; 2.5 V        ; 0 s                 ; 0 s                 ; 2.62 V                       ; 4.66e-08 V                   ; 2.72 V              ; -0.0215 V           ; 0.161 V                              ; 0.061 V                              ; 4.44e-10 s                  ; 4.06e-10 s                  ; No                         ; Yes                        ; 2.62 V                      ; 4.66e-08 V                  ; 2.72 V             ; -0.0215 V          ; 0.161 V                             ; 0.061 V                             ; 4.44e-10 s                 ; 4.06e-10 s                 ; No                        ; Yes                       ;
; rr[7]         ; 2.5 V        ; 0 s                 ; 0 s                 ; 2.62 V                       ; 4.66e-08 V                   ; 2.73 V              ; -0.0205 V           ; 0.17 V                               ; 0.027 V                              ; 2.58e-10 s                  ; 2.57e-10 s                  ; Yes                        ; Yes                        ; 2.62 V                      ; 4.66e-08 V                  ; 2.73 V             ; -0.0205 V          ; 0.17 V                              ; 0.027 V                             ; 2.58e-10 s                 ; 2.57e-10 s                 ; Yes                       ; Yes                       ;
; rr[6]         ; 2.5 V        ; 0 s                 ; 0 s                 ; 2.62 V                       ; 3.16e-08 V                   ; 2.65 V              ; -0.0109 V           ; 0.234 V                              ; 0.125 V                              ; 1.64e-09 s                  ; 1.59e-09 s                  ; No                         ; Yes                        ; 2.62 V                      ; 3.16e-08 V                  ; 2.65 V             ; -0.0109 V          ; 0.234 V                             ; 0.125 V                             ; 1.64e-09 s                 ; 1.59e-09 s                 ; No                        ; Yes                       ;
; rr[5]         ; 2.5 V        ; 0 s                 ; 0 s                 ; 2.62 V                       ; 4.66e-08 V                   ; 2.72 V              ; -0.0215 V           ; 0.161 V                              ; 0.061 V                              ; 4.44e-10 s                  ; 4.06e-10 s                  ; No                         ; Yes                        ; 2.62 V                      ; 4.66e-08 V                  ; 2.72 V             ; -0.0215 V          ; 0.161 V                             ; 0.061 V                             ; 4.44e-10 s                 ; 4.06e-10 s                 ; No                        ; Yes                       ;
; rr[4]         ; 2.5 V        ; 0 s                 ; 0 s                 ; 2.62 V                       ; 3.16e-08 V                   ; 2.65 V              ; -0.0109 V           ; 0.234 V                              ; 0.125 V                              ; 1.64e-09 s                  ; 1.59e-09 s                  ; No                         ; Yes                        ; 2.62 V                      ; 3.16e-08 V                  ; 2.65 V             ; -0.0109 V          ; 0.234 V                             ; 0.125 V                             ; 1.64e-09 s                 ; 1.59e-09 s                 ; No                        ; Yes                       ;
; rr[3]         ; 2.5 V        ; 0 s                 ; 0 s                 ; 2.62 V                       ; 3.16e-08 V                   ; 2.72 V              ; -0.0199 V           ; 0.186 V                              ; 0.027 V                              ; 2.63e-10 s                  ; 2.76e-10 s                  ; Yes                        ; Yes                        ; 2.62 V                      ; 3.16e-08 V                  ; 2.72 V             ; -0.0199 V          ; 0.186 V                             ; 0.027 V                             ; 2.63e-10 s                 ; 2.76e-10 s                 ; Yes                       ; Yes                       ;
; rr[2]         ; 2.5 V        ; 0 s                 ; 0 s                 ; 2.62 V                       ; 4.66e-08 V                   ; 2.72 V              ; -0.0215 V           ; 0.161 V                              ; 0.061 V                              ; 4.44e-10 s                  ; 4.06e-10 s                  ; No                         ; Yes                        ; 2.62 V                      ; 4.66e-08 V                  ; 2.72 V             ; -0.0215 V          ; 0.161 V                             ; 0.061 V                             ; 4.44e-10 s                 ; 4.06e-10 s                 ; No                        ; Yes                       ;
; rr[1]         ; 2.5 V        ; 0 s                 ; 0 s                 ; 2.62 V                       ; 3.16e-08 V                   ; 2.71 V              ; -0.0171 V           ; 0.273 V                              ; 0.065 V                              ; 4.95e-10 s                  ; 5.37e-10 s                  ; No                         ; Yes                        ; 2.62 V                      ; 3.16e-08 V                  ; 2.71 V             ; -0.0171 V          ; 0.273 V                             ; 0.065 V                             ; 4.95e-10 s                 ; 5.37e-10 s                 ; No                        ; Yes                       ;
; rr[0]         ; 2.5 V        ; 0 s                 ; 0 s                 ; 2.62 V                       ; 3.16e-08 V                   ; 2.71 V              ; -0.0171 V           ; 0.273 V                              ; 0.065 V                              ; 4.95e-10 s                  ; 5.37e-10 s                  ; No                         ; Yes                        ; 2.62 V                      ; 3.16e-08 V                  ; 2.71 V             ; -0.0171 V          ; 0.273 V                             ; 0.065 V                             ; 4.95e-10 s                 ; 5.37e-10 s                 ; No                        ; Yes                       ;
; priznak[1]    ; 2.5 V        ; 0 s                 ; 0 s                 ; 2.62 V                       ; 4.66e-08 V                   ; 2.73 V              ; -0.0205 V           ; 0.17 V                               ; 0.027 V                              ; 2.58e-10 s                  ; 2.57e-10 s                  ; Yes                        ; Yes                        ; 2.62 V                      ; 4.66e-08 V                  ; 2.73 V             ; -0.0205 V          ; 0.17 V                              ; 0.027 V                             ; 2.58e-10 s                 ; 2.57e-10 s                 ; Yes                       ; Yes                       ;
; priznak[0]    ; 2.5 V        ; 0 s                 ; 0 s                 ; 2.62 V                       ; 4.66e-08 V                   ; 2.65 V              ; -0.0115 V           ; 0.219 V                              ; 0.115 V                              ; 1.64e-09 s                  ; 1.57e-09 s                  ; No                         ; Yes                        ; 2.62 V                      ; 4.66e-08 V                  ; 2.65 V             ; -0.0115 V          ; 0.219 V                             ; 0.115 V                             ; 1.64e-09 s                 ; 1.57e-09 s                 ; No                        ; Yes                       ;
; ~ALTERA_NCEO~ ; 2.5 V        ; 0 s                 ; 0 s                 ; 2.62 V                       ; 3.06e-08 V                   ; 2.86 V              ; -0.0341 V           ; 0.364 V                              ; 0.046 V                              ; 1.17e-10 s                  ; 2.6e-10 s                   ; No                         ; Yes                        ; 2.62 V                      ; 3.06e-08 V                  ; 2.86 V             ; -0.0341 V          ; 0.364 V                             ; 0.046 V                             ; 1.17e-10 s                 ; 2.6e-10 s                  ; No                        ; Yes                       ;
; ~ALTERA_DCLK~ ; 2.5 V        ; 0 s                 ; 0 s                 ; 2.62 V                       ; 3.81e-08 V                   ; 2.72 V              ; -0.0542 V           ; 0.144 V                              ; 0.087 V                              ; 2.55e-10 s                  ; 2.14e-10 s                  ; Yes                        ; Yes                        ; 2.62 V                      ; 3.81e-08 V                  ; 2.72 V             ; -0.0542 V          ; 0.144 V                             ; 0.087 V                             ; 2.55e-10 s                 ; 2.14e-10 s                 ; Yes                       ; Yes                       ;
+---------------+--------------+---------------------+---------------------+------------------------------+------------------------------+---------------------+---------------------+--------------------------------------+--------------------------------------+-----------------------------+-----------------------------+----------------------------+----------------------------+-----------------------------+-----------------------------+--------------------+--------------------+-------------------------------------+-------------------------------------+----------------------------+----------------------------+---------------------------+---------------------------+


+-------------------------------------------------------------------+
; Setup Transfers                                                   ;
+------------+----------+----------+----------+----------+----------+
; From Clock ; To Clock ; RR Paths ; FR Paths ; RF Paths ; FF Paths ;
+------------+----------+----------+----------+----------+----------+
; clk        ; clk      ; 572      ; 0        ; 0        ; 0        ;
+------------+----------+----------+----------+----------+----------+
Entries labeled "false path" only account for clock-to-clock false paths and not path-based false paths. As a result, actual path counts may be lower than reported.


+-------------------------------------------------------------------+
; Hold Transfers                                                    ;
+------------+----------+----------+----------+----------+----------+
; From Clock ; To Clock ; RR Paths ; FR Paths ; RF Paths ; FF Paths ;
+------------+----------+----------+----------+----------+----------+
; clk        ; clk      ; 572      ; 0        ; 0        ; 0        ;
+------------+----------+----------+----------+----------+----------+
Entries labeled "false path" only account for clock-to-clock false paths and not path-based false paths. As a result, actual path counts may be lower than reported.


---------------
; Report TCCS ;
---------------
No dedicated SERDES Transmitter circuitry present in device or used in design


---------------
; Report RSKM ;
---------------
No non-DPA dedicated SERDES Receiver circuitry present in device or used in design


+------------------------------------------------+
; Unconstrained Paths                            ;
+---------------------------------+-------+------+
; Property                        ; Setup ; Hold ;
+---------------------------------+-------+------+
; Illegal Clocks                  ; 0     ; 0    ;
; Unconstrained Clocks            ; 0     ; 0    ;
; Unconstrained Input Ports       ; 18    ; 18   ;
; Unconstrained Input Port Paths  ; 70    ; 70   ;
; Unconstrained Output Ports      ; 13    ; 13   ;
; Unconstrained Output Port Paths ; 17    ; 17   ;
+---------------------------------+-------+------+


+------------------------------------+
; TimeQuest Timing Analyzer Messages ;
+------------------------------------+
Info: *******************************************************************
Info: Running Quartus II 64-Bit TimeQuest Timing Analyzer
    Info: Version 13.1.0 Build 162 10/23/2013 SJ Web Edition
    Info: Processing started: Wed Oct 09 22:38:59 2024
Info: Command: quartus_sta SecondScheme -c SecondScheme
Info: qsta_default_script.tcl version: #1
Warning (20028): Parallel compilation is not licensed and has been disabled
Info (21076): High junction temperature operating condition is not set. Assuming a default value of '85'.
Info (21076): Low junction temperature operating condition is not set. Assuming a default value of '0'.
Critical Warning (332012): Synopsys Design Constraints File file not found: 'SecondScheme.sdc'. A Synopsys Design Constraints File is required by the TimeQuest Timing Analyzer to get proper timing constraints. Without it, the Compiler will not properly optimize the design.
Info (332142): No user constrained base clocks found in the design. Calling "derive_clocks -period 1.0"
Info (332105): Deriving Clocks
    Info (332105): create_clock -period 1.000 -name clk clk
Info (332143): No user constrained clock uncertainty found in the design. Calling "derive_clock_uncertainty"
Info (332123): Deriving Clock Uncertainty. Please refer to report_sdc in TimeQuest to see clock uncertainties.
Info: Found TIMEQUEST_REPORT_SCRIPT_INCLUDE_DEFAULT_ANALYSIS = ON
Info: Analyzing Slow 1200mV 85C Model
Critical Warning (332148): Timing requirements not met
    Info (11105): For recommendations on closing timing, run Report Timing Closure Recommendations in the TimeQuest Timing Analyzer.
Info (332146): Worst-case setup slack is -3.000
    Info (332119):     Slack       End Point TNS Clock 
    Info (332119): ========= =================== =====================
    Info (332119):    -3.000             -24.203 clk 
Info (332146): Worst-case hold slack is 0.356
    Info (332119):     Slack       End Point TNS Clock 
    Info (332119): ========= =================== =====================
    Info (332119):     0.356               0.000 clk 
Info (332140): No Recovery paths to report
Info (332140): No Removal paths to report
Info (332146): Worst-case minimum pulse width slack is -3.000
    Info (332119):     Slack       End Point TNS Clock 
    Info (332119): ========= =================== =====================
    Info (332119):    -3.000             -21.000 clk 
Info: Analyzing Slow 1200mV 0C Model
Info (334003): Started post-fitting delay annotation
Info (334004): Delay annotation completed successfully
Info (332123): Deriving Clock Uncertainty. Please refer to report_sdc in TimeQuest to see clock uncertainties.
Critical Warning (332148): Timing requirements not met
    Info (11105): For recommendations on closing timing, run Report Timing Closure Recommendations in the TimeQuest Timing Analyzer.
Info (332146): Worst-case setup slack is -2.581
    Info (332119):     Slack       End Point TNS Clock 
    Info (332119): ========= =================== =====================
    Info (332119):    -2.581             -20.223 clk 
Info (332146): Worst-case hold slack is 0.310
    Info (332119):     Slack       End Point TNS Clock 
    Info (332119): ========= =================== =====================
    Info (332119):     0.310               0.000 clk 
Info (332140): No Recovery paths to report
Info (332140): No Removal paths to report
Info (332146): Worst-case minimum pulse width slack is -3.000
    Info (332119):     Slack       End Point TNS Clock 
    Info (332119): ========= =================== =====================
    Info (332119):    -3.000             -21.000 clk 
Info: Analyzing Fast 1200mV 0C Model
Info (332123): Deriving Clock Uncertainty. Please refer to report_sdc in TimeQuest to see clock uncertainties.
Critical Warning (332148): Timing requirements not met
    Info (11105): For recommendations on closing timing, run Report Timing Closure Recommendations in the TimeQuest Timing Analyzer.
Info (332146): Worst-case setup slack is -1.235
    Info (332119):     Slack       End Point TNS Clock 
    Info (332119): ========= =================== =====================
    Info (332119):    -1.235              -8.880 clk 
Info (332146): Worst-case hold slack is 0.187
    Info (332119):     Slack       End Point TNS Clock 
    Info (332119): ========= =================== =====================
    Info (332119):     0.187               0.000 clk 
Info (332140): No Recovery paths to report
Info (332140): No Removal paths to report
Info (332146): Worst-case minimum pulse width slack is -3.000
    Info (332119):     Slack       End Point TNS Clock 
    Info (332119): ========= =================== =====================
    Info (332119):    -3.000             -21.558 clk 
Info (332102): Design is not fully constrained for setup requirements
Info (332102): Design is not fully constrained for hold requirements
Info: Quartus II 64-Bit TimeQuest Timing Analyzer was successful. 0 errors, 5 warnings
    Info: Peak virtual memory: 4644 megabytes
    Info: Processing ended: Wed Oct 09 22:39:02 2024
    Info: Elapsed time: 00:00:03
    Info: Total CPU time (on all processors): 00:00:03


