TimeQuest Timing Analyzer report for First
Wed Sep 18 15:47:41 2024
Quartus II 64-Bit Version 13.1.0 Build 162 10/23/2013 SJ Web Edition


---------------------
; Table of Contents ;
---------------------
  1. Legal Notice
  2. TimeQuest Timing Analyzer Summary
  3. Parallel Compilation
  4. Clocks
  5. Slow 1200mV 85C Model Fmax Summary
  6. Timing Closure Recommendations
  7. Slow 1200mV 85C Model Setup Summary
  8. Slow 1200mV 85C Model Hold Summary
  9. Slow 1200mV 85C Model Recovery Summary
 10. Slow 1200mV 85C Model Removal Summary
 11. Slow 1200mV 85C Model Minimum Pulse Width Summary
 12. Slow 1200mV 85C Model Setup: 'clk'
 13. Slow 1200mV 85C Model Hold: 'clk'
 14. Slow 1200mV 85C Model Minimum Pulse Width: 'clk'
 15. Setup Times
 16. Hold Times
 17. Clock to Output Times
 18. Minimum Clock to Output Times
 19. Slow 1200mV 85C Model Metastability Report
 20. Slow 1200mV 0C Model Fmax Summary
 21. Slow 1200mV 0C Model Setup Summary
 22. Slow 1200mV 0C Model Hold Summary
 23. Slow 1200mV 0C Model Recovery Summary
 24. Slow 1200mV 0C Model Removal Summary
 25. Slow 1200mV 0C Model Minimum Pulse Width Summary
 26. Slow 1200mV 0C Model Setup: 'clk'
 27. Slow 1200mV 0C Model Hold: 'clk'
 28. Slow 1200mV 0C Model Minimum Pulse Width: 'clk'
 29. Setup Times
 30. Hold Times
 31. Clock to Output Times
 32. Minimum Clock to Output Times
 33. Slow 1200mV 0C Model Metastability Report
 34. Fast 1200mV 0C Model Setup Summary
 35. Fast 1200mV 0C Model Hold Summary
 36. Fast 1200mV 0C Model Recovery Summary
 37. Fast 1200mV 0C Model Removal Summary
 38. Fast 1200mV 0C Model Minimum Pulse Width Summary
 39. Fast 1200mV 0C Model Setup: 'clk'
 40. Fast 1200mV 0C Model Hold: 'clk'
 41. Fast 1200mV 0C Model Minimum Pulse Width: 'clk'
 42. Setup Times
 43. Hold Times
 44. Clock to Output Times
 45. Minimum Clock to Output Times
 46. Fast 1200mV 0C Model Metastability Report
 47. Multicorner Timing Analysis Summary
 48. Setup Times
 49. Hold Times
 50. Clock to Output Times
 51. Minimum Clock to Output Times
 52. Board Trace Model Assignments
 53. Input Transition Times
 54. Signal Integrity Metrics (Slow 1200mv 0c Model)
 55. Signal Integrity Metrics (Slow 1200mv 85c Model)
 56. Signal Integrity Metrics (Fast 1200mv 0c Model)
 57. Setup Transfers
 58. Hold Transfers
 59. Report TCCS
 60. Report RSKM
 61. Unconstrained Paths
 62. TimeQuest Timing Analyzer Messages



----------------
; Legal Notice ;
----------------
Copyright (C) 1991-2013 Altera Corporation
Your use of Altera Corporation's design tools, logic functions 
and other software and tools, and its AMPP partner logic 
functions, and any output files from any of the foregoing 
(including device programming or simulation files), and any 
associated documentation or information are expressly subject 
to the terms and conditions of the Altera Program License 
Subscription Agreement, Altera MegaCore Function License 
Agreement, or other applicable license agreement, including, 
without limitation, that your use is for the sole purpose of 
programming logic devices manufactured by Altera and sold by 
Altera or its authorized distributors.  Please refer to the 
applicable agreement for further details.



+-------------------------------------------------------------------------+
; TimeQuest Timing Analyzer Summary                                       ;
+--------------------+----------------------------------------------------+
; Quartus II Version ; Version 13.1.0 Build 162 10/23/2013 SJ Web Edition ;
; Revision Name      ; First                                              ;
; Device Family      ; Cyclone IV GX                                      ;
; Device Name        ; EP4CGX15BF14C6                                     ;
; Timing Models      ; Final                                              ;
; Delay Model        ; Combined                                           ;
; Rise/Fall Delays   ; Enabled                                            ;
+--------------------+----------------------------------------------------+


Parallel compilation was disabled, but you have multiple processors available. Enable parallel compilation to reduce compilation time.
+-------------------------------------+
; Parallel Compilation                ;
+----------------------------+--------+
; Processors                 ; Number ;
+----------------------------+--------+
; Number detected on machine ; 4      ;
; Maximum allowed            ; 1      ;
+----------------------------+--------+


+---------------------------------------------------------------------------------------------------------------------------------------------------------------------------------+
; Clocks                                                                                                                                                                          ;
+------------+------+--------+------------+-------+-------+------------+-----------+-------------+-------+--------+-----------+------------+----------+--------+--------+---------+
; Clock Name ; Type ; Period ; Frequency  ; Rise  ; Fall  ; Duty Cycle ; Divide by ; Multiply by ; Phase ; Offset ; Edge List ; Edge Shift ; Inverted ; Master ; Source ; Targets ;
+------------+------+--------+------------+-------+-------+------------+-----------+-------------+-------+--------+-----------+------------+----------+--------+--------+---------+
; clk        ; Base ; 1.000  ; 1000.0 MHz ; 0.000 ; 0.500 ;            ;           ;             ;       ;        ;           ;            ;          ;        ;        ; { clk } ;
+------------+------+--------+------------+-------+-------+------------+-----------+-------------+-------+--------+-----------+------------+----------+--------+--------+---------+


+-------------------------------------------------+
; Slow 1200mV 85C Model Fmax Summary              ;
+-----------+-----------------+------------+------+
; Fmax      ; Restricted Fmax ; Clock Name ; Note ;
+-----------+-----------------+------------+------+
; 247.4 MHz ; 247.4 MHz       ; clk        ;      ;
+-----------+-----------------+------------+------+
This panel reports FMAX for every clock in the design, regardless of the user-specified clock periods.  FMAX is only computed for paths where the source and destination registers or ports are driven by the same clock.  Paths of different clocks, including generated clocks, are ignored.  For paths between a clock and its inversion, FMAX is computed as if the rising and falling edges are scaled along with FMAX, such that the duty cycle (in terms of a percentage) is maintained. Altera recommends that you always use clock constraints and other slack reports for sign-off analysis.


----------------------------------
; Timing Closure Recommendations ;
----------------------------------
HTML report is unavailable in plain text report export.


+-------------------------------------+
; Slow 1200mV 85C Model Setup Summary ;
+-------+--------+--------------------+
; Clock ; Slack  ; End Point TNS      ;
+-------+--------+--------------------+
; clk   ; -3.042 ; -26.997            ;
+-------+--------+--------------------+


+------------------------------------+
; Slow 1200mV 85C Model Hold Summary ;
+-------+-------+--------------------+
; Clock ; Slack ; End Point TNS      ;
+-------+-------+--------------------+
; clk   ; 0.356 ; 0.000              ;
+-------+-------+--------------------+


------------------------------------------
; Slow 1200mV 85C Model Recovery Summary ;
------------------------------------------
No paths to report.


-----------------------------------------
; Slow 1200mV 85C Model Removal Summary ;
-----------------------------------------
No paths to report.


+---------------------------------------------------+
; Slow 1200mV 85C Model Minimum Pulse Width Summary ;
+-------+--------+----------------------------------+
; Clock ; Slack  ; End Point TNS                    ;
+-------+--------+----------------------------------+
; clk   ; -3.000 ; -21.000                          ;
+-------+--------+----------------------------------+


+--------------------------------------------------------------------------------------------------------------------------------------------------------------------------------------------+
; Slow 1200mV 85C Model Setup: 'clk'                                                                                                                                                         ;
+--------+------------------------------------------------------+------------------------------------------------------+--------------+-------------+--------------+------------+------------+
; Slack  ; From Node                                            ; To Node                                              ; Launch Clock ; Latch Clock ; Relationship ; Clock Skew ; Data Delay ;
+--------+------------------------------------------------------+------------------------------------------------------+--------------+-------------+--------------+------------+------------+
; -3.042 ; rr:inst6|lpm_shiftreg:lpm_shiftreg_component|dffs[5] ; rr:inst6|lpm_shiftreg:lpm_shiftreg_component|dffs[3] ; clk          ; clk         ; 1.000        ; -0.064     ; 3.973      ;
; -3.038 ; rr:inst6|lpm_shiftreg:lpm_shiftreg_component|dffs[2] ; rr:inst6|lpm_shiftreg:lpm_shiftreg_component|dffs[1] ; clk          ; clk         ; 1.000        ; -0.065     ; 3.968      ;
; -3.038 ; rr:inst6|lpm_shiftreg:lpm_shiftreg_component|dffs[3] ; rr:inst6|lpm_shiftreg:lpm_shiftreg_component|dffs[3] ; clk          ; clk         ; 1.000        ; -0.064     ; 3.969      ;
; -3.008 ; rr:inst6|lpm_shiftreg:lpm_shiftreg_component|dffs[5] ; rr:inst6|lpm_shiftreg:lpm_shiftreg_component|dffs[4] ; clk          ; clk         ; 1.000        ; -0.065     ; 3.938      ;
; -3.007 ; rr:inst6|lpm_shiftreg:lpm_shiftreg_component|dffs[7] ; rr:inst6|lpm_shiftreg:lpm_shiftreg_component|dffs[7] ; clk          ; clk         ; 1.000        ; -0.064     ; 3.938      ;
; -2.993 ; rr:inst6|lpm_shiftreg:lpm_shiftreg_component|dffs[5] ; rr:inst6|lpm_shiftreg:lpm_shiftreg_component|dffs[5] ; clk          ; clk         ; 1.000        ; -0.064     ; 3.924      ;
; -2.960 ; rb:inst1|lpm_shiftreg:LPM_SHIFTREG_component|dffs[0] ; rr:inst6|lpm_shiftreg:lpm_shiftreg_component|dffs[3] ; clk          ; clk         ; 1.000        ; -0.064     ; 3.891      ;
; -2.940 ; rr:inst6|lpm_shiftreg:lpm_shiftreg_component|dffs[6] ; rr:inst6|lpm_shiftreg:lpm_shiftreg_component|dffs[3] ; clk          ; clk         ; 1.000        ; -0.064     ; 3.871      ;
; -2.931 ; rb:inst1|lpm_shiftreg:LPM_SHIFTREG_component|dffs[0] ; rr:inst6|lpm_shiftreg:lpm_shiftreg_component|dffs[7] ; clk          ; clk         ; 1.000        ; -0.064     ; 3.862      ;
; -2.930 ; ra:inst|lpm_ff:lpm_ff_component|dffs[3]              ; rr:inst6|lpm_shiftreg:lpm_shiftreg_component|dffs[3] ; clk          ; clk         ; 1.000        ; -0.064     ; 3.861      ;
; -2.922 ; rr:inst6|lpm_shiftreg:lpm_shiftreg_component|dffs[1] ; rr:inst6|lpm_shiftreg:lpm_shiftreg_component|dffs[1] ; clk          ; clk         ; 1.000        ; -0.065     ; 3.852      ;
; -2.911 ; rr:inst6|lpm_shiftreg:lpm_shiftreg_component|dffs[6] ; rr:inst6|lpm_shiftreg:lpm_shiftreg_component|dffs[6] ; clk          ; clk         ; 1.000        ; -0.064     ; 3.842      ;
; -2.907 ; rr:inst6|lpm_shiftreg:lpm_shiftreg_component|dffs[2] ; rr:inst6|lpm_shiftreg:lpm_shiftreg_component|dffs[2] ; clk          ; clk         ; 1.000        ; -0.065     ; 3.837      ;
; -2.899 ; rr:inst6|lpm_shiftreg:lpm_shiftreg_component|dffs[7] ; rr:inst6|lpm_shiftreg:lpm_shiftreg_component|dffs[6] ; clk          ; clk         ; 1.000        ; -0.064     ; 3.830      ;
; -2.897 ; rr:inst6|lpm_shiftreg:lpm_shiftreg_component|dffs[6] ; rr:inst6|lpm_shiftreg:lpm_shiftreg_component|dffs[5] ; clk          ; clk         ; 1.000        ; -0.064     ; 3.828      ;
; -2.894 ; rr:inst6|lpm_shiftreg:lpm_shiftreg_component|dffs[4] ; rr:inst6|lpm_shiftreg:lpm_shiftreg_component|dffs[3] ; clk          ; clk         ; 1.000        ; -0.064     ; 3.825      ;
; -2.887 ; rb:inst1|lpm_shiftreg:LPM_SHIFTREG_component|dffs[2] ; rr:inst6|lpm_shiftreg:lpm_shiftreg_component|dffs[1] ; clk          ; clk         ; 1.000        ; -0.065     ; 3.817      ;
; -2.849 ; rb:inst1|lpm_shiftreg:LPM_SHIFTREG_component|dffs[1] ; rr:inst6|lpm_shiftreg:lpm_shiftreg_component|dffs[0] ; clk          ; clk         ; 1.000        ; -0.065     ; 3.779      ;
; -2.823 ; rb:inst1|lpm_shiftreg:LPM_SHIFTREG_component|dffs[0] ; rr:inst6|lpm_shiftreg:lpm_shiftreg_component|dffs[6] ; clk          ; clk         ; 1.000        ; -0.064     ; 3.754      ;
; -2.803 ; rb:inst1|lpm_shiftreg:LPM_SHIFTREG_component|dffs[0] ; rr:inst6|lpm_shiftreg:lpm_shiftreg_component|dffs[4] ; clk          ; clk         ; 1.000        ; -0.065     ; 3.733      ;
; -2.802 ; rr:inst6|lpm_shiftreg:lpm_shiftreg_component|dffs[7] ; rr:inst6|lpm_shiftreg:lpm_shiftreg_component|dffs[3] ; clk          ; clk         ; 1.000        ; -0.064     ; 3.733      ;
; -2.794 ; rr:inst6|lpm_shiftreg:lpm_shiftreg_component|dffs[2] ; rr:inst6|lpm_shiftreg:lpm_shiftreg_component|dffs[0] ; clk          ; clk         ; 1.000        ; -0.065     ; 3.724      ;
; -2.793 ; rr:inst6|lpm_shiftreg:lpm_shiftreg_component|dffs[1] ; rr:inst6|lpm_shiftreg:lpm_shiftreg_component|dffs[0] ; clk          ; clk         ; 1.000        ; -0.065     ; 3.723      ;
; -2.792 ; ra:inst|lpm_ff:lpm_ff_component|dffs[3]              ; rr:inst6|lpm_shiftreg:lpm_shiftreg_component|dffs[7] ; clk          ; clk         ; 1.000        ; -0.064     ; 3.723      ;
; -2.788 ; rb:inst1|lpm_shiftreg:LPM_SHIFTREG_component|dffs[0] ; rr:inst6|lpm_shiftreg:lpm_shiftreg_component|dffs[5] ; clk          ; clk         ; 1.000        ; -0.064     ; 3.719      ;
; -2.786 ; ra:inst|lpm_ff:lpm_ff_component|dffs[1]              ; rr:inst6|lpm_shiftreg:lpm_shiftreg_component|dffs[1] ; clk          ; clk         ; 1.000        ; -0.065     ; 3.716      ;
; -2.780 ; rr:inst6|lpm_shiftreg:lpm_shiftreg_component|dffs[6] ; rr:inst6|lpm_shiftreg:lpm_shiftreg_component|dffs[4] ; clk          ; clk         ; 1.000        ; -0.065     ; 3.710      ;
; -2.769 ; rr:inst6|lpm_shiftreg:lpm_shiftreg_component|dffs[5] ; rr:inst6|lpm_shiftreg:lpm_shiftreg_component|dffs[1] ; clk          ; clk         ; 1.000        ; -0.065     ; 3.699      ;
; -2.768 ; rr:inst6|lpm_shiftreg:lpm_shiftreg_component|dffs[7] ; rr:inst6|lpm_shiftreg:lpm_shiftreg_component|dffs[4] ; clk          ; clk         ; 1.000        ; -0.065     ; 3.698      ;
; -2.765 ; rr:inst6|lpm_shiftreg:lpm_shiftreg_component|dffs[3] ; rr:inst6|lpm_shiftreg:lpm_shiftreg_component|dffs[1] ; clk          ; clk         ; 1.000        ; -0.065     ; 3.695      ;
; -2.758 ; rb:inst1|lpm_shiftreg:LPM_SHIFTREG_component|dffs[2] ; rr:inst6|lpm_shiftreg:lpm_shiftreg_component|dffs[0] ; clk          ; clk         ; 1.000        ; -0.065     ; 3.688      ;
; -2.753 ; rr:inst6|lpm_shiftreg:lpm_shiftreg_component|dffs[7] ; rr:inst6|lpm_shiftreg:lpm_shiftreg_component|dffs[5] ; clk          ; clk         ; 1.000        ; -0.064     ; 3.684      ;
; -2.753 ; rr:inst6|lpm_shiftreg:lpm_shiftreg_component|dffs[5] ; rr:inst6|lpm_shiftreg:lpm_shiftreg_component|dffs[2] ; clk          ; clk         ; 1.000        ; -0.065     ; 3.683      ;
; -2.749 ; rr:inst6|lpm_shiftreg:lpm_shiftreg_component|dffs[3] ; rr:inst6|lpm_shiftreg:lpm_shiftreg_component|dffs[2] ; clk          ; clk         ; 1.000        ; -0.065     ; 3.679      ;
; -2.742 ; rr:inst6|lpm_shiftreg:lpm_shiftreg_component|dffs[0] ; rr:inst6|lpm_shiftreg:lpm_shiftreg_component|dffs[0] ; clk          ; clk         ; 1.000        ; -0.065     ; 3.672      ;
; -2.734 ; rr:inst6|lpm_shiftreg:lpm_shiftreg_component|dffs[4] ; rr:inst6|lpm_shiftreg:lpm_shiftreg_component|dffs[4] ; clk          ; clk         ; 1.000        ; -0.065     ; 3.664      ;
; -2.733 ; rb:inst1|lpm_shiftreg:LPM_SHIFTREG_component|dffs[3] ; rr:inst6|lpm_shiftreg:lpm_shiftreg_component|dffs[1] ; clk          ; clk         ; 1.000        ; -0.065     ; 3.663      ;
; -2.689 ; ra:inst|lpm_ff:lpm_ff_component|dffs[2]              ; rr:inst6|lpm_shiftreg:lpm_shiftreg_component|dffs[1] ; clk          ; clk         ; 1.000        ; -0.065     ; 3.619      ;
; -2.687 ; rb:inst1|lpm_shiftreg:LPM_SHIFTREG_component|dffs[0] ; rr:inst6|lpm_shiftreg:lpm_shiftreg_component|dffs[1] ; clk          ; clk         ; 1.000        ; -0.065     ; 3.617      ;
; -2.684 ; ra:inst|lpm_ff:lpm_ff_component|dffs[3]              ; rr:inst6|lpm_shiftreg:lpm_shiftreg_component|dffs[6] ; clk          ; clk         ; 1.000        ; -0.064     ; 3.615      ;
; -2.671 ; rb:inst1|lpm_shiftreg:LPM_SHIFTREG_component|dffs[0] ; rr:inst6|lpm_shiftreg:lpm_shiftreg_component|dffs[2] ; clk          ; clk         ; 1.000        ; -0.065     ; 3.601      ;
; -2.670 ; ra:inst|lpm_ff:lpm_ff_component|dffs[3]              ; rr:inst6|lpm_shiftreg:lpm_shiftreg_component|dffs[4] ; clk          ; clk         ; 1.000        ; -0.065     ; 3.600      ;
; -2.667 ; rr:inst6|lpm_shiftreg:lpm_shiftreg_component|dffs[6] ; rr:inst6|lpm_shiftreg:lpm_shiftreg_component|dffs[1] ; clk          ; clk         ; 1.000        ; -0.065     ; 3.597      ;
; -2.657 ; ra:inst|lpm_ff:lpm_ff_component|dffs[3]              ; rr:inst6|lpm_shiftreg:lpm_shiftreg_component|dffs[1] ; clk          ; clk         ; 1.000        ; -0.065     ; 3.587      ;
; -2.657 ; ra:inst|lpm_ff:lpm_ff_component|dffs[1]              ; rr:inst6|lpm_shiftreg:lpm_shiftreg_component|dffs[0] ; clk          ; clk         ; 1.000        ; -0.065     ; 3.587      ;
; -2.655 ; ra:inst|lpm_ff:lpm_ff_component|dffs[3]              ; rr:inst6|lpm_shiftreg:lpm_shiftreg_component|dffs[5] ; clk          ; clk         ; 1.000        ; -0.064     ; 3.586      ;
; -2.641 ; ra:inst|lpm_ff:lpm_ff_component|dffs[3]              ; rr:inst6|lpm_shiftreg:lpm_shiftreg_component|dffs[2] ; clk          ; clk         ; 1.000        ; -0.065     ; 3.571      ;
; -2.640 ; rr:inst6|lpm_shiftreg:lpm_shiftreg_component|dffs[5] ; rr:inst6|lpm_shiftreg:lpm_shiftreg_component|dffs[0] ; clk          ; clk         ; 1.000        ; -0.065     ; 3.570      ;
; -2.636 ; rr:inst6|lpm_shiftreg:lpm_shiftreg_component|dffs[3] ; rr:inst6|lpm_shiftreg:lpm_shiftreg_component|dffs[0] ; clk          ; clk         ; 1.000        ; -0.065     ; 3.566      ;
; -2.621 ; rr:inst6|lpm_shiftreg:lpm_shiftreg_component|dffs[4] ; rr:inst6|lpm_shiftreg:lpm_shiftreg_component|dffs[1] ; clk          ; clk         ; 1.000        ; -0.065     ; 3.551      ;
; -2.619 ; rb:inst1|lpm_shiftreg:LPM_SHIFTREG_component|dffs[3] ; rr:inst6|lpm_shiftreg:lpm_shiftreg_component|dffs[2] ; clk          ; clk         ; 1.000        ; -0.065     ; 3.549      ;
; -2.596 ; ra:inst|lpm_ff:lpm_ff_component|dffs[0]              ; rr:inst6|lpm_shiftreg:lpm_shiftreg_component|dffs[0] ; clk          ; clk         ; 1.000        ; -0.065     ; 3.526      ;
; -2.593 ; ra:inst|lpm_ff:lpm_ff_component|dffs[2]              ; rr:inst6|lpm_shiftreg:lpm_shiftreg_component|dffs[2] ; clk          ; clk         ; 1.000        ; -0.065     ; 3.523      ;
; -2.558 ; rb:inst1|lpm_shiftreg:LPM_SHIFTREG_component|dffs[0] ; rr:inst6|lpm_shiftreg:lpm_shiftreg_component|dffs[0] ; clk          ; clk         ; 1.000        ; -0.065     ; 3.488      ;
; -2.529 ; rr:inst6|lpm_shiftreg:lpm_shiftreg_component|dffs[7] ; rr:inst6|lpm_shiftreg:lpm_shiftreg_component|dffs[1] ; clk          ; clk         ; 1.000        ; -0.065     ; 3.459      ;
; -2.528 ; ra:inst|lpm_ff:lpm_ff_component|dffs[3]              ; rr:inst6|lpm_shiftreg:lpm_shiftreg_component|dffs[0] ; clk          ; clk         ; 1.000        ; -0.065     ; 3.458      ;
; -2.525 ; rr:inst6|lpm_shiftreg:lpm_shiftreg_component|dffs[6] ; rr:inst6|lpm_shiftreg:lpm_shiftreg_component|dffs[2] ; clk          ; clk         ; 1.000        ; -0.065     ; 3.455      ;
; -2.513 ; rr:inst6|lpm_shiftreg:lpm_shiftreg_component|dffs[7] ; rr:inst6|lpm_shiftreg:lpm_shiftreg_component|dffs[2] ; clk          ; clk         ; 1.000        ; -0.065     ; 3.443      ;
; -2.506 ; rb:inst1|lpm_shiftreg:LPM_SHIFTREG_component|dffs[3] ; rr:inst6|lpm_shiftreg:lpm_shiftreg_component|dffs[0] ; clk          ; clk         ; 1.000        ; -0.065     ; 3.436      ;
; -2.480 ; ra:inst|lpm_ff:lpm_ff_component|dffs[2]              ; rr:inst6|lpm_shiftreg:lpm_shiftreg_component|dffs[0] ; clk          ; clk         ; 1.000        ; -0.065     ; 3.410      ;
; -2.479 ; rr:inst6|lpm_shiftreg:lpm_shiftreg_component|dffs[4] ; rr:inst6|lpm_shiftreg:lpm_shiftreg_component|dffs[2] ; clk          ; clk         ; 1.000        ; -0.065     ; 3.409      ;
; -2.412 ; rr:inst6|lpm_shiftreg:lpm_shiftreg_component|dffs[6] ; rr:inst6|lpm_shiftreg:lpm_shiftreg_component|dffs[0] ; clk          ; clk         ; 1.000        ; -0.065     ; 3.342      ;
; -2.400 ; rr:inst6|lpm_shiftreg:lpm_shiftreg_component|dffs[7] ; rr:inst6|lpm_shiftreg:lpm_shiftreg_component|dffs[0] ; clk          ; clk         ; 1.000        ; -0.065     ; 3.330      ;
; -2.366 ; rr:inst6|lpm_shiftreg:lpm_shiftreg_component|dffs[4] ; rr:inst6|lpm_shiftreg:lpm_shiftreg_component|dffs[0] ; clk          ; clk         ; 1.000        ; -0.065     ; 3.296      ;
; -2.201 ; rb:inst1|lpm_shiftreg:LPM_SHIFTREG_component|dffs[1] ; rr:inst6|lpm_shiftreg:lpm_shiftreg_component|dffs[7] ; clk          ; clk         ; 1.000        ; -0.064     ; 3.132      ;
; -2.135 ; rr:inst6|lpm_shiftreg:lpm_shiftreg_component|dffs[2] ; rr:inst6|lpm_shiftreg:lpm_shiftreg_component|dffs[7] ; clk          ; clk         ; 1.000        ; -0.064     ; 3.066      ;
; -2.061 ; rr:inst6|lpm_shiftreg:lpm_shiftreg_component|dffs[0] ; rr:inst6|lpm_shiftreg:lpm_shiftreg_component|dffs[7] ; clk          ; clk         ; 1.000        ; -0.064     ; 2.992      ;
; -1.996 ; rb:inst1|lpm_shiftreg:LPM_SHIFTREG_component|dffs[1] ; rr:inst6|lpm_shiftreg:lpm_shiftreg_component|dffs[3] ; clk          ; clk         ; 1.000        ; -0.064     ; 2.927      ;
; -1.965 ; rb:inst1|lpm_shiftreg:LPM_SHIFTREG_component|dffs[1] ; rr:inst6|lpm_shiftreg:lpm_shiftreg_component|dffs[6] ; clk          ; clk         ; 1.000        ; -0.064     ; 2.896      ;
; -1.953 ; rb:inst1|lpm_shiftreg:LPM_SHIFTREG_component|dffs[1] ; rr:inst6|lpm_shiftreg:lpm_shiftreg_component|dffs[5] ; clk          ; clk         ; 1.000        ; -0.064     ; 2.884      ;
; -1.930 ; rr:inst6|lpm_shiftreg:lpm_shiftreg_component|dffs[2] ; rr:inst6|lpm_shiftreg:lpm_shiftreg_component|dffs[3] ; clk          ; clk         ; 1.000        ; -0.064     ; 2.861      ;
; -1.899 ; rr:inst6|lpm_shiftreg:lpm_shiftreg_component|dffs[2] ; rr:inst6|lpm_shiftreg:lpm_shiftreg_component|dffs[6] ; clk          ; clk         ; 1.000        ; -0.064     ; 2.830      ;
; -1.897 ; rr:inst6|lpm_shiftreg:lpm_shiftreg_component|dffs[3] ; rpr:inst16|lpm_ff:lpm_ff_component|dffs[1]           ; clk          ; clk         ; 1.000        ; -0.077     ; 2.815      ;
; -1.896 ; ra:inst|lpm_ff:lpm_ff_component|dffs[0]              ; rr:inst6|lpm_shiftreg:lpm_shiftreg_component|dffs[7] ; clk          ; clk         ; 1.000        ; -0.064     ; 2.827      ;
; -1.887 ; rr:inst6|lpm_shiftreg:lpm_shiftreg_component|dffs[2] ; rr:inst6|lpm_shiftreg:lpm_shiftreg_component|dffs[5] ; clk          ; clk         ; 1.000        ; -0.064     ; 2.818      ;
; -1.883 ; rb:inst1|lpm_shiftreg:LPM_SHIFTREG_component|dffs[2] ; rr:inst6|lpm_shiftreg:lpm_shiftreg_component|dffs[7] ; clk          ; clk         ; 1.000        ; -0.064     ; 2.814      ;
; -1.877 ; rr:inst6|lpm_shiftreg:lpm_shiftreg_component|dffs[1] ; rr:inst6|lpm_shiftreg:lpm_shiftreg_component|dffs[7] ; clk          ; clk         ; 1.000        ; -0.064     ; 2.808      ;
; -1.856 ; rr:inst6|lpm_shiftreg:lpm_shiftreg_component|dffs[0] ; rr:inst6|lpm_shiftreg:lpm_shiftreg_component|dffs[3] ; clk          ; clk         ; 1.000        ; -0.064     ; 2.787      ;
; -1.836 ; rb:inst1|lpm_shiftreg:LPM_SHIFTREG_component|dffs[1] ; rr:inst6|lpm_shiftreg:lpm_shiftreg_component|dffs[4] ; clk          ; clk         ; 1.000        ; -0.065     ; 2.766      ;
; -1.830 ; rb:inst1|lpm_shiftreg:LPM_SHIFTREG_component|dffs[3] ; rr:inst6|lpm_shiftreg:lpm_shiftreg_component|dffs[7] ; clk          ; clk         ; 1.000        ; -0.064     ; 2.761      ;
; -1.825 ; rr:inst6|lpm_shiftreg:lpm_shiftreg_component|dffs[0] ; rr:inst6|lpm_shiftreg:lpm_shiftreg_component|dffs[6] ; clk          ; clk         ; 1.000        ; -0.064     ; 2.756      ;
; -1.824 ; rr:inst6|lpm_shiftreg:lpm_shiftreg_component|dffs[2] ; rpr:inst16|lpm_ff:lpm_ff_component|dffs[1]           ; clk          ; clk         ; 1.000        ; -0.077     ; 2.742      ;
; -1.813 ; rr:inst6|lpm_shiftreg:lpm_shiftreg_component|dffs[0] ; rr:inst6|lpm_shiftreg:lpm_shiftreg_component|dffs[5] ; clk          ; clk         ; 1.000        ; -0.064     ; 2.744      ;
; -1.786 ; ra:inst|lpm_ff:lpm_ff_component|dffs[2]              ; rr:inst6|lpm_shiftreg:lpm_shiftreg_component|dffs[7] ; clk          ; clk         ; 1.000        ; -0.064     ; 2.717      ;
; -1.770 ; rr:inst6|lpm_shiftreg:lpm_shiftreg_component|dffs[2] ; rr:inst6|lpm_shiftreg:lpm_shiftreg_component|dffs[4] ; clk          ; clk         ; 1.000        ; -0.065     ; 2.700      ;
; -1.765 ; rr:inst6|lpm_shiftreg:lpm_shiftreg_component|dffs[5] ; rr:inst6|lpm_shiftreg:lpm_shiftreg_component|dffs[7] ; clk          ; clk         ; 1.000        ; -0.064     ; 2.696      ;
; -1.764 ; rr:inst6|lpm_shiftreg:lpm_shiftreg_component|dffs[6] ; rr:inst6|lpm_shiftreg:lpm_shiftreg_component|dffs[7] ; clk          ; clk         ; 1.000        ; -0.064     ; 2.695      ;
; -1.760 ; rr:inst6|lpm_shiftreg:lpm_shiftreg_component|dffs[1] ; rr:inst6|lpm_shiftreg:lpm_shiftreg_component|dffs[6] ; clk          ; clk         ; 1.000        ; -0.064     ; 2.691      ;
; -1.753 ; rr:inst6|lpm_shiftreg:lpm_shiftreg_component|dffs[3] ; rr:inst6|lpm_shiftreg:lpm_shiftreg_component|dffs[7] ; clk          ; clk         ; 1.000        ; -0.064     ; 2.684      ;
; -1.732 ; ra:inst|lpm_ff:lpm_ff_component|dffs[1]              ; rr:inst6|lpm_shiftreg:lpm_shiftreg_component|dffs[7] ; clk          ; clk         ; 1.000        ; -0.064     ; 2.663      ;
; -1.725 ; rb:inst1|lpm_shiftreg:LPM_SHIFTREG_component|dffs[2] ; rr:inst6|lpm_shiftreg:lpm_shiftreg_component|dffs[6] ; clk          ; clk         ; 1.000        ; -0.064     ; 2.656      ;
; -1.723 ; rb:inst1|lpm_shiftreg:LPM_SHIFTREG_component|dffs[1] ; rr:inst6|lpm_shiftreg:lpm_shiftreg_component|dffs[1] ; clk          ; clk         ; 1.000        ; -0.065     ; 2.653      ;
; -1.718 ; rr:inst6|lpm_shiftreg:lpm_shiftreg_component|dffs[4] ; rr:inst6|lpm_shiftreg:lpm_shiftreg_component|dffs[7] ; clk          ; clk         ; 1.000        ; -0.064     ; 2.649      ;
; -1.696 ; rr:inst6|lpm_shiftreg:lpm_shiftreg_component|dffs[0] ; rr:inst6|lpm_shiftreg:lpm_shiftreg_component|dffs[4] ; clk          ; clk         ; 1.000        ; -0.065     ; 2.626      ;
; -1.691 ; ra:inst|lpm_ff:lpm_ff_component|dffs[0]              ; rr:inst6|lpm_shiftreg:lpm_shiftreg_component|dffs[3] ; clk          ; clk         ; 1.000        ; -0.064     ; 2.622      ;
; -1.678 ; rb:inst1|lpm_shiftreg:LPM_SHIFTREG_component|dffs[2] ; rr:inst6|lpm_shiftreg:lpm_shiftreg_component|dffs[3] ; clk          ; clk         ; 1.000        ; -0.064     ; 2.609      ;
; -1.672 ; rr:inst6|lpm_shiftreg:lpm_shiftreg_component|dffs[1] ; rr:inst6|lpm_shiftreg:lpm_shiftreg_component|dffs[3] ; clk          ; clk         ; 1.000        ; -0.064     ; 2.603      ;
; -1.660 ; ra:inst|lpm_ff:lpm_ff_component|dffs[0]              ; rr:inst6|lpm_shiftreg:lpm_shiftreg_component|dffs[6] ; clk          ; clk         ; 1.000        ; -0.064     ; 2.591      ;
; -1.648 ; ra:inst|lpm_ff:lpm_ff_component|dffs[0]              ; rr:inst6|lpm_shiftreg:lpm_shiftreg_component|dffs[5] ; clk          ; clk         ; 1.000        ; -0.064     ; 2.579      ;
; -1.643 ; rr:inst6|lpm_shiftreg:lpm_shiftreg_component|dffs[1] ; rpr:inst16|lpm_ff:lpm_ff_component|dffs[1]           ; clk          ; clk         ; 1.000        ; -0.077     ; 2.561      ;
+--------+------------------------------------------------------+------------------------------------------------------+--------------+-------------+--------------+------------+------------+


+-------------------------------------------------------------------------------------------------------------------------------------------------------------------------------------------+
; Slow 1200mV 85C Model Hold: 'clk'                                                                                                                                                         ;
+-------+------------------------------------------------------+------------------------------------------------------+--------------+-------------+--------------+------------+------------+
; Slack ; From Node                                            ; To Node                                              ; Launch Clock ; Latch Clock ; Relationship ; Clock Skew ; Data Delay ;
+-------+------------------------------------------------------+------------------------------------------------------+--------------+-------------+--------------+------------+------------+
; 0.356 ; rb:inst1|lpm_shiftreg:LPM_SHIFTREG_component|dffs[0] ; rb:inst1|lpm_shiftreg:LPM_SHIFTREG_component|dffs[0] ; clk          ; clk         ; 0.000        ; 0.064      ; 0.577      ;
; 0.604 ; rb:inst1|lpm_shiftreg:LPM_SHIFTREG_component|dffs[2] ; rb:inst1|lpm_shiftreg:LPM_SHIFTREG_component|dffs[3] ; clk          ; clk         ; 0.000        ; 0.064      ; 0.825      ;
; 0.604 ; rb:inst1|lpm_shiftreg:LPM_SHIFTREG_component|dffs[1] ; rb:inst1|lpm_shiftreg:LPM_SHIFTREG_component|dffs[2] ; clk          ; clk         ; 0.000        ; 0.064      ; 0.825      ;
; 0.665 ; rb:inst1|lpm_shiftreg:LPM_SHIFTREG_component|dffs[0] ; rb:inst1|lpm_shiftreg:LPM_SHIFTREG_component|dffs[1] ; clk          ; clk         ; 0.000        ; 0.064      ; 0.886      ;
; 0.727 ; rr:inst6|lpm_shiftreg:lpm_shiftreg_component|dffs[5] ; rr:inst6|lpm_shiftreg:lpm_shiftreg_component|dffs[6] ; clk          ; clk         ; 0.000        ; 0.064      ; 0.948      ;
; 0.793 ; rr:inst6|lpm_shiftreg:lpm_shiftreg_component|dffs[2] ; rr:inst6|lpm_shiftreg:lpm_shiftreg_component|dffs[3] ; clk          ; clk         ; 0.000        ; 0.065      ; 1.015      ;
; 0.921 ; rr:inst6|lpm_shiftreg:lpm_shiftreg_component|dffs[4] ; rr:inst6|lpm_shiftreg:lpm_shiftreg_component|dffs[5] ; clk          ; clk         ; 0.000        ; 0.065      ; 1.143      ;
; 0.960 ; rr:inst6|lpm_shiftreg:lpm_shiftreg_component|dffs[0] ; rr:inst6|lpm_shiftreg:lpm_shiftreg_component|dffs[1] ; clk          ; clk         ; 0.000        ; 0.065      ; 1.182      ;
; 1.042 ; rr:inst6|lpm_shiftreg:lpm_shiftreg_component|dffs[6] ; rr:inst6|lpm_shiftreg:lpm_shiftreg_component|dffs[7] ; clk          ; clk         ; 0.000        ; 0.064      ; 1.263      ;
; 1.109 ; rr:inst6|lpm_shiftreg:lpm_shiftreg_component|dffs[7] ; rr:inst6|lpm_shiftreg:lpm_shiftreg_component|dffs[0] ; clk          ; clk         ; 0.000        ; 0.064      ; 1.330      ;
; 1.259 ; ra:inst|lpm_ff:lpm_ff_component|dffs[2]              ; rr:inst6|lpm_shiftreg:lpm_shiftreg_component|dffs[2] ; clk          ; clk         ; 0.000        ; 0.065      ; 1.481      ;
; 1.259 ; ra:inst|lpm_ff:lpm_ff_component|dffs[0]              ; rr:inst6|lpm_shiftreg:lpm_shiftreg_component|dffs[0] ; clk          ; clk         ; 0.000        ; 0.065      ; 1.481      ;
; 1.277 ; ra:inst|lpm_ff:lpm_ff_component|dffs[3]              ; rr:inst6|lpm_shiftreg:lpm_shiftreg_component|dffs[4] ; clk          ; clk         ; 0.000        ; 0.065      ; 1.499      ;
; 1.299 ; ra:inst|lpm_ff:lpm_ff_component|dffs[3]              ; rr:inst6|lpm_shiftreg:lpm_shiftreg_component|dffs[5] ; clk          ; clk         ; 0.000        ; 0.065      ; 1.521      ;
; 1.302 ; rb:inst1|lpm_shiftreg:LPM_SHIFTREG_component|dffs[3] ; rr:inst6|lpm_shiftreg:lpm_shiftreg_component|dffs[2] ; clk          ; clk         ; 0.000        ; 0.064      ; 1.523      ;
; 1.318 ; ra:inst|lpm_ff:lpm_ff_component|dffs[3]              ; rr:inst6|lpm_shiftreg:lpm_shiftreg_component|dffs[6] ; clk          ; clk         ; 0.000        ; 0.065      ; 1.540      ;
; 1.373 ; rr:inst6|lpm_shiftreg:lpm_shiftreg_component|dffs[4] ; rr:inst6|lpm_shiftreg:lpm_shiftreg_component|dffs[4] ; clk          ; clk         ; 0.000        ; 0.065      ; 1.595      ;
; 1.391 ; ra:inst|lpm_ff:lpm_ff_component|dffs[1]              ; rr:inst6|lpm_shiftreg:lpm_shiftreg_component|dffs[1] ; clk          ; clk         ; 0.000        ; 0.065      ; 1.613      ;
; 1.393 ; rr:inst6|lpm_shiftreg:lpm_shiftreg_component|dffs[1] ; rr:inst6|lpm_shiftreg:lpm_shiftreg_component|dffs[2] ; clk          ; clk         ; 0.000        ; 0.065      ; 1.615      ;
; 1.409 ; ra:inst|lpm_ff:lpm_ff_component|dffs[3]              ; rr:inst6|lpm_shiftreg:lpm_shiftreg_component|dffs[7] ; clk          ; clk         ; 0.000        ; 0.065      ; 1.631      ;
; 1.421 ; rr:inst6|lpm_shiftreg:lpm_shiftreg_component|dffs[0] ; rr:inst6|lpm_shiftreg:lpm_shiftreg_component|dffs[0] ; clk          ; clk         ; 0.000        ; 0.065      ; 1.643      ;
; 1.426 ; rb:inst1|lpm_shiftreg:LPM_SHIFTREG_component|dffs[0] ; rr:inst6|lpm_shiftreg:lpm_shiftreg_component|dffs[4] ; clk          ; clk         ; 0.000        ; 0.064      ; 1.647      ;
; 1.447 ; rb:inst1|lpm_shiftreg:LPM_SHIFTREG_component|dffs[0] ; rr:inst6|lpm_shiftreg:lpm_shiftreg_component|dffs[5] ; clk          ; clk         ; 0.000        ; 0.064      ; 1.668      ;
; 1.471 ; rb:inst1|lpm_shiftreg:LPM_SHIFTREG_component|dffs[1] ; rr:inst6|lpm_shiftreg:lpm_shiftreg_component|dffs[0] ; clk          ; clk         ; 0.000        ; 0.064      ; 1.692      ;
; 1.495 ; rb:inst1|lpm_shiftreg:LPM_SHIFTREG_component|dffs[0] ; rr:inst6|lpm_shiftreg:lpm_shiftreg_component|dffs[6] ; clk          ; clk         ; 0.000        ; 0.064      ; 1.716      ;
; 1.508 ; rb:inst1|lpm_shiftreg:LPM_SHIFTREG_component|dffs[2] ; rr:inst6|lpm_shiftreg:lpm_shiftreg_component|dffs[1] ; clk          ; clk         ; 0.000        ; 0.064      ; 1.729      ;
; 1.537 ; ra:inst|lpm_ff:lpm_ff_component|dffs[3]              ; rr:inst6|lpm_shiftreg:lpm_shiftreg_component|dffs[3] ; clk          ; clk         ; 0.000        ; 0.065      ; 1.759      ;
; 1.543 ; rr:inst6|lpm_shiftreg:lpm_shiftreg_component|dffs[1] ; rr:inst6|lpm_shiftreg:lpm_shiftreg_component|dffs[1] ; clk          ; clk         ; 0.000        ; 0.065      ; 1.765      ;
; 1.546 ; ra:inst|lpm_ff:lpm_ff_component|dffs[1]              ; rr:inst6|lpm_shiftreg:lpm_shiftreg_component|dffs[2] ; clk          ; clk         ; 0.000        ; 0.065      ; 1.768      ;
; 1.563 ; rb:inst1|lpm_shiftreg:LPM_SHIFTREG_component|dffs[0] ; rr:inst6|lpm_shiftreg:lpm_shiftreg_component|dffs[7] ; clk          ; clk         ; 0.000        ; 0.064      ; 1.784      ;
; 1.566 ; rr:inst6|lpm_shiftreg:lpm_shiftreg_component|dffs[4] ; rpr:inst16|lpm_ff:lpm_ff_component|dffs[1]           ; clk          ; clk         ; 0.000        ; 0.052      ; 1.775      ;
; 1.571 ; rr:inst6|lpm_shiftreg:lpm_shiftreg_component|dffs[4] ; rpr:inst16|lpm_ff:lpm_ff_component|dffs[0]           ; clk          ; clk         ; 0.000        ; 0.052      ; 1.780      ;
; 1.576 ; rr:inst6|lpm_shiftreg:lpm_shiftreg_component|dffs[2] ; rr:inst6|lpm_shiftreg:lpm_shiftreg_component|dffs[2] ; clk          ; clk         ; 0.000        ; 0.065      ; 1.798      ;
; 1.586 ; rr:inst6|lpm_shiftreg:lpm_shiftreg_component|dffs[6] ; rr:inst6|lpm_shiftreg:lpm_shiftreg_component|dffs[6] ; clk          ; clk         ; 0.000        ; 0.064      ; 1.807      ;
; 1.587 ; rb:inst1|lpm_shiftreg:LPM_SHIFTREG_component|dffs[0] ; rr:inst6|lpm_shiftreg:lpm_shiftreg_component|dffs[3] ; clk          ; clk         ; 0.000        ; 0.064      ; 1.808      ;
; 1.597 ; rr:inst6|lpm_shiftreg:lpm_shiftreg_component|dffs[5] ; rr:inst6|lpm_shiftreg:lpm_shiftreg_component|dffs[5] ; clk          ; clk         ; 0.000        ; 0.064      ; 1.818      ;
; 1.599 ; ra:inst|lpm_ff:lpm_ff_component|dffs[0]              ; rr:inst6|lpm_shiftreg:lpm_shiftreg_component|dffs[2] ; clk          ; clk         ; 0.000        ; 0.065      ; 1.821      ;
; 1.622 ; rr:inst6|lpm_shiftreg:lpm_shiftreg_component|dffs[3] ; rr:inst6|lpm_shiftreg:lpm_shiftreg_component|dffs[4] ; clk          ; clk         ; 0.000        ; 0.064      ; 1.843      ;
; 1.633 ; rr:inst6|lpm_shiftreg:lpm_shiftreg_component|dffs[7] ; rr:inst6|lpm_shiftreg:lpm_shiftreg_component|dffs[7] ; clk          ; clk         ; 0.000        ; 0.064      ; 1.854      ;
; 1.639 ; ra:inst|lpm_ff:lpm_ff_component|dffs[0]              ; rr:inst6|lpm_shiftreg:lpm_shiftreg_component|dffs[1] ; clk          ; clk         ; 0.000        ; 0.065      ; 1.861      ;
; 1.651 ; rr:inst6|lpm_shiftreg:lpm_shiftreg_component|dffs[0] ; rpr:inst16|lpm_ff:lpm_ff_component|dffs[1]           ; clk          ; clk         ; 0.000        ; 0.052      ; 1.860      ;
; 1.660 ; rr:inst6|lpm_shiftreg:lpm_shiftreg_component|dffs[3] ; rr:inst6|lpm_shiftreg:lpm_shiftreg_component|dffs[3] ; clk          ; clk         ; 0.000        ; 0.064      ; 1.881      ;
; 1.690 ; rb:inst1|lpm_shiftreg:LPM_SHIFTREG_component|dffs[2] ; rr:inst6|lpm_shiftreg:lpm_shiftreg_component|dffs[2] ; clk          ; clk         ; 0.000        ; 0.064      ; 1.911      ;
; 1.696 ; rr:inst6|lpm_shiftreg:lpm_shiftreg_component|dffs[3] ; rpr:inst16|lpm_ff:lpm_ff_component|dffs[0]           ; clk          ; clk         ; 0.000        ; 0.051      ; 1.904      ;
; 1.716 ; ra:inst|lpm_ff:lpm_ff_component|dffs[2]              ; rr:inst6|lpm_shiftreg:lpm_shiftreg_component|dffs[4] ; clk          ; clk         ; 0.000        ; 0.065      ; 1.938      ;
; 1.767 ; ra:inst|lpm_ff:lpm_ff_component|dffs[1]              ; rr:inst6|lpm_shiftreg:lpm_shiftreg_component|dffs[4] ; clk          ; clk         ; 0.000        ; 0.065      ; 1.989      ;
; 1.776 ; ra:inst|lpm_ff:lpm_ff_component|dffs[2]              ; rr:inst6|lpm_shiftreg:lpm_shiftreg_component|dffs[5] ; clk          ; clk         ; 0.000        ; 0.065      ; 1.998      ;
; 1.791 ; rr:inst6|lpm_shiftreg:lpm_shiftreg_component|dffs[3] ; rpr:inst16|lpm_ff:lpm_ff_component|dffs[1]           ; clk          ; clk         ; 0.000        ; 0.051      ; 1.999      ;
; 1.795 ; rr:inst6|lpm_shiftreg:lpm_shiftreg_component|dffs[4] ; rr:inst6|lpm_shiftreg:lpm_shiftreg_component|dffs[6] ; clk          ; clk         ; 0.000        ; 0.065      ; 2.017      ;
; 1.796 ; rb:inst1|lpm_shiftreg:LPM_SHIFTREG_component|dffs[3] ; rr:inst6|lpm_shiftreg:lpm_shiftreg_component|dffs[4] ; clk          ; clk         ; 0.000        ; 0.064      ; 2.017      ;
; 1.797 ; ra:inst|lpm_ff:lpm_ff_component|dffs[2]              ; rr:inst6|lpm_shiftreg:lpm_shiftreg_component|dffs[3] ; clk          ; clk         ; 0.000        ; 0.065      ; 2.019      ;
; 1.801 ; rr:inst6|lpm_shiftreg:lpm_shiftreg_component|dffs[0] ; rr:inst6|lpm_shiftreg:lpm_shiftreg_component|dffs[2] ; clk          ; clk         ; 0.000        ; 0.065      ; 2.023      ;
; 1.818 ; rr:inst6|lpm_shiftreg:lpm_shiftreg_component|dffs[3] ; rr:inst6|lpm_shiftreg:lpm_shiftreg_component|dffs[5] ; clk          ; clk         ; 0.000        ; 0.064      ; 2.039      ;
; 1.819 ; ra:inst|lpm_ff:lpm_ff_component|dffs[1]              ; rr:inst6|lpm_shiftreg:lpm_shiftreg_component|dffs[5] ; clk          ; clk         ; 0.000        ; 0.065      ; 2.041      ;
; 1.820 ; ra:inst|lpm_ff:lpm_ff_component|dffs[0]              ; rr:inst6|lpm_shiftreg:lpm_shiftreg_component|dffs[4] ; clk          ; clk         ; 0.000        ; 0.065      ; 2.042      ;
; 1.821 ; rb:inst1|lpm_shiftreg:LPM_SHIFTREG_component|dffs[3] ; rr:inst6|lpm_shiftreg:lpm_shiftreg_component|dffs[5] ; clk          ; clk         ; 0.000        ; 0.064      ; 2.042      ;
; 1.840 ; ra:inst|lpm_ff:lpm_ff_component|dffs[1]              ; rr:inst6|lpm_shiftreg:lpm_shiftreg_component|dffs[3] ; clk          ; clk         ; 0.000        ; 0.065      ; 2.062      ;
; 1.842 ; rb:inst1|lpm_shiftreg:LPM_SHIFTREG_component|dffs[3] ; rr:inst6|lpm_shiftreg:lpm_shiftreg_component|dffs[3] ; clk          ; clk         ; 0.000        ; 0.064      ; 2.063      ;
; 1.849 ; rb:inst1|lpm_shiftreg:LPM_SHIFTREG_component|dffs[1] ; rr:inst6|lpm_shiftreg:lpm_shiftreg_component|dffs[1] ; clk          ; clk         ; 0.000        ; 0.064      ; 2.070      ;
; 1.852 ; rb:inst1|lpm_shiftreg:LPM_SHIFTREG_component|dffs[1] ; rr:inst6|lpm_shiftreg:lpm_shiftreg_component|dffs[2] ; clk          ; clk         ; 0.000        ; 0.064      ; 2.073      ;
; 1.870 ; ra:inst|lpm_ff:lpm_ff_component|dffs[2]              ; rr:inst6|lpm_shiftreg:lpm_shiftreg_component|dffs[6] ; clk          ; clk         ; 0.000        ; 0.065      ; 2.092      ;
; 1.888 ; ra:inst|lpm_ff:lpm_ff_component|dffs[0]              ; rr:inst6|lpm_shiftreg:lpm_shiftreg_component|dffs[5] ; clk          ; clk         ; 0.000        ; 0.065      ; 2.110      ;
; 1.892 ; rr:inst6|lpm_shiftreg:lpm_shiftreg_component|dffs[4] ; rr:inst6|lpm_shiftreg:lpm_shiftreg_component|dffs[7] ; clk          ; clk         ; 0.000        ; 0.065      ; 2.114      ;
; 1.909 ; ra:inst|lpm_ff:lpm_ff_component|dffs[0]              ; rr:inst6|lpm_shiftreg:lpm_shiftreg_component|dffs[3] ; clk          ; clk         ; 0.000        ; 0.065      ; 2.131      ;
; 1.911 ; rb:inst1|lpm_shiftreg:LPM_SHIFTREG_component|dffs[2] ; rr:inst6|lpm_shiftreg:lpm_shiftreg_component|dffs[4] ; clk          ; clk         ; 0.000        ; 0.064      ; 2.132      ;
; 1.921 ; ra:inst|lpm_ff:lpm_ff_component|dffs[1]              ; rr:inst6|lpm_shiftreg:lpm_shiftreg_component|dffs[6] ; clk          ; clk         ; 0.000        ; 0.065      ; 2.143      ;
; 1.936 ; rb:inst1|lpm_shiftreg:LPM_SHIFTREG_component|dffs[2] ; rr:inst6|lpm_shiftreg:lpm_shiftreg_component|dffs[5] ; clk          ; clk         ; 0.000        ; 0.064      ; 2.157      ;
; 1.944 ; rr:inst6|lpm_shiftreg:lpm_shiftreg_component|dffs[3] ; rr:inst6|lpm_shiftreg:lpm_shiftreg_component|dffs[6] ; clk          ; clk         ; 0.000        ; 0.064      ; 2.165      ;
; 1.946 ; rr:inst6|lpm_shiftreg:lpm_shiftreg_component|dffs[1] ; rr:inst6|lpm_shiftreg:lpm_shiftreg_component|dffs[4] ; clk          ; clk         ; 0.000        ; 0.065      ; 2.168      ;
; 1.947 ; rb:inst1|lpm_shiftreg:LPM_SHIFTREG_component|dffs[3] ; rr:inst6|lpm_shiftreg:lpm_shiftreg_component|dffs[6] ; clk          ; clk         ; 0.000        ; 0.064      ; 2.168      ;
; 1.957 ; rb:inst1|lpm_shiftreg:LPM_SHIFTREG_component|dffs[2] ; rr:inst6|lpm_shiftreg:lpm_shiftreg_component|dffs[3] ; clk          ; clk         ; 0.000        ; 0.064      ; 2.178      ;
; 1.971 ; rr:inst6|lpm_shiftreg:lpm_shiftreg_component|dffs[1] ; rr:inst6|lpm_shiftreg:lpm_shiftreg_component|dffs[5] ; clk          ; clk         ; 0.000        ; 0.065      ; 2.193      ;
; 1.974 ; ra:inst|lpm_ff:lpm_ff_component|dffs[0]              ; rr:inst6|lpm_shiftreg:lpm_shiftreg_component|dffs[6] ; clk          ; clk         ; 0.000        ; 0.065      ; 2.196      ;
; 1.992 ; rr:inst6|lpm_shiftreg:lpm_shiftreg_component|dffs[1] ; rr:inst6|lpm_shiftreg:lpm_shiftreg_component|dffs[3] ; clk          ; clk         ; 0.000        ; 0.065      ; 2.214      ;
; 1.999 ; ra:inst|lpm_ff:lpm_ff_component|dffs[2]              ; rr:inst6|lpm_shiftreg:lpm_shiftreg_component|dffs[7] ; clk          ; clk         ; 0.000        ; 0.065      ; 2.221      ;
; 1.999 ; rr:inst6|lpm_shiftreg:lpm_shiftreg_component|dffs[5] ; rr:inst6|lpm_shiftreg:lpm_shiftreg_component|dffs[7] ; clk          ; clk         ; 0.000        ; 0.064      ; 2.220      ;
; 2.022 ; rr:inst6|lpm_shiftreg:lpm_shiftreg_component|dffs[0] ; rr:inst6|lpm_shiftreg:lpm_shiftreg_component|dffs[4] ; clk          ; clk         ; 0.000        ; 0.065      ; 2.244      ;
; 2.041 ; rr:inst6|lpm_shiftreg:lpm_shiftreg_component|dffs[3] ; rr:inst6|lpm_shiftreg:lpm_shiftreg_component|dffs[7] ; clk          ; clk         ; 0.000        ; 0.064      ; 2.262      ;
; 2.042 ; ra:inst|lpm_ff:lpm_ff_component|dffs[1]              ; rr:inst6|lpm_shiftreg:lpm_shiftreg_component|dffs[7] ; clk          ; clk         ; 0.000        ; 0.065      ; 2.264      ;
; 2.044 ; rb:inst1|lpm_shiftreg:LPM_SHIFTREG_component|dffs[3] ; rr:inst6|lpm_shiftreg:lpm_shiftreg_component|dffs[7] ; clk          ; clk         ; 0.000        ; 0.064      ; 2.265      ;
; 2.048 ; rr:inst6|lpm_shiftreg:lpm_shiftreg_component|dffs[0] ; rr:inst6|lpm_shiftreg:lpm_shiftreg_component|dffs[5] ; clk          ; clk         ; 0.000        ; 0.065      ; 2.270      ;
; 2.062 ; rb:inst1|lpm_shiftreg:LPM_SHIFTREG_component|dffs[2] ; rr:inst6|lpm_shiftreg:lpm_shiftreg_component|dffs[6] ; clk          ; clk         ; 0.000        ; 0.064      ; 2.283      ;
; 2.069 ; rr:inst6|lpm_shiftreg:lpm_shiftreg_component|dffs[0] ; rr:inst6|lpm_shiftreg:lpm_shiftreg_component|dffs[3] ; clk          ; clk         ; 0.000        ; 0.065      ; 2.291      ;
; 2.070 ; rr:inst6|lpm_shiftreg:lpm_shiftreg_component|dffs[2] ; rr:inst6|lpm_shiftreg:lpm_shiftreg_component|dffs[4] ; clk          ; clk         ; 0.000        ; 0.065      ; 2.292      ;
; 2.073 ; rb:inst1|lpm_shiftreg:LPM_SHIFTREG_component|dffs[1] ; rr:inst6|lpm_shiftreg:lpm_shiftreg_component|dffs[4] ; clk          ; clk         ; 0.000        ; 0.064      ; 2.294      ;
; 2.088 ; rr:inst6|lpm_shiftreg:lpm_shiftreg_component|dffs[1] ; rpr:inst16|lpm_ff:lpm_ff_component|dffs[1]           ; clk          ; clk         ; 0.000        ; 0.052      ; 2.297      ;
; 2.095 ; rr:inst6|lpm_shiftreg:lpm_shiftreg_component|dffs[2] ; rr:inst6|lpm_shiftreg:lpm_shiftreg_component|dffs[5] ; clk          ; clk         ; 0.000        ; 0.065      ; 2.317      ;
; 2.097 ; rr:inst6|lpm_shiftreg:lpm_shiftreg_component|dffs[1] ; rr:inst6|lpm_shiftreg:lpm_shiftreg_component|dffs[6] ; clk          ; clk         ; 0.000        ; 0.065      ; 2.319      ;
; 2.098 ; rb:inst1|lpm_shiftreg:LPM_SHIFTREG_component|dffs[1] ; rr:inst6|lpm_shiftreg:lpm_shiftreg_component|dffs[5] ; clk          ; clk         ; 0.000        ; 0.064      ; 2.319      ;
; 2.111 ; ra:inst|lpm_ff:lpm_ff_component|dffs[0]              ; rr:inst6|lpm_shiftreg:lpm_shiftreg_component|dffs[7] ; clk          ; clk         ; 0.000        ; 0.065      ; 2.333      ;
; 2.119 ; rb:inst1|lpm_shiftreg:LPM_SHIFTREG_component|dffs[1] ; rr:inst6|lpm_shiftreg:lpm_shiftreg_component|dffs[3] ; clk          ; clk         ; 0.000        ; 0.064      ; 2.340      ;
; 2.159 ; rb:inst1|lpm_shiftreg:LPM_SHIFTREG_component|dffs[2] ; rr:inst6|lpm_shiftreg:lpm_shiftreg_component|dffs[7] ; clk          ; clk         ; 0.000        ; 0.064      ; 2.380      ;
; 2.174 ; rr:inst6|lpm_shiftreg:lpm_shiftreg_component|dffs[0] ; rr:inst6|lpm_shiftreg:lpm_shiftreg_component|dffs[6] ; clk          ; clk         ; 0.000        ; 0.065      ; 2.396      ;
; 2.194 ; rr:inst6|lpm_shiftreg:lpm_shiftreg_component|dffs[1] ; rr:inst6|lpm_shiftreg:lpm_shiftreg_component|dffs[7] ; clk          ; clk         ; 0.000        ; 0.065      ; 2.416      ;
; 2.221 ; rr:inst6|lpm_shiftreg:lpm_shiftreg_component|dffs[2] ; rr:inst6|lpm_shiftreg:lpm_shiftreg_component|dffs[6] ; clk          ; clk         ; 0.000        ; 0.065      ; 2.443      ;
; 2.223 ; ra:inst|lpm_ff:lpm_ff_component|dffs[3]              ; rr:inst6|lpm_shiftreg:lpm_shiftreg_component|dffs[0] ; clk          ; clk         ; 0.000        ; 0.065      ; 2.445      ;
; 2.224 ; rb:inst1|lpm_shiftreg:LPM_SHIFTREG_component|dffs[1] ; rr:inst6|lpm_shiftreg:lpm_shiftreg_component|dffs[6] ; clk          ; clk         ; 0.000        ; 0.064      ; 2.445      ;
; 2.253 ; rr:inst6|lpm_shiftreg:lpm_shiftreg_component|dffs[2] ; rpr:inst16|lpm_ff:lpm_ff_component|dffs[1]           ; clk          ; clk         ; 0.000        ; 0.052      ; 2.462      ;
; 2.271 ; rr:inst6|lpm_shiftreg:lpm_shiftreg_component|dffs[0] ; rr:inst6|lpm_shiftreg:lpm_shiftreg_component|dffs[7] ; clk          ; clk         ; 0.000        ; 0.065      ; 2.493      ;
; 2.318 ; rr:inst6|lpm_shiftreg:lpm_shiftreg_component|dffs[2] ; rr:inst6|lpm_shiftreg:lpm_shiftreg_component|dffs[7] ; clk          ; clk         ; 0.000        ; 0.065      ; 2.540      ;
+-------+------------------------------------------------------+------------------------------------------------------+--------------+-------------+--------------+------------+------------+


+---------------------------------------------------------------------------------------------------------------------------------------+
; Slow 1200mV 85C Model Minimum Pulse Width: 'clk'                                                                                      ;
+--------+--------------+----------------+------------------+-------+------------+------------------------------------------------------+
; Slack  ; Actual Width ; Required Width ; Type             ; Clock ; Clock Edge ; Target                                               ;
+--------+--------------+----------------+------------------+-------+------------+------------------------------------------------------+
; -3.000 ; 1.000        ; 4.000          ; Port Rate        ; clk   ; Rise       ; clk                                                  ;
; -1.000 ; 1.000        ; 2.000          ; Min Period       ; clk   ; Rise       ; ra:inst|lpm_ff:lpm_ff_component|dffs[0]              ;
; -1.000 ; 1.000        ; 2.000          ; Min Period       ; clk   ; Rise       ; ra:inst|lpm_ff:lpm_ff_component|dffs[1]              ;
; -1.000 ; 1.000        ; 2.000          ; Min Period       ; clk   ; Rise       ; ra:inst|lpm_ff:lpm_ff_component|dffs[2]              ;
; -1.000 ; 1.000        ; 2.000          ; Min Period       ; clk   ; Rise       ; ra:inst|lpm_ff:lpm_ff_component|dffs[3]              ;
; -1.000 ; 1.000        ; 2.000          ; Min Period       ; clk   ; Rise       ; rb:inst1|lpm_shiftreg:LPM_SHIFTREG_component|dffs[0] ;
; -1.000 ; 1.000        ; 2.000          ; Min Period       ; clk   ; Rise       ; rb:inst1|lpm_shiftreg:LPM_SHIFTREG_component|dffs[1] ;
; -1.000 ; 1.000        ; 2.000          ; Min Period       ; clk   ; Rise       ; rb:inst1|lpm_shiftreg:LPM_SHIFTREG_component|dffs[2] ;
; -1.000 ; 1.000        ; 2.000          ; Min Period       ; clk   ; Rise       ; rb:inst1|lpm_shiftreg:LPM_SHIFTREG_component|dffs[3] ;
; -1.000 ; 1.000        ; 2.000          ; Min Period       ; clk   ; Rise       ; rpr:inst16|lpm_ff:lpm_ff_component|dffs[0]           ;
; -1.000 ; 1.000        ; 2.000          ; Min Period       ; clk   ; Rise       ; rpr:inst16|lpm_ff:lpm_ff_component|dffs[1]           ;
; -1.000 ; 1.000        ; 2.000          ; Min Period       ; clk   ; Rise       ; rr:inst6|lpm_shiftreg:lpm_shiftreg_component|dffs[0] ;
; -1.000 ; 1.000        ; 2.000          ; Min Period       ; clk   ; Rise       ; rr:inst6|lpm_shiftreg:lpm_shiftreg_component|dffs[1] ;
; -1.000 ; 1.000        ; 2.000          ; Min Period       ; clk   ; Rise       ; rr:inst6|lpm_shiftreg:lpm_shiftreg_component|dffs[2] ;
; -1.000 ; 1.000        ; 2.000          ; Min Period       ; clk   ; Rise       ; rr:inst6|lpm_shiftreg:lpm_shiftreg_component|dffs[3] ;
; -1.000 ; 1.000        ; 2.000          ; Min Period       ; clk   ; Rise       ; rr:inst6|lpm_shiftreg:lpm_shiftreg_component|dffs[4] ;
; -1.000 ; 1.000        ; 2.000          ; Min Period       ; clk   ; Rise       ; rr:inst6|lpm_shiftreg:lpm_shiftreg_component|dffs[5] ;
; -1.000 ; 1.000        ; 2.000          ; Min Period       ; clk   ; Rise       ; rr:inst6|lpm_shiftreg:lpm_shiftreg_component|dffs[6] ;
; -1.000 ; 1.000        ; 2.000          ; Min Period       ; clk   ; Rise       ; rr:inst6|lpm_shiftreg:lpm_shiftreg_component|dffs[7] ;
; 0.214  ; 0.398        ; 0.184          ; Low Pulse Width  ; clk   ; Rise       ; ra:inst|lpm_ff:lpm_ff_component|dffs[3]              ;
; 0.214  ; 0.398        ; 0.184          ; Low Pulse Width  ; clk   ; Rise       ; rpr:inst16|lpm_ff:lpm_ff_component|dffs[0]           ;
; 0.214  ; 0.398        ; 0.184          ; Low Pulse Width  ; clk   ; Rise       ; rpr:inst16|lpm_ff:lpm_ff_component|dffs[1]           ;
; 0.214  ; 0.398        ; 0.184          ; Low Pulse Width  ; clk   ; Rise       ; rr:inst6|lpm_shiftreg:lpm_shiftreg_component|dffs[0] ;
; 0.214  ; 0.398        ; 0.184          ; Low Pulse Width  ; clk   ; Rise       ; rr:inst6|lpm_shiftreg:lpm_shiftreg_component|dffs[1] ;
; 0.214  ; 0.398        ; 0.184          ; Low Pulse Width  ; clk   ; Rise       ; rr:inst6|lpm_shiftreg:lpm_shiftreg_component|dffs[2] ;
; 0.214  ; 0.398        ; 0.184          ; Low Pulse Width  ; clk   ; Rise       ; rr:inst6|lpm_shiftreg:lpm_shiftreg_component|dffs[4] ;
; 0.215  ; 0.399        ; 0.184          ; Low Pulse Width  ; clk   ; Rise       ; ra:inst|lpm_ff:lpm_ff_component|dffs[0]              ;
; 0.215  ; 0.399        ; 0.184          ; Low Pulse Width  ; clk   ; Rise       ; ra:inst|lpm_ff:lpm_ff_component|dffs[1]              ;
; 0.215  ; 0.399        ; 0.184          ; Low Pulse Width  ; clk   ; Rise       ; ra:inst|lpm_ff:lpm_ff_component|dffs[2]              ;
; 0.215  ; 0.399        ; 0.184          ; Low Pulse Width  ; clk   ; Rise       ; rb:inst1|lpm_shiftreg:LPM_SHIFTREG_component|dffs[0] ;
; 0.215  ; 0.399        ; 0.184          ; Low Pulse Width  ; clk   ; Rise       ; rb:inst1|lpm_shiftreg:LPM_SHIFTREG_component|dffs[1] ;
; 0.215  ; 0.399        ; 0.184          ; Low Pulse Width  ; clk   ; Rise       ; rb:inst1|lpm_shiftreg:LPM_SHIFTREG_component|dffs[2] ;
; 0.215  ; 0.399        ; 0.184          ; Low Pulse Width  ; clk   ; Rise       ; rb:inst1|lpm_shiftreg:LPM_SHIFTREG_component|dffs[3] ;
; 0.215  ; 0.399        ; 0.184          ; Low Pulse Width  ; clk   ; Rise       ; rr:inst6|lpm_shiftreg:lpm_shiftreg_component|dffs[3] ;
; 0.215  ; 0.399        ; 0.184          ; Low Pulse Width  ; clk   ; Rise       ; rr:inst6|lpm_shiftreg:lpm_shiftreg_component|dffs[5] ;
; 0.215  ; 0.399        ; 0.184          ; Low Pulse Width  ; clk   ; Rise       ; rr:inst6|lpm_shiftreg:lpm_shiftreg_component|dffs[6] ;
; 0.215  ; 0.399        ; 0.184          ; Low Pulse Width  ; clk   ; Rise       ; rr:inst6|lpm_shiftreg:lpm_shiftreg_component|dffs[7] ;
; 0.326  ; 0.326        ; 0.000          ; Low Pulse Width  ; clk   ; Rise       ; clk~input|o                                          ;
; 0.337  ; 0.337        ; 0.000          ; Low Pulse Width  ; clk   ; Rise       ; clk~inputclkctrl|inclk[0]                            ;
; 0.337  ; 0.337        ; 0.000          ; Low Pulse Width  ; clk   ; Rise       ; clk~inputclkctrl|outclk                              ;
; 0.374  ; 0.374        ; 0.000          ; Low Pulse Width  ; clk   ; Rise       ; inst16|lpm_ff_component|dffs[0]|clk                  ;
; 0.374  ; 0.374        ; 0.000          ; Low Pulse Width  ; clk   ; Rise       ; inst16|lpm_ff_component|dffs[1]|clk                  ;
; 0.374  ; 0.374        ; 0.000          ; Low Pulse Width  ; clk   ; Rise       ; inst6|lpm_shiftreg_component|dffs[0]|clk             ;
; 0.374  ; 0.374        ; 0.000          ; Low Pulse Width  ; clk   ; Rise       ; inst6|lpm_shiftreg_component|dffs[1]|clk             ;
; 0.374  ; 0.374        ; 0.000          ; Low Pulse Width  ; clk   ; Rise       ; inst6|lpm_shiftreg_component|dffs[2]|clk             ;
; 0.374  ; 0.374        ; 0.000          ; Low Pulse Width  ; clk   ; Rise       ; inst6|lpm_shiftreg_component|dffs[4]|clk             ;
; 0.374  ; 0.374        ; 0.000          ; Low Pulse Width  ; clk   ; Rise       ; inst|lpm_ff_component|dffs[3]|clk                    ;
; 0.375  ; 0.375        ; 0.000          ; Low Pulse Width  ; clk   ; Rise       ; inst1|LPM_SHIFTREG_component|dffs[0]|clk             ;
; 0.375  ; 0.375        ; 0.000          ; Low Pulse Width  ; clk   ; Rise       ; inst1|LPM_SHIFTREG_component|dffs[1]|clk             ;
; 0.375  ; 0.375        ; 0.000          ; Low Pulse Width  ; clk   ; Rise       ; inst1|LPM_SHIFTREG_component|dffs[2]|clk             ;
; 0.375  ; 0.375        ; 0.000          ; Low Pulse Width  ; clk   ; Rise       ; inst1|LPM_SHIFTREG_component|dffs[3]|clk             ;
; 0.375  ; 0.375        ; 0.000          ; Low Pulse Width  ; clk   ; Rise       ; inst6|lpm_shiftreg_component|dffs[3]|clk             ;
; 0.375  ; 0.375        ; 0.000          ; Low Pulse Width  ; clk   ; Rise       ; inst6|lpm_shiftreg_component|dffs[5]|clk             ;
; 0.375  ; 0.375        ; 0.000          ; Low Pulse Width  ; clk   ; Rise       ; inst6|lpm_shiftreg_component|dffs[6]|clk             ;
; 0.375  ; 0.375        ; 0.000          ; Low Pulse Width  ; clk   ; Rise       ; inst6|lpm_shiftreg_component|dffs[7]|clk             ;
; 0.375  ; 0.375        ; 0.000          ; Low Pulse Width  ; clk   ; Rise       ; inst|lpm_ff_component|dffs[0]|clk                    ;
; 0.375  ; 0.375        ; 0.000          ; Low Pulse Width  ; clk   ; Rise       ; inst|lpm_ff_component|dffs[1]|clk                    ;
; 0.375  ; 0.375        ; 0.000          ; Low Pulse Width  ; clk   ; Rise       ; inst|lpm_ff_component|dffs[2]|clk                    ;
; 0.384  ; 0.600        ; 0.216          ; High Pulse Width ; clk   ; Rise       ; ra:inst|lpm_ff:lpm_ff_component|dffs[0]              ;
; 0.384  ; 0.600        ; 0.216          ; High Pulse Width ; clk   ; Rise       ; ra:inst|lpm_ff:lpm_ff_component|dffs[1]              ;
; 0.384  ; 0.600        ; 0.216          ; High Pulse Width ; clk   ; Rise       ; ra:inst|lpm_ff:lpm_ff_component|dffs[2]              ;
; 0.385  ; 0.601        ; 0.216          ; High Pulse Width ; clk   ; Rise       ; ra:inst|lpm_ff:lpm_ff_component|dffs[3]              ;
; 0.385  ; 0.601        ; 0.216          ; High Pulse Width ; clk   ; Rise       ; rb:inst1|lpm_shiftreg:LPM_SHIFTREG_component|dffs[0] ;
; 0.385  ; 0.601        ; 0.216          ; High Pulse Width ; clk   ; Rise       ; rb:inst1|lpm_shiftreg:LPM_SHIFTREG_component|dffs[1] ;
; 0.385  ; 0.601        ; 0.216          ; High Pulse Width ; clk   ; Rise       ; rb:inst1|lpm_shiftreg:LPM_SHIFTREG_component|dffs[2] ;
; 0.385  ; 0.601        ; 0.216          ; High Pulse Width ; clk   ; Rise       ; rb:inst1|lpm_shiftreg:LPM_SHIFTREG_component|dffs[3] ;
; 0.385  ; 0.601        ; 0.216          ; High Pulse Width ; clk   ; Rise       ; rpr:inst16|lpm_ff:lpm_ff_component|dffs[0]           ;
; 0.385  ; 0.601        ; 0.216          ; High Pulse Width ; clk   ; Rise       ; rpr:inst16|lpm_ff:lpm_ff_component|dffs[1]           ;
; 0.385  ; 0.601        ; 0.216          ; High Pulse Width ; clk   ; Rise       ; rr:inst6|lpm_shiftreg:lpm_shiftreg_component|dffs[0] ;
; 0.385  ; 0.601        ; 0.216          ; High Pulse Width ; clk   ; Rise       ; rr:inst6|lpm_shiftreg:lpm_shiftreg_component|dffs[1] ;
; 0.385  ; 0.601        ; 0.216          ; High Pulse Width ; clk   ; Rise       ; rr:inst6|lpm_shiftreg:lpm_shiftreg_component|dffs[2] ;
; 0.385  ; 0.601        ; 0.216          ; High Pulse Width ; clk   ; Rise       ; rr:inst6|lpm_shiftreg:lpm_shiftreg_component|dffs[3] ;
; 0.385  ; 0.601        ; 0.216          ; High Pulse Width ; clk   ; Rise       ; rr:inst6|lpm_shiftreg:lpm_shiftreg_component|dffs[4] ;
; 0.385  ; 0.601        ; 0.216          ; High Pulse Width ; clk   ; Rise       ; rr:inst6|lpm_shiftreg:lpm_shiftreg_component|dffs[5] ;
; 0.385  ; 0.601        ; 0.216          ; High Pulse Width ; clk   ; Rise       ; rr:inst6|lpm_shiftreg:lpm_shiftreg_component|dffs[6] ;
; 0.385  ; 0.601        ; 0.216          ; High Pulse Width ; clk   ; Rise       ; rr:inst6|lpm_shiftreg:lpm_shiftreg_component|dffs[7] ;
; 0.500  ; 0.500        ; 0.000          ; High Pulse Width ; clk   ; Rise       ; clk~input|i                                          ;
; 0.500  ; 0.500        ; 0.000          ; Low Pulse Width  ; clk   ; Rise       ; clk~input|i                                          ;
; 0.622  ; 0.622        ; 0.000          ; High Pulse Width ; clk   ; Rise       ; inst|lpm_ff_component|dffs[0]|clk                    ;
; 0.622  ; 0.622        ; 0.000          ; High Pulse Width ; clk   ; Rise       ; inst|lpm_ff_component|dffs[1]|clk                    ;
; 0.622  ; 0.622        ; 0.000          ; High Pulse Width ; clk   ; Rise       ; inst|lpm_ff_component|dffs[2]|clk                    ;
; 0.623  ; 0.623        ; 0.000          ; High Pulse Width ; clk   ; Rise       ; inst16|lpm_ff_component|dffs[0]|clk                  ;
; 0.623  ; 0.623        ; 0.000          ; High Pulse Width ; clk   ; Rise       ; inst16|lpm_ff_component|dffs[1]|clk                  ;
; 0.623  ; 0.623        ; 0.000          ; High Pulse Width ; clk   ; Rise       ; inst1|LPM_SHIFTREG_component|dffs[0]|clk             ;
; 0.623  ; 0.623        ; 0.000          ; High Pulse Width ; clk   ; Rise       ; inst1|LPM_SHIFTREG_component|dffs[1]|clk             ;
; 0.623  ; 0.623        ; 0.000          ; High Pulse Width ; clk   ; Rise       ; inst1|LPM_SHIFTREG_component|dffs[2]|clk             ;
; 0.623  ; 0.623        ; 0.000          ; High Pulse Width ; clk   ; Rise       ; inst1|LPM_SHIFTREG_component|dffs[3]|clk             ;
; 0.623  ; 0.623        ; 0.000          ; High Pulse Width ; clk   ; Rise       ; inst6|lpm_shiftreg_component|dffs[0]|clk             ;
; 0.623  ; 0.623        ; 0.000          ; High Pulse Width ; clk   ; Rise       ; inst6|lpm_shiftreg_component|dffs[1]|clk             ;
; 0.623  ; 0.623        ; 0.000          ; High Pulse Width ; clk   ; Rise       ; inst6|lpm_shiftreg_component|dffs[2]|clk             ;
; 0.623  ; 0.623        ; 0.000          ; High Pulse Width ; clk   ; Rise       ; inst6|lpm_shiftreg_component|dffs[3]|clk             ;
; 0.623  ; 0.623        ; 0.000          ; High Pulse Width ; clk   ; Rise       ; inst6|lpm_shiftreg_component|dffs[4]|clk             ;
; 0.623  ; 0.623        ; 0.000          ; High Pulse Width ; clk   ; Rise       ; inst6|lpm_shiftreg_component|dffs[5]|clk             ;
; 0.623  ; 0.623        ; 0.000          ; High Pulse Width ; clk   ; Rise       ; inst6|lpm_shiftreg_component|dffs[6]|clk             ;
; 0.623  ; 0.623        ; 0.000          ; High Pulse Width ; clk   ; Rise       ; inst6|lpm_shiftreg_component|dffs[7]|clk             ;
; 0.623  ; 0.623        ; 0.000          ; High Pulse Width ; clk   ; Rise       ; inst|lpm_ff_component|dffs[3]|clk                    ;
; 0.662  ; 0.662        ; 0.000          ; High Pulse Width ; clk   ; Rise       ; clk~inputclkctrl|inclk[0]                            ;
; 0.662  ; 0.662        ; 0.000          ; High Pulse Width ; clk   ; Rise       ; clk~inputclkctrl|outclk                              ;
; 0.674  ; 0.674        ; 0.000          ; High Pulse Width ; clk   ; Rise       ; clk~input|o                                          ;
+--------+--------------+----------------+------------------+-------+------------+------------------------------------------------------+


+-----------------------------------------------------------------------+
; Setup Times                                                           ;
+-----------+------------+-------+-------+------------+-----------------+
; Data Port ; Clock Port ; Rise  ; Fall  ; Clock Edge ; Clock Reference ;
+-----------+------------+-------+-------+------------+-----------------+
; a[*]      ; clk        ; 2.616 ; 3.103 ; Rise       ; clk             ;
;  a[0]     ; clk        ; 0.092 ; 0.235 ; Rise       ; clk             ;
;  a[1]     ; clk        ; 1.942 ; 2.371 ; Rise       ; clk             ;
;  a[2]     ; clk        ; 2.616 ; 3.103 ; Rise       ; clk             ;
;  a[3]     ; clk        ; 2.101 ; 2.530 ; Rise       ; clk             ;
; b[*]      ; clk        ; 2.005 ; 2.468 ; Rise       ; clk             ;
;  b[0]     ; clk        ; 0.127 ; 0.285 ; Rise       ; clk             ;
;  b[1]     ; clk        ; 1.788 ; 2.215 ; Rise       ; clk             ;
;  b[2]     ; clk        ; 2.005 ; 2.468 ; Rise       ; clk             ;
;  b[3]     ; clk        ; 1.702 ; 2.146 ; Rise       ; clk             ;
; y[*]      ; clk        ; 5.318 ; 5.598 ; Rise       ; clk             ;
;  y[1]     ; clk        ; 2.865 ; 3.331 ; Rise       ; clk             ;
;  y[2]     ; clk        ; 2.127 ; 2.579 ; Rise       ; clk             ;
;  y[3]     ; clk        ; 2.420 ; 2.853 ; Rise       ; clk             ;
;  y[4]     ; clk        ; 5.082 ; 5.337 ; Rise       ; clk             ;
;  y[5]     ; clk        ; 5.318 ; 5.598 ; Rise       ; clk             ;
;  y[6]     ; clk        ; 1.907 ; 2.334 ; Rise       ; clk             ;
;  y[7]     ; clk        ; 0.319 ; 0.421 ; Rise       ; clk             ;
;  y[8]     ; clk        ; 2.069 ; 2.493 ; Rise       ; clk             ;
;  y[9]     ; clk        ; 5.031 ; 5.488 ; Rise       ; clk             ;
;  y[10]    ; clk        ; 0.093 ; 0.219 ; Rise       ; clk             ;
+-----------+------------+-------+-------+------------+-----------------+


+-------------------------------------------------------------------------+
; Hold Times                                                              ;
+-----------+------------+--------+--------+------------+-----------------+
; Data Port ; Clock Port ; Rise   ; Fall   ; Clock Edge ; Clock Reference ;
+-----------+------------+--------+--------+------------+-----------------+
; a[*]      ; clk        ; 0.216  ; 0.072  ; Rise       ; clk             ;
;  a[0]     ; clk        ; 0.216  ; 0.072  ; Rise       ; clk             ;
;  a[1]     ; clk        ; -1.553 ; -1.971 ; Rise       ; clk             ;
;  a[2]     ; clk        ; -2.205 ; -2.676 ; Rise       ; clk             ;
;  a[3]     ; clk        ; -1.705 ; -2.124 ; Rise       ; clk             ;
; b[*]      ; clk        ; 0.208  ; 0.069  ; Rise       ; clk             ;
;  b[0]     ; clk        ; 0.208  ; 0.069  ; Rise       ; clk             ;
;  b[1]     ; clk        ; -1.393 ; -1.801 ; Rise       ; clk             ;
;  b[2]     ; clk        ; -1.602 ; -2.044 ; Rise       ; clk             ;
;  b[3]     ; clk        ; -1.296 ; -1.708 ; Rise       ; clk             ;
; y[*]      ; clk        ; 0.103  ; -0.023 ; Rise       ; clk             ;
;  y[1]     ; clk        ; -2.513 ; -2.933 ; Rise       ; clk             ;
;  y[2]     ; clk        ; -1.712 ; -2.147 ; Rise       ; clk             ;
;  y[3]     ; clk        ; -2.123 ; -2.543 ; Rise       ; clk             ;
;  y[4]     ; clk        ; -2.345 ; -2.780 ; Rise       ; clk             ;
;  y[5]     ; clk        ; -2.508 ; -2.968 ; Rise       ; clk             ;
;  y[6]     ; clk        ; -1.192 ; -1.614 ; Rise       ; clk             ;
;  y[7]     ; clk        ; -0.040 ; -0.168 ; Rise       ; clk             ;
;  y[8]     ; clk        ; -1.344 ; -1.756 ; Rise       ; clk             ;
;  y[9]     ; clk        ; -2.257 ; -2.642 ; Rise       ; clk             ;
;  y[10]    ; clk        ; 0.103  ; -0.023 ; Rise       ; clk             ;
+-----------+------------+--------+--------+------------+-----------------+


+-------------------------------------------------------------------------+
; Clock to Output Times                                                   ;
+-------------+------------+-------+-------+------------+-----------------+
; Data Port   ; Clock Port ; Rise  ; Fall  ; Clock Edge ; Clock Reference ;
+-------------+------------+-------+-------+------------+-----------------+
; f1          ; clk        ; 6.618 ; 6.561 ; Rise       ; clk             ;
; f2          ; clk        ; 6.359 ; 6.325 ; Rise       ; clk             ;
; f3          ; clk        ; 9.631 ; 9.666 ; Rise       ; clk             ;
; priznak[*]  ; clk        ; 5.952 ; 5.928 ; Rise       ; clk             ;
;  priznak[0] ; clk        ; 5.952 ; 5.928 ; Rise       ; clk             ;
;  priznak[1] ; clk        ; 5.938 ; 5.911 ; Rise       ; clk             ;
; rr[*]       ; clk        ; 7.688 ; 7.700 ; Rise       ; clk             ;
;  rr[0]      ; clk        ; 7.095 ; 7.047 ; Rise       ; clk             ;
;  rr[1]      ; clk        ; 6.793 ; 6.732 ; Rise       ; clk             ;
;  rr[2]      ; clk        ; 7.503 ; 7.491 ; Rise       ; clk             ;
;  rr[3]      ; clk        ; 6.983 ; 6.963 ; Rise       ; clk             ;
;  rr[4]      ; clk        ; 7.688 ; 7.700 ; Rise       ; clk             ;
;  rr[5]      ; clk        ; 5.987 ; 5.920 ; Rise       ; clk             ;
;  rr[6]      ; clk        ; 6.003 ; 5.930 ; Rise       ; clk             ;
;  rr[7]      ; clk        ; 5.802 ; 5.739 ; Rise       ; clk             ;
+-------------+------------+-------+-------+------------+-----------------+


+-------------------------------------------------------------------------+
; Minimum Clock to Output Times                                           ;
+-------------+------------+-------+-------+------------+-----------------+
; Data Port   ; Clock Port ; Rise  ; Fall  ; Clock Edge ; Clock Reference ;
+-------------+------------+-------+-------+------------+-----------------+
; f1          ; clk        ; 6.395 ; 6.336 ; Rise       ; clk             ;
; f2          ; clk        ; 6.154 ; 6.118 ; Rise       ; clk             ;
; f3          ; clk        ; 6.548 ; 6.506 ; Rise       ; clk             ;
; priznak[*]  ; clk        ; 5.747 ; 5.719 ; Rise       ; clk             ;
;  priznak[0] ; clk        ; 5.760 ; 5.735 ; Rise       ; clk             ;
;  priznak[1] ; clk        ; 5.747 ; 5.719 ; Rise       ; clk             ;
; rr[*]       ; clk        ; 5.619 ; 5.555 ; Rise       ; clk             ;
;  rr[0]      ; clk        ; 6.851 ; 6.800 ; Rise       ; clk             ;
;  rr[1]      ; clk        ; 6.561 ; 6.499 ; Rise       ; clk             ;
;  rr[2]      ; clk        ; 7.248 ; 7.234 ; Rise       ; clk             ;
;  rr[3]      ; clk        ; 6.750 ; 6.728 ; Rise       ; clk             ;
;  rr[4]      ; clk        ; 7.453 ; 7.463 ; Rise       ; clk             ;
;  rr[5]      ; clk        ; 5.797 ; 5.728 ; Rise       ; clk             ;
;  rr[6]      ; clk        ; 5.812 ; 5.738 ; Rise       ; clk             ;
;  rr[7]      ; clk        ; 5.619 ; 5.555 ; Rise       ; clk             ;
+-------------+------------+-------+-------+------------+-----------------+


----------------------------------------------
; Slow 1200mV 85C Model Metastability Report ;
----------------------------------------------
No synchronizer chains to report.


+----------------------------------------------------------------------------------------------------------+
; Slow 1200mV 0C Model Fmax Summary                                                                        ;
+-----------+-----------------+------------+---------------------------------------------------------------+
; Fmax      ; Restricted Fmax ; Clock Name ; Note                                                          ;
+-----------+-----------------+------------+---------------------------------------------------------------+
; 277.7 MHz ; 250.0 MHz       ; clk        ; limit due to minimum period restriction (max I/O toggle rate) ;
+-----------+-----------------+------------+---------------------------------------------------------------+
This panel reports FMAX for every clock in the design, regardless of the user-specified clock periods.  FMAX is only computed for paths where the source and destination registers or ports are driven by the same clock.  Paths of different clocks, including generated clocks, are ignored.  For paths between a clock and its inversion, FMAX is computed as if the rising and falling edges are scaled along with FMAX, such that the duty cycle (in terms of a percentage) is maintained. Altera recommends that you always use clock constraints and other slack reports for sign-off analysis.


+------------------------------------+
; Slow 1200mV 0C Model Setup Summary ;
+-------+--------+-------------------+
; Clock ; Slack  ; End Point TNS     ;
+-------+--------+-------------------+
; clk   ; -2.601 ; -22.838           ;
+-------+--------+-------------------+


+-----------------------------------+
; Slow 1200mV 0C Model Hold Summary ;
+-------+-------+-------------------+
; Clock ; Slack ; End Point TNS     ;
+-------+-------+-------------------+
; clk   ; 0.310 ; 0.000             ;
+-------+-------+-------------------+


-----------------------------------------
; Slow 1200mV 0C Model Recovery Summary ;
-----------------------------------------
No paths to report.


----------------------------------------
; Slow 1200mV 0C Model Removal Summary ;
----------------------------------------
No paths to report.


+--------------------------------------------------+
; Slow 1200mV 0C Model Minimum Pulse Width Summary ;
+-------+--------+---------------------------------+
; Clock ; Slack  ; End Point TNS                   ;
+-------+--------+---------------------------------+
; clk   ; -3.000 ; -21.000                         ;
+-------+--------+---------------------------------+


+--------------------------------------------------------------------------------------------------------------------------------------------------------------------------------------------+
; Slow 1200mV 0C Model Setup: 'clk'                                                                                                                                                          ;
+--------+------------------------------------------------------+------------------------------------------------------+--------------+-------------+--------------+------------+------------+
; Slack  ; From Node                                            ; To Node                                              ; Launch Clock ; Latch Clock ; Relationship ; Clock Skew ; Data Delay ;
+--------+------------------------------------------------------+------------------------------------------------------+--------------+-------------+--------------+------------+------------+
; -2.601 ; rr:inst6|lpm_shiftreg:lpm_shiftreg_component|dffs[5] ; rr:inst6|lpm_shiftreg:lpm_shiftreg_component|dffs[3] ; clk          ; clk         ; 1.000        ; -0.057     ; 3.539      ;
; -2.591 ; rr:inst6|lpm_shiftreg:lpm_shiftreg_component|dffs[3] ; rr:inst6|lpm_shiftreg:lpm_shiftreg_component|dffs[3] ; clk          ; clk         ; 1.000        ; -0.057     ; 3.529      ;
; -2.573 ; rr:inst6|lpm_shiftreg:lpm_shiftreg_component|dffs[5] ; rr:inst6|lpm_shiftreg:lpm_shiftreg_component|dffs[4] ; clk          ; clk         ; 1.000        ; -0.058     ; 3.510      ;
; -2.566 ; rr:inst6|lpm_shiftreg:lpm_shiftreg_component|dffs[2] ; rr:inst6|lpm_shiftreg:lpm_shiftreg_component|dffs[1] ; clk          ; clk         ; 1.000        ; -0.057     ; 3.504      ;
; -2.565 ; rr:inst6|lpm_shiftreg:lpm_shiftreg_component|dffs[7] ; rr:inst6|lpm_shiftreg:lpm_shiftreg_component|dffs[7] ; clk          ; clk         ; 1.000        ; -0.057     ; 3.503      ;
; -2.549 ; rr:inst6|lpm_shiftreg:lpm_shiftreg_component|dffs[5] ; rr:inst6|lpm_shiftreg:lpm_shiftreg_component|dffs[5] ; clk          ; clk         ; 1.000        ; -0.057     ; 3.487      ;
; -2.523 ; rb:inst1|lpm_shiftreg:LPM_SHIFTREG_component|dffs[0] ; rr:inst6|lpm_shiftreg:lpm_shiftreg_component|dffs[3] ; clk          ; clk         ; 1.000        ; -0.057     ; 3.461      ;
; -2.519 ; rr:inst6|lpm_shiftreg:lpm_shiftreg_component|dffs[6] ; rr:inst6|lpm_shiftreg:lpm_shiftreg_component|dffs[6] ; clk          ; clk         ; 1.000        ; -0.057     ; 3.457      ;
; -2.511 ; rr:inst6|lpm_shiftreg:lpm_shiftreg_component|dffs[2] ; rr:inst6|lpm_shiftreg:lpm_shiftreg_component|dffs[2] ; clk          ; clk         ; 1.000        ; -0.057     ; 3.449      ;
; -2.502 ; rr:inst6|lpm_shiftreg:lpm_shiftreg_component|dffs[1] ; rr:inst6|lpm_shiftreg:lpm_shiftreg_component|dffs[1] ; clk          ; clk         ; 1.000        ; -0.057     ; 3.440      ;
; -2.500 ; rr:inst6|lpm_shiftreg:lpm_shiftreg_component|dffs[7] ; rr:inst6|lpm_shiftreg:lpm_shiftreg_component|dffs[6] ; clk          ; clk         ; 1.000        ; -0.057     ; 3.438      ;
; -2.498 ; rb:inst1|lpm_shiftreg:LPM_SHIFTREG_component|dffs[0] ; rr:inst6|lpm_shiftreg:lpm_shiftreg_component|dffs[7] ; clk          ; clk         ; 1.000        ; -0.057     ; 3.436      ;
; -2.495 ; rr:inst6|lpm_shiftreg:lpm_shiftreg_component|dffs[6] ; rr:inst6|lpm_shiftreg:lpm_shiftreg_component|dffs[3] ; clk          ; clk         ; 1.000        ; -0.057     ; 3.433      ;
; -2.488 ; ra:inst|lpm_ff:lpm_ff_component|dffs[3]              ; rr:inst6|lpm_shiftreg:lpm_shiftreg_component|dffs[3] ; clk          ; clk         ; 1.000        ; -0.056     ; 3.427      ;
; -2.469 ; rr:inst6|lpm_shiftreg:lpm_shiftreg_component|dffs[6] ; rr:inst6|lpm_shiftreg:lpm_shiftreg_component|dffs[5] ; clk          ; clk         ; 1.000        ; -0.057     ; 3.407      ;
; -2.464 ; rb:inst1|lpm_shiftreg:LPM_SHIFTREG_component|dffs[2] ; rr:inst6|lpm_shiftreg:lpm_shiftreg_component|dffs[1] ; clk          ; clk         ; 1.000        ; -0.058     ; 3.401      ;
; -2.449 ; rr:inst6|lpm_shiftreg:lpm_shiftreg_component|dffs[4] ; rr:inst6|lpm_shiftreg:lpm_shiftreg_component|dffs[3] ; clk          ; clk         ; 1.000        ; -0.056     ; 3.388      ;
; -2.444 ; rb:inst1|lpm_shiftreg:LPM_SHIFTREG_component|dffs[1] ; rr:inst6|lpm_shiftreg:lpm_shiftreg_component|dffs[0] ; clk          ; clk         ; 1.000        ; -0.058     ; 3.381      ;
; -2.433 ; rb:inst1|lpm_shiftreg:LPM_SHIFTREG_component|dffs[0] ; rr:inst6|lpm_shiftreg:lpm_shiftreg_component|dffs[6] ; clk          ; clk         ; 1.000        ; -0.057     ; 3.371      ;
; -2.413 ; rr:inst6|lpm_shiftreg:lpm_shiftreg_component|dffs[2] ; rr:inst6|lpm_shiftreg:lpm_shiftreg_component|dffs[0] ; clk          ; clk         ; 1.000        ; -0.057     ; 3.351      ;
; -2.401 ; rr:inst6|lpm_shiftreg:lpm_shiftreg_component|dffs[1] ; rr:inst6|lpm_shiftreg:lpm_shiftreg_component|dffs[0] ; clk          ; clk         ; 1.000        ; -0.057     ; 3.339      ;
; -2.391 ; rb:inst1|lpm_shiftreg:LPM_SHIFTREG_component|dffs[0] ; rr:inst6|lpm_shiftreg:lpm_shiftreg_component|dffs[4] ; clk          ; clk         ; 1.000        ; -0.058     ; 3.328      ;
; -2.389 ; rr:inst6|lpm_shiftreg:lpm_shiftreg_component|dffs[7] ; rr:inst6|lpm_shiftreg:lpm_shiftreg_component|dffs[3] ; clk          ; clk         ; 1.000        ; -0.057     ; 3.327      ;
; -2.380 ; rr:inst6|lpm_shiftreg:lpm_shiftreg_component|dffs[6] ; rr:inst6|lpm_shiftreg:lpm_shiftreg_component|dffs[4] ; clk          ; clk         ; 1.000        ; -0.058     ; 3.317      ;
; -2.367 ; rb:inst1|lpm_shiftreg:LPM_SHIFTREG_component|dffs[0] ; rr:inst6|lpm_shiftreg:lpm_shiftreg_component|dffs[5] ; clk          ; clk         ; 1.000        ; -0.057     ; 3.305      ;
; -2.363 ; rr:inst6|lpm_shiftreg:lpm_shiftreg_component|dffs[5] ; rr:inst6|lpm_shiftreg:lpm_shiftreg_component|dffs[1] ; clk          ; clk         ; 1.000        ; -0.058     ; 3.300      ;
; -2.363 ; rb:inst1|lpm_shiftreg:LPM_SHIFTREG_component|dffs[2] ; rr:inst6|lpm_shiftreg:lpm_shiftreg_component|dffs[0] ; clk          ; clk         ; 1.000        ; -0.058     ; 3.300      ;
; -2.362 ; ra:inst|lpm_ff:lpm_ff_component|dffs[1]              ; rr:inst6|lpm_shiftreg:lpm_shiftreg_component|dffs[1] ; clk          ; clk         ; 1.000        ; -0.057     ; 3.300      ;
; -2.361 ; rr:inst6|lpm_shiftreg:lpm_shiftreg_component|dffs[7] ; rr:inst6|lpm_shiftreg:lpm_shiftreg_component|dffs[4] ; clk          ; clk         ; 1.000        ; -0.058     ; 3.298      ;
; -2.360 ; rr:inst6|lpm_shiftreg:lpm_shiftreg_component|dffs[5] ; rr:inst6|lpm_shiftreg:lpm_shiftreg_component|dffs[2] ; clk          ; clk         ; 1.000        ; -0.058     ; 3.297      ;
; -2.359 ; rr:inst6|lpm_shiftreg:lpm_shiftreg_component|dffs[0] ; rr:inst6|lpm_shiftreg:lpm_shiftreg_component|dffs[0] ; clk          ; clk         ; 1.000        ; -0.057     ; 3.297      ;
; -2.354 ; ra:inst|lpm_ff:lpm_ff_component|dffs[3]              ; rr:inst6|lpm_shiftreg:lpm_shiftreg_component|dffs[7] ; clk          ; clk         ; 1.000        ; -0.056     ; 3.293      ;
; -2.353 ; rr:inst6|lpm_shiftreg:lpm_shiftreg_component|dffs[3] ; rr:inst6|lpm_shiftreg:lpm_shiftreg_component|dffs[1] ; clk          ; clk         ; 1.000        ; -0.058     ; 3.290      ;
; -2.350 ; rr:inst6|lpm_shiftreg:lpm_shiftreg_component|dffs[3] ; rr:inst6|lpm_shiftreg:lpm_shiftreg_component|dffs[2] ; clk          ; clk         ; 1.000        ; -0.058     ; 3.287      ;
; -2.337 ; rr:inst6|lpm_shiftreg:lpm_shiftreg_component|dffs[7] ; rr:inst6|lpm_shiftreg:lpm_shiftreg_component|dffs[5] ; clk          ; clk         ; 1.000        ; -0.057     ; 3.275      ;
; -2.310 ; rr:inst6|lpm_shiftreg:lpm_shiftreg_component|dffs[4] ; rr:inst6|lpm_shiftreg:lpm_shiftreg_component|dffs[4] ; clk          ; clk         ; 1.000        ; -0.057     ; 3.248      ;
; -2.293 ; rb:inst1|lpm_shiftreg:LPM_SHIFTREG_component|dffs[3] ; rr:inst6|lpm_shiftreg:lpm_shiftreg_component|dffs[1] ; clk          ; clk         ; 1.000        ; -0.058     ; 3.230      ;
; -2.289 ; ra:inst|lpm_ff:lpm_ff_component|dffs[3]              ; rr:inst6|lpm_shiftreg:lpm_shiftreg_component|dffs[6] ; clk          ; clk         ; 1.000        ; -0.056     ; 3.228      ;
; -2.285 ; rb:inst1|lpm_shiftreg:LPM_SHIFTREG_component|dffs[0] ; rr:inst6|lpm_shiftreg:lpm_shiftreg_component|dffs[1] ; clk          ; clk         ; 1.000        ; -0.058     ; 3.222      ;
; -2.282 ; rb:inst1|lpm_shiftreg:LPM_SHIFTREG_component|dffs[0] ; rr:inst6|lpm_shiftreg:lpm_shiftreg_component|dffs[2] ; clk          ; clk         ; 1.000        ; -0.058     ; 3.219      ;
; -2.262 ; rr:inst6|lpm_shiftreg:lpm_shiftreg_component|dffs[5] ; rr:inst6|lpm_shiftreg:lpm_shiftreg_component|dffs[0] ; clk          ; clk         ; 1.000        ; -0.058     ; 3.199      ;
; -2.261 ; ra:inst|lpm_ff:lpm_ff_component|dffs[1]              ; rr:inst6|lpm_shiftreg:lpm_shiftreg_component|dffs[0] ; clk          ; clk         ; 1.000        ; -0.057     ; 3.199      ;
; -2.253 ; ra:inst|lpm_ff:lpm_ff_component|dffs[2]              ; rr:inst6|lpm_shiftreg:lpm_shiftreg_component|dffs[1] ; clk          ; clk         ; 1.000        ; -0.057     ; 3.191      ;
; -2.252 ; ra:inst|lpm_ff:lpm_ff_component|dffs[3]              ; rr:inst6|lpm_shiftreg:lpm_shiftreg_component|dffs[4] ; clk          ; clk         ; 1.000        ; -0.057     ; 3.190      ;
; -2.252 ; rr:inst6|lpm_shiftreg:lpm_shiftreg_component|dffs[3] ; rr:inst6|lpm_shiftreg:lpm_shiftreg_component|dffs[0] ; clk          ; clk         ; 1.000        ; -0.058     ; 3.189      ;
; -2.250 ; ra:inst|lpm_ff:lpm_ff_component|dffs[3]              ; rr:inst6|lpm_shiftreg:lpm_shiftreg_component|dffs[1] ; clk          ; clk         ; 1.000        ; -0.057     ; 3.188      ;
; -2.247 ; rr:inst6|lpm_shiftreg:lpm_shiftreg_component|dffs[6] ; rr:inst6|lpm_shiftreg:lpm_shiftreg_component|dffs[1] ; clk          ; clk         ; 1.000        ; -0.058     ; 3.184      ;
; -2.247 ; ra:inst|lpm_ff:lpm_ff_component|dffs[3]              ; rr:inst6|lpm_shiftreg:lpm_shiftreg_component|dffs[2] ; clk          ; clk         ; 1.000        ; -0.057     ; 3.185      ;
; -2.240 ; rb:inst1|lpm_shiftreg:LPM_SHIFTREG_component|dffs[3] ; rr:inst6|lpm_shiftreg:lpm_shiftreg_component|dffs[2] ; clk          ; clk         ; 1.000        ; -0.058     ; 3.177      ;
; -2.228 ; ra:inst|lpm_ff:lpm_ff_component|dffs[3]              ; rr:inst6|lpm_shiftreg:lpm_shiftreg_component|dffs[5] ; clk          ; clk         ; 1.000        ; -0.056     ; 3.167      ;
; -2.209 ; ra:inst|lpm_ff:lpm_ff_component|dffs[2]              ; rr:inst6|lpm_shiftreg:lpm_shiftreg_component|dffs[2] ; clk          ; clk         ; 1.000        ; -0.057     ; 3.147      ;
; -2.209 ; ra:inst|lpm_ff:lpm_ff_component|dffs[0]              ; rr:inst6|lpm_shiftreg:lpm_shiftreg_component|dffs[0] ; clk          ; clk         ; 1.000        ; -0.057     ; 3.147      ;
; -2.201 ; rr:inst6|lpm_shiftreg:lpm_shiftreg_component|dffs[4] ; rr:inst6|lpm_shiftreg:lpm_shiftreg_component|dffs[1] ; clk          ; clk         ; 1.000        ; -0.057     ; 3.139      ;
; -2.184 ; rb:inst1|lpm_shiftreg:LPM_SHIFTREG_component|dffs[0] ; rr:inst6|lpm_shiftreg:lpm_shiftreg_component|dffs[0] ; clk          ; clk         ; 1.000        ; -0.058     ; 3.121      ;
; -2.167 ; rr:inst6|lpm_shiftreg:lpm_shiftreg_component|dffs[6] ; rr:inst6|lpm_shiftreg:lpm_shiftreg_component|dffs[2] ; clk          ; clk         ; 1.000        ; -0.058     ; 3.104      ;
; -2.151 ; rr:inst6|lpm_shiftreg:lpm_shiftreg_component|dffs[7] ; rr:inst6|lpm_shiftreg:lpm_shiftreg_component|dffs[1] ; clk          ; clk         ; 1.000        ; -0.058     ; 3.088      ;
; -2.149 ; ra:inst|lpm_ff:lpm_ff_component|dffs[3]              ; rr:inst6|lpm_shiftreg:lpm_shiftreg_component|dffs[0] ; clk          ; clk         ; 1.000        ; -0.057     ; 3.087      ;
; -2.148 ; rr:inst6|lpm_shiftreg:lpm_shiftreg_component|dffs[7] ; rr:inst6|lpm_shiftreg:lpm_shiftreg_component|dffs[2] ; clk          ; clk         ; 1.000        ; -0.058     ; 3.085      ;
; -2.142 ; rb:inst1|lpm_shiftreg:LPM_SHIFTREG_component|dffs[3] ; rr:inst6|lpm_shiftreg:lpm_shiftreg_component|dffs[0] ; clk          ; clk         ; 1.000        ; -0.058     ; 3.079      ;
; -2.111 ; ra:inst|lpm_ff:lpm_ff_component|dffs[2]              ; rr:inst6|lpm_shiftreg:lpm_shiftreg_component|dffs[0] ; clk          ; clk         ; 1.000        ; -0.057     ; 3.049      ;
; -2.097 ; rr:inst6|lpm_shiftreg:lpm_shiftreg_component|dffs[4] ; rr:inst6|lpm_shiftreg:lpm_shiftreg_component|dffs[2] ; clk          ; clk         ; 1.000        ; -0.057     ; 3.035      ;
; -2.069 ; rr:inst6|lpm_shiftreg:lpm_shiftreg_component|dffs[6] ; rr:inst6|lpm_shiftreg:lpm_shiftreg_component|dffs[0] ; clk          ; clk         ; 1.000        ; -0.058     ; 3.006      ;
; -2.050 ; rr:inst6|lpm_shiftreg:lpm_shiftreg_component|dffs[7] ; rr:inst6|lpm_shiftreg:lpm_shiftreg_component|dffs[0] ; clk          ; clk         ; 1.000        ; -0.058     ; 2.987      ;
; -1.999 ; rr:inst6|lpm_shiftreg:lpm_shiftreg_component|dffs[4] ; rr:inst6|lpm_shiftreg:lpm_shiftreg_component|dffs[0] ; clk          ; clk         ; 1.000        ; -0.057     ; 2.937      ;
; -1.840 ; rb:inst1|lpm_shiftreg:LPM_SHIFTREG_component|dffs[1] ; rr:inst6|lpm_shiftreg:lpm_shiftreg_component|dffs[7] ; clk          ; clk         ; 1.000        ; -0.057     ; 2.778      ;
; -1.783 ; rr:inst6|lpm_shiftreg:lpm_shiftreg_component|dffs[2] ; rr:inst6|lpm_shiftreg:lpm_shiftreg_component|dffs[7] ; clk          ; clk         ; 1.000        ; -0.056     ; 2.722      ;
; -1.715 ; rr:inst6|lpm_shiftreg:lpm_shiftreg_component|dffs[0] ; rr:inst6|lpm_shiftreg:lpm_shiftreg_component|dffs[7] ; clk          ; clk         ; 1.000        ; -0.056     ; 2.654      ;
; -1.661 ; rb:inst1|lpm_shiftreg:LPM_SHIFTREG_component|dffs[1] ; rr:inst6|lpm_shiftreg:lpm_shiftreg_component|dffs[3] ; clk          ; clk         ; 1.000        ; -0.057     ; 2.599      ;
; -1.635 ; rb:inst1|lpm_shiftreg:LPM_SHIFTREG_component|dffs[1] ; rr:inst6|lpm_shiftreg:lpm_shiftreg_component|dffs[5] ; clk          ; clk         ; 1.000        ; -0.057     ; 2.573      ;
; -1.611 ; rb:inst1|lpm_shiftreg:LPM_SHIFTREG_component|dffs[1] ; rr:inst6|lpm_shiftreg:lpm_shiftreg_component|dffs[6] ; clk          ; clk         ; 1.000        ; -0.057     ; 2.549      ;
; -1.604 ; rr:inst6|lpm_shiftreg:lpm_shiftreg_component|dffs[2] ; rr:inst6|lpm_shiftreg:lpm_shiftreg_component|dffs[3] ; clk          ; clk         ; 1.000        ; -0.056     ; 2.543      ;
; -1.587 ; rr:inst6|lpm_shiftreg:lpm_shiftreg_component|dffs[3] ; rpr:inst16|lpm_ff:lpm_ff_component|dffs[1]           ; clk          ; clk         ; 1.000        ; -0.070     ; 2.512      ;
; -1.578 ; rr:inst6|lpm_shiftreg:lpm_shiftreg_component|dffs[2] ; rr:inst6|lpm_shiftreg:lpm_shiftreg_component|dffs[5] ; clk          ; clk         ; 1.000        ; -0.056     ; 2.517      ;
; -1.569 ; rb:inst1|lpm_shiftreg:LPM_SHIFTREG_component|dffs[2] ; rr:inst6|lpm_shiftreg:lpm_shiftreg_component|dffs[7] ; clk          ; clk         ; 1.000        ; -0.057     ; 2.507      ;
; -1.566 ; rr:inst6|lpm_shiftreg:lpm_shiftreg_component|dffs[1] ; rr:inst6|lpm_shiftreg:lpm_shiftreg_component|dffs[7] ; clk          ; clk         ; 1.000        ; -0.056     ; 2.505      ;
; -1.564 ; ra:inst|lpm_ff:lpm_ff_component|dffs[0]              ; rr:inst6|lpm_shiftreg:lpm_shiftreg_component|dffs[7] ; clk          ; clk         ; 1.000        ; -0.056     ; 2.503      ;
; -1.554 ; rr:inst6|lpm_shiftreg:lpm_shiftreg_component|dffs[2] ; rr:inst6|lpm_shiftreg:lpm_shiftreg_component|dffs[6] ; clk          ; clk         ; 1.000        ; -0.056     ; 2.493      ;
; -1.536 ; rr:inst6|lpm_shiftreg:lpm_shiftreg_component|dffs[0] ; rr:inst6|lpm_shiftreg:lpm_shiftreg_component|dffs[3] ; clk          ; clk         ; 1.000        ; -0.056     ; 2.475      ;
; -1.521 ; rr:inst6|lpm_shiftreg:lpm_shiftreg_component|dffs[2] ; rpr:inst16|lpm_ff:lpm_ff_component|dffs[1]           ; clk          ; clk         ; 1.000        ; -0.069     ; 2.447      ;
; -1.510 ; rb:inst1|lpm_shiftreg:LPM_SHIFTREG_component|dffs[3] ; rr:inst6|lpm_shiftreg:lpm_shiftreg_component|dffs[7] ; clk          ; clk         ; 1.000        ; -0.057     ; 2.448      ;
; -1.510 ; rr:inst6|lpm_shiftreg:lpm_shiftreg_component|dffs[0] ; rr:inst6|lpm_shiftreg:lpm_shiftreg_component|dffs[5] ; clk          ; clk         ; 1.000        ; -0.056     ; 2.449      ;
; -1.507 ; rb:inst1|lpm_shiftreg:LPM_SHIFTREG_component|dffs[1] ; rr:inst6|lpm_shiftreg:lpm_shiftreg_component|dffs[4] ; clk          ; clk         ; 1.000        ; -0.058     ; 2.444      ;
; -1.501 ; rr:inst6|lpm_shiftreg:lpm_shiftreg_component|dffs[1] ; rr:inst6|lpm_shiftreg:lpm_shiftreg_component|dffs[6] ; clk          ; clk         ; 1.000        ; -0.056     ; 2.440      ;
; -1.486 ; rr:inst6|lpm_shiftreg:lpm_shiftreg_component|dffs[0] ; rr:inst6|lpm_shiftreg:lpm_shiftreg_component|dffs[6] ; clk          ; clk         ; 1.000        ; -0.056     ; 2.425      ;
; -1.470 ; ra:inst|lpm_ff:lpm_ff_component|dffs[2]              ; rr:inst6|lpm_shiftreg:lpm_shiftreg_component|dffs[7] ; clk          ; clk         ; 1.000        ; -0.056     ; 2.409      ;
; -1.464 ; rr:inst6|lpm_shiftreg:lpm_shiftreg_component|dffs[5] ; rr:inst6|lpm_shiftreg:lpm_shiftreg_component|dffs[7] ; clk          ; clk         ; 1.000        ; -0.057     ; 2.402      ;
; -1.464 ; rr:inst6|lpm_shiftreg:lpm_shiftreg_component|dffs[6] ; rr:inst6|lpm_shiftreg:lpm_shiftreg_component|dffs[7] ; clk          ; clk         ; 1.000        ; -0.057     ; 2.402      ;
; -1.463 ; rb:inst1|lpm_shiftreg:LPM_SHIFTREG_component|dffs[2] ; rr:inst6|lpm_shiftreg:lpm_shiftreg_component|dffs[6] ; clk          ; clk         ; 1.000        ; -0.057     ; 2.401      ;
; -1.458 ; rr:inst6|lpm_shiftreg:lpm_shiftreg_component|dffs[3] ; rr:inst6|lpm_shiftreg:lpm_shiftreg_component|dffs[7] ; clk          ; clk         ; 1.000        ; -0.057     ; 2.396      ;
; -1.450 ; rr:inst6|lpm_shiftreg:lpm_shiftreg_component|dffs[2] ; rr:inst6|lpm_shiftreg:lpm_shiftreg_component|dffs[4] ; clk          ; clk         ; 1.000        ; -0.057     ; 2.388      ;
; -1.426 ; ra:inst|lpm_ff:lpm_ff_component|dffs[1]              ; rr:inst6|lpm_shiftreg:lpm_shiftreg_component|dffs[7] ; clk          ; clk         ; 1.000        ; -0.056     ; 2.365      ;
; -1.418 ; rr:inst6|lpm_shiftreg:lpm_shiftreg_component|dffs[4] ; rr:inst6|lpm_shiftreg:lpm_shiftreg_component|dffs[7] ; clk          ; clk         ; 1.000        ; -0.056     ; 2.357      ;
; -1.413 ; rb:inst1|lpm_shiftreg:LPM_SHIFTREG_component|dffs[1] ; rr:inst6|lpm_shiftreg:lpm_shiftreg_component|dffs[1] ; clk          ; clk         ; 1.000        ; -0.058     ; 2.350      ;
; -1.390 ; rr:inst6|lpm_shiftreg:lpm_shiftreg_component|dffs[1] ; rr:inst6|lpm_shiftreg:lpm_shiftreg_component|dffs[3] ; clk          ; clk         ; 1.000        ; -0.056     ; 2.329      ;
; -1.390 ; rb:inst1|lpm_shiftreg:LPM_SHIFTREG_component|dffs[2] ; rr:inst6|lpm_shiftreg:lpm_shiftreg_component|dffs[3] ; clk          ; clk         ; 1.000        ; -0.057     ; 2.328      ;
; -1.385 ; ra:inst|lpm_ff:lpm_ff_component|dffs[0]              ; rr:inst6|lpm_shiftreg:lpm_shiftreg_component|dffs[3] ; clk          ; clk         ; 1.000        ; -0.056     ; 2.324      ;
; -1.382 ; rr:inst6|lpm_shiftreg:lpm_shiftreg_component|dffs[0] ; rr:inst6|lpm_shiftreg:lpm_shiftreg_component|dffs[4] ; clk          ; clk         ; 1.000        ; -0.057     ; 2.320      ;
; -1.365 ; rr:inst6|lpm_shiftreg:lpm_shiftreg_component|dffs[1] ; rpr:inst16|lpm_ff:lpm_ff_component|dffs[1]           ; clk          ; clk         ; 1.000        ; -0.069     ; 2.291      ;
; -1.364 ; rb:inst1|lpm_shiftreg:LPM_SHIFTREG_component|dffs[2] ; rr:inst6|lpm_shiftreg:lpm_shiftreg_component|dffs[5] ; clk          ; clk         ; 1.000        ; -0.057     ; 2.302      ;
; -1.362 ; rr:inst6|lpm_shiftreg:lpm_shiftreg_component|dffs[1] ; rr:inst6|lpm_shiftreg:lpm_shiftreg_component|dffs[4] ; clk          ; clk         ; 1.000        ; -0.057     ; 2.300      ;
+--------+------------------------------------------------------+------------------------------------------------------+--------------+-------------+--------------+------------+------------+


+-------------------------------------------------------------------------------------------------------------------------------------------------------------------------------------------+
; Slow 1200mV 0C Model Hold: 'clk'                                                                                                                                                          ;
+-------+------------------------------------------------------+------------------------------------------------------+--------------+-------------+--------------+------------+------------+
; Slack ; From Node                                            ; To Node                                              ; Launch Clock ; Latch Clock ; Relationship ; Clock Skew ; Data Delay ;
+-------+------------------------------------------------------+------------------------------------------------------+--------------+-------------+--------------+------------+------------+
; 0.310 ; rb:inst1|lpm_shiftreg:LPM_SHIFTREG_component|dffs[0] ; rb:inst1|lpm_shiftreg:LPM_SHIFTREG_component|dffs[0] ; clk          ; clk         ; 0.000        ; 0.057      ; 0.511      ;
; 0.544 ; rb:inst1|lpm_shiftreg:LPM_SHIFTREG_component|dffs[2] ; rb:inst1|lpm_shiftreg:LPM_SHIFTREG_component|dffs[3] ; clk          ; clk         ; 0.000        ; 0.057      ; 0.745      ;
; 0.544 ; rb:inst1|lpm_shiftreg:LPM_SHIFTREG_component|dffs[1] ; rb:inst1|lpm_shiftreg:LPM_SHIFTREG_component|dffs[2] ; clk          ; clk         ; 0.000        ; 0.057      ; 0.745      ;
; 0.605 ; rb:inst1|lpm_shiftreg:LPM_SHIFTREG_component|dffs[0] ; rb:inst1|lpm_shiftreg:LPM_SHIFTREG_component|dffs[1] ; clk          ; clk         ; 0.000        ; 0.057      ; 0.806      ;
; 0.663 ; rr:inst6|lpm_shiftreg:lpm_shiftreg_component|dffs[5] ; rr:inst6|lpm_shiftreg:lpm_shiftreg_component|dffs[6] ; clk          ; clk         ; 0.000        ; 0.057      ; 0.864      ;
; 0.726 ; rr:inst6|lpm_shiftreg:lpm_shiftreg_component|dffs[2] ; rr:inst6|lpm_shiftreg:lpm_shiftreg_component|dffs[3] ; clk          ; clk         ; 0.000        ; 0.058      ; 0.928      ;
; 0.846 ; rr:inst6|lpm_shiftreg:lpm_shiftreg_component|dffs[4] ; rr:inst6|lpm_shiftreg:lpm_shiftreg_component|dffs[5] ; clk          ; clk         ; 0.000        ; 0.058      ; 1.048      ;
; 0.882 ; rr:inst6|lpm_shiftreg:lpm_shiftreg_component|dffs[0] ; rr:inst6|lpm_shiftreg:lpm_shiftreg_component|dffs[1] ; clk          ; clk         ; 0.000        ; 0.057      ; 1.083      ;
; 0.938 ; rr:inst6|lpm_shiftreg:lpm_shiftreg_component|dffs[6] ; rr:inst6|lpm_shiftreg:lpm_shiftreg_component|dffs[7] ; clk          ; clk         ; 0.000        ; 0.057      ; 1.139      ;
; 1.013 ; rr:inst6|lpm_shiftreg:lpm_shiftreg_component|dffs[7] ; rr:inst6|lpm_shiftreg:lpm_shiftreg_component|dffs[0] ; clk          ; clk         ; 0.000        ; 0.056      ; 1.213      ;
; 1.126 ; ra:inst|lpm_ff:lpm_ff_component|dffs[2]              ; rr:inst6|lpm_shiftreg:lpm_shiftreg_component|dffs[2] ; clk          ; clk         ; 0.000        ; 0.057      ; 1.327      ;
; 1.132 ; ra:inst|lpm_ff:lpm_ff_component|dffs[0]              ; rr:inst6|lpm_shiftreg:lpm_shiftreg_component|dffs[0] ; clk          ; clk         ; 0.000        ; 0.057      ; 1.333      ;
; 1.155 ; ra:inst|lpm_ff:lpm_ff_component|dffs[3]              ; rr:inst6|lpm_shiftreg:lpm_shiftreg_component|dffs[4] ; clk          ; clk         ; 0.000        ; 0.057      ; 1.356      ;
; 1.172 ; ra:inst|lpm_ff:lpm_ff_component|dffs[3]              ; rr:inst6|lpm_shiftreg:lpm_shiftreg_component|dffs[5] ; clk          ; clk         ; 0.000        ; 0.058      ; 1.374      ;
; 1.189 ; rb:inst1|lpm_shiftreg:LPM_SHIFTREG_component|dffs[3] ; rr:inst6|lpm_shiftreg:lpm_shiftreg_component|dffs[2] ; clk          ; clk         ; 0.000        ; 0.056      ; 1.389      ;
; 1.192 ; ra:inst|lpm_ff:lpm_ff_component|dffs[3]              ; rr:inst6|lpm_shiftreg:lpm_shiftreg_component|dffs[6] ; clk          ; clk         ; 0.000        ; 0.058      ; 1.394      ;
; 1.246 ; rr:inst6|lpm_shiftreg:lpm_shiftreg_component|dffs[4] ; rr:inst6|lpm_shiftreg:lpm_shiftreg_component|dffs[4] ; clk          ; clk         ; 0.000        ; 0.057      ; 1.447      ;
; 1.262 ; ra:inst|lpm_ff:lpm_ff_component|dffs[1]              ; rr:inst6|lpm_shiftreg:lpm_shiftreg_component|dffs[1] ; clk          ; clk         ; 0.000        ; 0.057      ; 1.463      ;
; 1.279 ; rr:inst6|lpm_shiftreg:lpm_shiftreg_component|dffs[1] ; rr:inst6|lpm_shiftreg:lpm_shiftreg_component|dffs[2] ; clk          ; clk         ; 0.000        ; 0.057      ; 1.480      ;
; 1.281 ; ra:inst|lpm_ff:lpm_ff_component|dffs[3]              ; rr:inst6|lpm_shiftreg:lpm_shiftreg_component|dffs[7] ; clk          ; clk         ; 0.000        ; 0.058      ; 1.483      ;
; 1.302 ; rb:inst1|lpm_shiftreg:LPM_SHIFTREG_component|dffs[0] ; rr:inst6|lpm_shiftreg:lpm_shiftreg_component|dffs[4] ; clk          ; clk         ; 0.000        ; 0.056      ; 1.502      ;
; 1.304 ; rr:inst6|lpm_shiftreg:lpm_shiftreg_component|dffs[0] ; rr:inst6|lpm_shiftreg:lpm_shiftreg_component|dffs[0] ; clk          ; clk         ; 0.000        ; 0.057      ; 1.505      ;
; 1.322 ; rb:inst1|lpm_shiftreg:LPM_SHIFTREG_component|dffs[0] ; rr:inst6|lpm_shiftreg:lpm_shiftreg_component|dffs[5] ; clk          ; clk         ; 0.000        ; 0.057      ; 1.523      ;
; 1.341 ; rb:inst1|lpm_shiftreg:LPM_SHIFTREG_component|dffs[1] ; rr:inst6|lpm_shiftreg:lpm_shiftreg_component|dffs[0] ; clk          ; clk         ; 0.000        ; 0.056      ; 1.541      ;
; 1.366 ; rb:inst1|lpm_shiftreg:LPM_SHIFTREG_component|dffs[0] ; rr:inst6|lpm_shiftreg:lpm_shiftreg_component|dffs[6] ; clk          ; clk         ; 0.000        ; 0.057      ; 1.567      ;
; 1.375 ; ra:inst|lpm_ff:lpm_ff_component|dffs[1]              ; rr:inst6|lpm_shiftreg:lpm_shiftreg_component|dffs[2] ; clk          ; clk         ; 0.000        ; 0.057      ; 1.576      ;
; 1.376 ; rb:inst1|lpm_shiftreg:LPM_SHIFTREG_component|dffs[2] ; rr:inst6|lpm_shiftreg:lpm_shiftreg_component|dffs[1] ; clk          ; clk         ; 0.000        ; 0.056      ; 1.576      ;
; 1.386 ; ra:inst|lpm_ff:lpm_ff_component|dffs[3]              ; rr:inst6|lpm_shiftreg:lpm_shiftreg_component|dffs[3] ; clk          ; clk         ; 0.000        ; 0.058      ; 1.588      ;
; 1.415 ; rr:inst6|lpm_shiftreg:lpm_shiftreg_component|dffs[1] ; rr:inst6|lpm_shiftreg:lpm_shiftreg_component|dffs[1] ; clk          ; clk         ; 0.000        ; 0.057      ; 1.616      ;
; 1.421 ; ra:inst|lpm_ff:lpm_ff_component|dffs[0]              ; rr:inst6|lpm_shiftreg:lpm_shiftreg_component|dffs[2] ; clk          ; clk         ; 0.000        ; 0.057      ; 1.622      ;
; 1.430 ; rr:inst6|lpm_shiftreg:lpm_shiftreg_component|dffs[4] ; rpr:inst16|lpm_ff:lpm_ff_component|dffs[1]           ; clk          ; clk         ; 0.000        ; 0.045      ; 1.619      ;
; 1.432 ; rb:inst1|lpm_shiftreg:LPM_SHIFTREG_component|dffs[0] ; rr:inst6|lpm_shiftreg:lpm_shiftreg_component|dffs[7] ; clk          ; clk         ; 0.000        ; 0.057      ; 1.633      ;
; 1.440 ; rr:inst6|lpm_shiftreg:lpm_shiftreg_component|dffs[4] ; rpr:inst16|lpm_ff:lpm_ff_component|dffs[0]           ; clk          ; clk         ; 0.000        ; 0.045      ; 1.629      ;
; 1.447 ; rr:inst6|lpm_shiftreg:lpm_shiftreg_component|dffs[2] ; rr:inst6|lpm_shiftreg:lpm_shiftreg_component|dffs[2] ; clk          ; clk         ; 0.000        ; 0.057      ; 1.648      ;
; 1.447 ; rr:inst6|lpm_shiftreg:lpm_shiftreg_component|dffs[6] ; rr:inst6|lpm_shiftreg:lpm_shiftreg_component|dffs[6] ; clk          ; clk         ; 0.000        ; 0.057      ; 1.648      ;
; 1.454 ; rr:inst6|lpm_shiftreg:lpm_shiftreg_component|dffs[5] ; rr:inst6|lpm_shiftreg:lpm_shiftreg_component|dffs[5] ; clk          ; clk         ; 0.000        ; 0.057      ; 1.655      ;
; 1.455 ; rb:inst1|lpm_shiftreg:LPM_SHIFTREG_component|dffs[0] ; rr:inst6|lpm_shiftreg:lpm_shiftreg_component|dffs[3] ; clk          ; clk         ; 0.000        ; 0.057      ; 1.656      ;
; 1.484 ; ra:inst|lpm_ff:lpm_ff_component|dffs[0]              ; rr:inst6|lpm_shiftreg:lpm_shiftreg_component|dffs[1] ; clk          ; clk         ; 0.000        ; 0.057      ; 1.685      ;
; 1.492 ; rr:inst6|lpm_shiftreg:lpm_shiftreg_component|dffs[3] ; rr:inst6|lpm_shiftreg:lpm_shiftreg_component|dffs[4] ; clk          ; clk         ; 0.000        ; 0.056      ; 1.692      ;
; 1.494 ; rr:inst6|lpm_shiftreg:lpm_shiftreg_component|dffs[7] ; rr:inst6|lpm_shiftreg:lpm_shiftreg_component|dffs[7] ; clk          ; clk         ; 0.000        ; 0.057      ; 1.695      ;
; 1.511 ; rr:inst6|lpm_shiftreg:lpm_shiftreg_component|dffs[0] ; rpr:inst16|lpm_ff:lpm_ff_component|dffs[1]           ; clk          ; clk         ; 0.000        ; 0.045      ; 1.700      ;
; 1.518 ; rr:inst6|lpm_shiftreg:lpm_shiftreg_component|dffs[3] ; rr:inst6|lpm_shiftreg:lpm_shiftreg_component|dffs[3] ; clk          ; clk         ; 0.000        ; 0.057      ; 1.719      ;
; 1.524 ; rb:inst1|lpm_shiftreg:LPM_SHIFTREG_component|dffs[2] ; rr:inst6|lpm_shiftreg:lpm_shiftreg_component|dffs[2] ; clk          ; clk         ; 0.000        ; 0.056      ; 1.724      ;
; 1.527 ; ra:inst|lpm_ff:lpm_ff_component|dffs[2]              ; rr:inst6|lpm_shiftreg:lpm_shiftreg_component|dffs[4] ; clk          ; clk         ; 0.000        ; 0.057      ; 1.728      ;
; 1.555 ; rr:inst6|lpm_shiftreg:lpm_shiftreg_component|dffs[3] ; rpr:inst16|lpm_ff:lpm_ff_component|dffs[0]           ; clk          ; clk         ; 0.000        ; 0.044      ; 1.743      ;
; 1.570 ; ra:inst|lpm_ff:lpm_ff_component|dffs[1]              ; rr:inst6|lpm_shiftreg:lpm_shiftreg_component|dffs[4] ; clk          ; clk         ; 0.000        ; 0.057      ; 1.771      ;
; 1.602 ; rr:inst6|lpm_shiftreg:lpm_shiftreg_component|dffs[4] ; rr:inst6|lpm_shiftreg:lpm_shiftreg_component|dffs[6] ; clk          ; clk         ; 0.000        ; 0.058      ; 1.804      ;
; 1.604 ; rb:inst1|lpm_shiftreg:LPM_SHIFTREG_component|dffs[3] ; rr:inst6|lpm_shiftreg:lpm_shiftreg_component|dffs[4] ; clk          ; clk         ; 0.000        ; 0.056      ; 1.804      ;
; 1.606 ; ra:inst|lpm_ff:lpm_ff_component|dffs[2]              ; rr:inst6|lpm_shiftreg:lpm_shiftreg_component|dffs[5] ; clk          ; clk         ; 0.000        ; 0.058      ; 1.808      ;
; 1.607 ; rr:inst6|lpm_shiftreg:lpm_shiftreg_component|dffs[0] ; rr:inst6|lpm_shiftreg:lpm_shiftreg_component|dffs[2] ; clk          ; clk         ; 0.000        ; 0.057      ; 1.808      ;
; 1.616 ; ra:inst|lpm_ff:lpm_ff_component|dffs[0]              ; rr:inst6|lpm_shiftreg:lpm_shiftreg_component|dffs[4] ; clk          ; clk         ; 0.000        ; 0.057      ; 1.817      ;
; 1.637 ; ra:inst|lpm_ff:lpm_ff_component|dffs[2]              ; rr:inst6|lpm_shiftreg:lpm_shiftreg_component|dffs[3] ; clk          ; clk         ; 0.000        ; 0.058      ; 1.839      ;
; 1.637 ; rr:inst6|lpm_shiftreg:lpm_shiftreg_component|dffs[3] ; rpr:inst16|lpm_ff:lpm_ff_component|dffs[1]           ; clk          ; clk         ; 0.000        ; 0.044      ; 1.825      ;
; 1.644 ; ra:inst|lpm_ff:lpm_ff_component|dffs[1]              ; rr:inst6|lpm_shiftreg:lpm_shiftreg_component|dffs[5] ; clk          ; clk         ; 0.000        ; 0.058      ; 1.846      ;
; 1.648 ; rr:inst6|lpm_shiftreg:lpm_shiftreg_component|dffs[3] ; rr:inst6|lpm_shiftreg:lpm_shiftreg_component|dffs[5] ; clk          ; clk         ; 0.000        ; 0.057      ; 1.849      ;
; 1.650 ; rb:inst1|lpm_shiftreg:LPM_SHIFTREG_component|dffs[3] ; rr:inst6|lpm_shiftreg:lpm_shiftreg_component|dffs[5] ; clk          ; clk         ; 0.000        ; 0.057      ; 1.851      ;
; 1.665 ; ra:inst|lpm_ff:lpm_ff_component|dffs[2]              ; rr:inst6|lpm_shiftreg:lpm_shiftreg_component|dffs[6] ; clk          ; clk         ; 0.000        ; 0.058      ; 1.867      ;
; 1.666 ; rb:inst1|lpm_shiftreg:LPM_SHIFTREG_component|dffs[1] ; rr:inst6|lpm_shiftreg:lpm_shiftreg_component|dffs[2] ; clk          ; clk         ; 0.000        ; 0.056      ; 1.866      ;
; 1.675 ; ra:inst|lpm_ff:lpm_ff_component|dffs[1]              ; rr:inst6|lpm_shiftreg:lpm_shiftreg_component|dffs[3] ; clk          ; clk         ; 0.000        ; 0.058      ; 1.877      ;
; 1.680 ; rb:inst1|lpm_shiftreg:LPM_SHIFTREG_component|dffs[1] ; rr:inst6|lpm_shiftreg:lpm_shiftreg_component|dffs[1] ; clk          ; clk         ; 0.000        ; 0.056      ; 1.880      ;
; 1.681 ; rb:inst1|lpm_shiftreg:LPM_SHIFTREG_component|dffs[3] ; rr:inst6|lpm_shiftreg:lpm_shiftreg_component|dffs[3] ; clk          ; clk         ; 0.000        ; 0.057      ; 1.882      ;
; 1.700 ; ra:inst|lpm_ff:lpm_ff_component|dffs[0]              ; rr:inst6|lpm_shiftreg:lpm_shiftreg_component|dffs[5] ; clk          ; clk         ; 0.000        ; 0.058      ; 1.902      ;
; 1.708 ; ra:inst|lpm_ff:lpm_ff_component|dffs[1]              ; rr:inst6|lpm_shiftreg:lpm_shiftreg_component|dffs[6] ; clk          ; clk         ; 0.000        ; 0.058      ; 1.910      ;
; 1.715 ; rr:inst6|lpm_shiftreg:lpm_shiftreg_component|dffs[4] ; rr:inst6|lpm_shiftreg:lpm_shiftreg_component|dffs[7] ; clk          ; clk         ; 0.000        ; 0.058      ; 1.917      ;
; 1.729 ; rb:inst1|lpm_shiftreg:LPM_SHIFTREG_component|dffs[2] ; rr:inst6|lpm_shiftreg:lpm_shiftreg_component|dffs[4] ; clk          ; clk         ; 0.000        ; 0.056      ; 1.929      ;
; 1.731 ; ra:inst|lpm_ff:lpm_ff_component|dffs[0]              ; rr:inst6|lpm_shiftreg:lpm_shiftreg_component|dffs[3] ; clk          ; clk         ; 0.000        ; 0.058      ; 1.933      ;
; 1.738 ; rr:inst6|lpm_shiftreg:lpm_shiftreg_component|dffs[3] ; rr:inst6|lpm_shiftreg:lpm_shiftreg_component|dffs[6] ; clk          ; clk         ; 0.000        ; 0.057      ; 1.939      ;
; 1.740 ; rb:inst1|lpm_shiftreg:LPM_SHIFTREG_component|dffs[3] ; rr:inst6|lpm_shiftreg:lpm_shiftreg_component|dffs[6] ; clk          ; clk         ; 0.000        ; 0.057      ; 1.941      ;
; 1.743 ; rr:inst6|lpm_shiftreg:lpm_shiftreg_component|dffs[1] ; rr:inst6|lpm_shiftreg:lpm_shiftreg_component|dffs[4] ; clk          ; clk         ; 0.000        ; 0.057      ; 1.944      ;
; 1.753 ; rb:inst1|lpm_shiftreg:LPM_SHIFTREG_component|dffs[2] ; rr:inst6|lpm_shiftreg:lpm_shiftreg_component|dffs[5] ; clk          ; clk         ; 0.000        ; 0.057      ; 1.954      ;
; 1.754 ; ra:inst|lpm_ff:lpm_ff_component|dffs[0]              ; rr:inst6|lpm_shiftreg:lpm_shiftreg_component|dffs[6] ; clk          ; clk         ; 0.000        ; 0.058      ; 1.956      ;
; 1.784 ; rb:inst1|lpm_shiftreg:LPM_SHIFTREG_component|dffs[2] ; rr:inst6|lpm_shiftreg:lpm_shiftreg_component|dffs[3] ; clk          ; clk         ; 0.000        ; 0.057      ; 1.985      ;
; 1.792 ; rr:inst6|lpm_shiftreg:lpm_shiftreg_component|dffs[1] ; rr:inst6|lpm_shiftreg:lpm_shiftreg_component|dffs[5] ; clk          ; clk         ; 0.000        ; 0.058      ; 1.994      ;
; 1.802 ; rr:inst6|lpm_shiftreg:lpm_shiftreg_component|dffs[0] ; rr:inst6|lpm_shiftreg:lpm_shiftreg_component|dffs[4] ; clk          ; clk         ; 0.000        ; 0.057      ; 2.003      ;
; 1.809 ; ra:inst|lpm_ff:lpm_ff_component|dffs[2]              ; rr:inst6|lpm_shiftreg:lpm_shiftreg_component|dffs[7] ; clk          ; clk         ; 0.000        ; 0.058      ; 2.011      ;
; 1.819 ; rr:inst6|lpm_shiftreg:lpm_shiftreg_component|dffs[5] ; rr:inst6|lpm_shiftreg:lpm_shiftreg_component|dffs[7] ; clk          ; clk         ; 0.000        ; 0.057      ; 2.020      ;
; 1.823 ; rr:inst6|lpm_shiftreg:lpm_shiftreg_component|dffs[1] ; rr:inst6|lpm_shiftreg:lpm_shiftreg_component|dffs[3] ; clk          ; clk         ; 0.000        ; 0.058      ; 2.025      ;
; 1.843 ; rb:inst1|lpm_shiftreg:LPM_SHIFTREG_component|dffs[2] ; rr:inst6|lpm_shiftreg:lpm_shiftreg_component|dffs[6] ; clk          ; clk         ; 0.000        ; 0.057      ; 2.044      ;
; 1.847 ; ra:inst|lpm_ff:lpm_ff_component|dffs[1]              ; rr:inst6|lpm_shiftreg:lpm_shiftreg_component|dffs[7] ; clk          ; clk         ; 0.000        ; 0.058      ; 2.049      ;
; 1.851 ; rr:inst6|lpm_shiftreg:lpm_shiftreg_component|dffs[3] ; rr:inst6|lpm_shiftreg:lpm_shiftreg_component|dffs[7] ; clk          ; clk         ; 0.000        ; 0.057      ; 2.052      ;
; 1.853 ; rb:inst1|lpm_shiftreg:LPM_SHIFTREG_component|dffs[3] ; rr:inst6|lpm_shiftreg:lpm_shiftreg_component|dffs[7] ; clk          ; clk         ; 0.000        ; 0.057      ; 2.054      ;
; 1.859 ; rr:inst6|lpm_shiftreg:lpm_shiftreg_component|dffs[0] ; rr:inst6|lpm_shiftreg:lpm_shiftreg_component|dffs[5] ; clk          ; clk         ; 0.000        ; 0.058      ; 2.061      ;
; 1.861 ; rb:inst1|lpm_shiftreg:LPM_SHIFTREG_component|dffs[1] ; rr:inst6|lpm_shiftreg:lpm_shiftreg_component|dffs[4] ; clk          ; clk         ; 0.000        ; 0.056      ; 2.061      ;
; 1.864 ; rr:inst6|lpm_shiftreg:lpm_shiftreg_component|dffs[2] ; rr:inst6|lpm_shiftreg:lpm_shiftreg_component|dffs[4] ; clk          ; clk         ; 0.000        ; 0.057      ; 2.065      ;
; 1.881 ; rr:inst6|lpm_shiftreg:lpm_shiftreg_component|dffs[1] ; rr:inst6|lpm_shiftreg:lpm_shiftreg_component|dffs[6] ; clk          ; clk         ; 0.000        ; 0.058      ; 2.083      ;
; 1.890 ; rr:inst6|lpm_shiftreg:lpm_shiftreg_component|dffs[0] ; rr:inst6|lpm_shiftreg:lpm_shiftreg_component|dffs[3] ; clk          ; clk         ; 0.000        ; 0.058      ; 2.092      ;
; 1.896 ; rb:inst1|lpm_shiftreg:LPM_SHIFTREG_component|dffs[1] ; rr:inst6|lpm_shiftreg:lpm_shiftreg_component|dffs[5] ; clk          ; clk         ; 0.000        ; 0.057      ; 2.097      ;
; 1.903 ; ra:inst|lpm_ff:lpm_ff_component|dffs[0]              ; rr:inst6|lpm_shiftreg:lpm_shiftreg_component|dffs[7] ; clk          ; clk         ; 0.000        ; 0.058      ; 2.105      ;
; 1.908 ; rr:inst6|lpm_shiftreg:lpm_shiftreg_component|dffs[2] ; rr:inst6|lpm_shiftreg:lpm_shiftreg_component|dffs[5] ; clk          ; clk         ; 0.000        ; 0.058      ; 2.110      ;
; 1.914 ; rr:inst6|lpm_shiftreg:lpm_shiftreg_component|dffs[1] ; rpr:inst16|lpm_ff:lpm_ff_component|dffs[1]           ; clk          ; clk         ; 0.000        ; 0.045      ; 2.103      ;
; 1.927 ; rb:inst1|lpm_shiftreg:LPM_SHIFTREG_component|dffs[1] ; rr:inst6|lpm_shiftreg:lpm_shiftreg_component|dffs[3] ; clk          ; clk         ; 0.000        ; 0.057      ; 2.128      ;
; 1.940 ; rr:inst6|lpm_shiftreg:lpm_shiftreg_component|dffs[0] ; rr:inst6|lpm_shiftreg:lpm_shiftreg_component|dffs[6] ; clk          ; clk         ; 0.000        ; 0.058      ; 2.142      ;
; 1.956 ; rb:inst1|lpm_shiftreg:LPM_SHIFTREG_component|dffs[2] ; rr:inst6|lpm_shiftreg:lpm_shiftreg_component|dffs[7] ; clk          ; clk         ; 0.000        ; 0.057      ; 2.157      ;
; 1.986 ; rb:inst1|lpm_shiftreg:LPM_SHIFTREG_component|dffs[1] ; rr:inst6|lpm_shiftreg:lpm_shiftreg_component|dffs[6] ; clk          ; clk         ; 0.000        ; 0.057      ; 2.187      ;
; 1.988 ; ra:inst|lpm_ff:lpm_ff_component|dffs[3]              ; rr:inst6|lpm_shiftreg:lpm_shiftreg_component|dffs[0] ; clk          ; clk         ; 0.000        ; 0.057      ; 2.189      ;
; 1.995 ; rr:inst6|lpm_shiftreg:lpm_shiftreg_component|dffs[1] ; rr:inst6|lpm_shiftreg:lpm_shiftreg_component|dffs[7] ; clk          ; clk         ; 0.000        ; 0.058      ; 2.197      ;
; 1.998 ; rr:inst6|lpm_shiftreg:lpm_shiftreg_component|dffs[2] ; rr:inst6|lpm_shiftreg:lpm_shiftreg_component|dffs[6] ; clk          ; clk         ; 0.000        ; 0.058      ; 2.200      ;
; 2.061 ; rr:inst6|lpm_shiftreg:lpm_shiftreg_component|dffs[2] ; rpr:inst16|lpm_ff:lpm_ff_component|dffs[1]           ; clk          ; clk         ; 0.000        ; 0.045      ; 2.250      ;
; 2.062 ; rr:inst6|lpm_shiftreg:lpm_shiftreg_component|dffs[0] ; rr:inst6|lpm_shiftreg:lpm_shiftreg_component|dffs[7] ; clk          ; clk         ; 0.000        ; 0.058      ; 2.264      ;
; 2.081 ; ra:inst|lpm_ff:lpm_ff_component|dffs[3]              ; rr:inst6|lpm_shiftreg:lpm_shiftreg_component|dffs[2] ; clk          ; clk         ; 0.000        ; 0.057      ; 2.282      ;
+-------+------------------------------------------------------+------------------------------------------------------+--------------+-------------+--------------+------------+------------+


+---------------------------------------------------------------------------------------------------------------------------------------+
; Slow 1200mV 0C Model Minimum Pulse Width: 'clk'                                                                                       ;
+--------+--------------+----------------+------------------+-------+------------+------------------------------------------------------+
; Slack  ; Actual Width ; Required Width ; Type             ; Clock ; Clock Edge ; Target                                               ;
+--------+--------------+----------------+------------------+-------+------------+------------------------------------------------------+
; -3.000 ; 1.000        ; 4.000          ; Port Rate        ; clk   ; Rise       ; clk                                                  ;
; -1.000 ; 1.000        ; 2.000          ; Min Period       ; clk   ; Rise       ; ra:inst|lpm_ff:lpm_ff_component|dffs[0]              ;
; -1.000 ; 1.000        ; 2.000          ; Min Period       ; clk   ; Rise       ; ra:inst|lpm_ff:lpm_ff_component|dffs[1]              ;
; -1.000 ; 1.000        ; 2.000          ; Min Period       ; clk   ; Rise       ; ra:inst|lpm_ff:lpm_ff_component|dffs[2]              ;
; -1.000 ; 1.000        ; 2.000          ; Min Period       ; clk   ; Rise       ; ra:inst|lpm_ff:lpm_ff_component|dffs[3]              ;
; -1.000 ; 1.000        ; 2.000          ; Min Period       ; clk   ; Rise       ; rb:inst1|lpm_shiftreg:LPM_SHIFTREG_component|dffs[0] ;
; -1.000 ; 1.000        ; 2.000          ; Min Period       ; clk   ; Rise       ; rb:inst1|lpm_shiftreg:LPM_SHIFTREG_component|dffs[1] ;
; -1.000 ; 1.000        ; 2.000          ; Min Period       ; clk   ; Rise       ; rb:inst1|lpm_shiftreg:LPM_SHIFTREG_component|dffs[2] ;
; -1.000 ; 1.000        ; 2.000          ; Min Period       ; clk   ; Rise       ; rb:inst1|lpm_shiftreg:LPM_SHIFTREG_component|dffs[3] ;
; -1.000 ; 1.000        ; 2.000          ; Min Period       ; clk   ; Rise       ; rpr:inst16|lpm_ff:lpm_ff_component|dffs[0]           ;
; -1.000 ; 1.000        ; 2.000          ; Min Period       ; clk   ; Rise       ; rpr:inst16|lpm_ff:lpm_ff_component|dffs[1]           ;
; -1.000 ; 1.000        ; 2.000          ; Min Period       ; clk   ; Rise       ; rr:inst6|lpm_shiftreg:lpm_shiftreg_component|dffs[0] ;
; -1.000 ; 1.000        ; 2.000          ; Min Period       ; clk   ; Rise       ; rr:inst6|lpm_shiftreg:lpm_shiftreg_component|dffs[1] ;
; -1.000 ; 1.000        ; 2.000          ; Min Period       ; clk   ; Rise       ; rr:inst6|lpm_shiftreg:lpm_shiftreg_component|dffs[2] ;
; -1.000 ; 1.000        ; 2.000          ; Min Period       ; clk   ; Rise       ; rr:inst6|lpm_shiftreg:lpm_shiftreg_component|dffs[3] ;
; -1.000 ; 1.000        ; 2.000          ; Min Period       ; clk   ; Rise       ; rr:inst6|lpm_shiftreg:lpm_shiftreg_component|dffs[4] ;
; -1.000 ; 1.000        ; 2.000          ; Min Period       ; clk   ; Rise       ; rr:inst6|lpm_shiftreg:lpm_shiftreg_component|dffs[5] ;
; -1.000 ; 1.000        ; 2.000          ; Min Period       ; clk   ; Rise       ; rr:inst6|lpm_shiftreg:lpm_shiftreg_component|dffs[6] ;
; -1.000 ; 1.000        ; 2.000          ; Min Period       ; clk   ; Rise       ; rr:inst6|lpm_shiftreg:lpm_shiftreg_component|dffs[7] ;
; 0.218  ; 0.402        ; 0.184          ; Low Pulse Width  ; clk   ; Rise       ; ra:inst|lpm_ff:lpm_ff_component|dffs[0]              ;
; 0.218  ; 0.402        ; 0.184          ; Low Pulse Width  ; clk   ; Rise       ; ra:inst|lpm_ff:lpm_ff_component|dffs[1]              ;
; 0.218  ; 0.402        ; 0.184          ; Low Pulse Width  ; clk   ; Rise       ; ra:inst|lpm_ff:lpm_ff_component|dffs[2]              ;
; 0.218  ; 0.402        ; 0.184          ; Low Pulse Width  ; clk   ; Rise       ; ra:inst|lpm_ff:lpm_ff_component|dffs[3]              ;
; 0.218  ; 0.402        ; 0.184          ; Low Pulse Width  ; clk   ; Rise       ; rr:inst6|lpm_shiftreg:lpm_shiftreg_component|dffs[0] ;
; 0.218  ; 0.402        ; 0.184          ; Low Pulse Width  ; clk   ; Rise       ; rr:inst6|lpm_shiftreg:lpm_shiftreg_component|dffs[1] ;
; 0.218  ; 0.402        ; 0.184          ; Low Pulse Width  ; clk   ; Rise       ; rr:inst6|lpm_shiftreg:lpm_shiftreg_component|dffs[2] ;
; 0.218  ; 0.402        ; 0.184          ; Low Pulse Width  ; clk   ; Rise       ; rr:inst6|lpm_shiftreg:lpm_shiftreg_component|dffs[4] ;
; 0.219  ; 0.403        ; 0.184          ; Low Pulse Width  ; clk   ; Rise       ; rb:inst1|lpm_shiftreg:LPM_SHIFTREG_component|dffs[0] ;
; 0.219  ; 0.403        ; 0.184          ; Low Pulse Width  ; clk   ; Rise       ; rb:inst1|lpm_shiftreg:LPM_SHIFTREG_component|dffs[1] ;
; 0.219  ; 0.403        ; 0.184          ; Low Pulse Width  ; clk   ; Rise       ; rb:inst1|lpm_shiftreg:LPM_SHIFTREG_component|dffs[2] ;
; 0.219  ; 0.403        ; 0.184          ; Low Pulse Width  ; clk   ; Rise       ; rb:inst1|lpm_shiftreg:LPM_SHIFTREG_component|dffs[3] ;
; 0.219  ; 0.403        ; 0.184          ; Low Pulse Width  ; clk   ; Rise       ; rpr:inst16|lpm_ff:lpm_ff_component|dffs[0]           ;
; 0.219  ; 0.403        ; 0.184          ; Low Pulse Width  ; clk   ; Rise       ; rpr:inst16|lpm_ff:lpm_ff_component|dffs[1]           ;
; 0.219  ; 0.403        ; 0.184          ; Low Pulse Width  ; clk   ; Rise       ; rr:inst6|lpm_shiftreg:lpm_shiftreg_component|dffs[3] ;
; 0.219  ; 0.403        ; 0.184          ; Low Pulse Width  ; clk   ; Rise       ; rr:inst6|lpm_shiftreg:lpm_shiftreg_component|dffs[5] ;
; 0.219  ; 0.403        ; 0.184          ; Low Pulse Width  ; clk   ; Rise       ; rr:inst6|lpm_shiftreg:lpm_shiftreg_component|dffs[6] ;
; 0.219  ; 0.403        ; 0.184          ; Low Pulse Width  ; clk   ; Rise       ; rr:inst6|lpm_shiftreg:lpm_shiftreg_component|dffs[7] ;
; 0.344  ; 0.344        ; 0.000          ; Low Pulse Width  ; clk   ; Rise       ; clk~input|o                                          ;
; 0.346  ; 0.346        ; 0.000          ; Low Pulse Width  ; clk   ; Rise       ; clk~inputclkctrl|inclk[0]                            ;
; 0.346  ; 0.346        ; 0.000          ; Low Pulse Width  ; clk   ; Rise       ; clk~inputclkctrl|outclk                              ;
; 0.378  ; 0.378        ; 0.000          ; Low Pulse Width  ; clk   ; Rise       ; inst6|lpm_shiftreg_component|dffs[0]|clk             ;
; 0.378  ; 0.378        ; 0.000          ; Low Pulse Width  ; clk   ; Rise       ; inst6|lpm_shiftreg_component|dffs[1]|clk             ;
; 0.378  ; 0.378        ; 0.000          ; Low Pulse Width  ; clk   ; Rise       ; inst6|lpm_shiftreg_component|dffs[2]|clk             ;
; 0.378  ; 0.378        ; 0.000          ; Low Pulse Width  ; clk   ; Rise       ; inst6|lpm_shiftreg_component|dffs[4]|clk             ;
; 0.378  ; 0.378        ; 0.000          ; Low Pulse Width  ; clk   ; Rise       ; inst|lpm_ff_component|dffs[0]|clk                    ;
; 0.378  ; 0.378        ; 0.000          ; Low Pulse Width  ; clk   ; Rise       ; inst|lpm_ff_component|dffs[1]|clk                    ;
; 0.378  ; 0.378        ; 0.000          ; Low Pulse Width  ; clk   ; Rise       ; inst|lpm_ff_component|dffs[2]|clk                    ;
; 0.378  ; 0.378        ; 0.000          ; Low Pulse Width  ; clk   ; Rise       ; inst|lpm_ff_component|dffs[3]|clk                    ;
; 0.379  ; 0.379        ; 0.000          ; Low Pulse Width  ; clk   ; Rise       ; inst16|lpm_ff_component|dffs[0]|clk                  ;
; 0.379  ; 0.379        ; 0.000          ; Low Pulse Width  ; clk   ; Rise       ; inst16|lpm_ff_component|dffs[1]|clk                  ;
; 0.379  ; 0.379        ; 0.000          ; Low Pulse Width  ; clk   ; Rise       ; inst1|LPM_SHIFTREG_component|dffs[0]|clk             ;
; 0.379  ; 0.379        ; 0.000          ; Low Pulse Width  ; clk   ; Rise       ; inst1|LPM_SHIFTREG_component|dffs[1]|clk             ;
; 0.379  ; 0.379        ; 0.000          ; Low Pulse Width  ; clk   ; Rise       ; inst1|LPM_SHIFTREG_component|dffs[2]|clk             ;
; 0.379  ; 0.379        ; 0.000          ; Low Pulse Width  ; clk   ; Rise       ; inst1|LPM_SHIFTREG_component|dffs[3]|clk             ;
; 0.379  ; 0.379        ; 0.000          ; Low Pulse Width  ; clk   ; Rise       ; inst6|lpm_shiftreg_component|dffs[3]|clk             ;
; 0.379  ; 0.379        ; 0.000          ; Low Pulse Width  ; clk   ; Rise       ; inst6|lpm_shiftreg_component|dffs[5]|clk             ;
; 0.379  ; 0.379        ; 0.000          ; Low Pulse Width  ; clk   ; Rise       ; inst6|lpm_shiftreg_component|dffs[6]|clk             ;
; 0.379  ; 0.379        ; 0.000          ; Low Pulse Width  ; clk   ; Rise       ; inst6|lpm_shiftreg_component|dffs[7]|clk             ;
; 0.380  ; 0.596        ; 0.216          ; High Pulse Width ; clk   ; Rise       ; ra:inst|lpm_ff:lpm_ff_component|dffs[0]              ;
; 0.380  ; 0.596        ; 0.216          ; High Pulse Width ; clk   ; Rise       ; ra:inst|lpm_ff:lpm_ff_component|dffs[1]              ;
; 0.380  ; 0.596        ; 0.216          ; High Pulse Width ; clk   ; Rise       ; ra:inst|lpm_ff:lpm_ff_component|dffs[2]              ;
; 0.380  ; 0.596        ; 0.216          ; High Pulse Width ; clk   ; Rise       ; rb:inst1|lpm_shiftreg:LPM_SHIFTREG_component|dffs[0] ;
; 0.380  ; 0.596        ; 0.216          ; High Pulse Width ; clk   ; Rise       ; rb:inst1|lpm_shiftreg:LPM_SHIFTREG_component|dffs[1] ;
; 0.380  ; 0.596        ; 0.216          ; High Pulse Width ; clk   ; Rise       ; rb:inst1|lpm_shiftreg:LPM_SHIFTREG_component|dffs[2] ;
; 0.380  ; 0.596        ; 0.216          ; High Pulse Width ; clk   ; Rise       ; rb:inst1|lpm_shiftreg:LPM_SHIFTREG_component|dffs[3] ;
; 0.380  ; 0.596        ; 0.216          ; High Pulse Width ; clk   ; Rise       ; rpr:inst16|lpm_ff:lpm_ff_component|dffs[0]           ;
; 0.380  ; 0.596        ; 0.216          ; High Pulse Width ; clk   ; Rise       ; rpr:inst16|lpm_ff:lpm_ff_component|dffs[1]           ;
; 0.380  ; 0.596        ; 0.216          ; High Pulse Width ; clk   ; Rise       ; rr:inst6|lpm_shiftreg:lpm_shiftreg_component|dffs[3] ;
; 0.380  ; 0.596        ; 0.216          ; High Pulse Width ; clk   ; Rise       ; rr:inst6|lpm_shiftreg:lpm_shiftreg_component|dffs[5] ;
; 0.380  ; 0.596        ; 0.216          ; High Pulse Width ; clk   ; Rise       ; rr:inst6|lpm_shiftreg:lpm_shiftreg_component|dffs[6] ;
; 0.380  ; 0.596        ; 0.216          ; High Pulse Width ; clk   ; Rise       ; rr:inst6|lpm_shiftreg:lpm_shiftreg_component|dffs[7] ;
; 0.381  ; 0.597        ; 0.216          ; High Pulse Width ; clk   ; Rise       ; ra:inst|lpm_ff:lpm_ff_component|dffs[3]              ;
; 0.381  ; 0.597        ; 0.216          ; High Pulse Width ; clk   ; Rise       ; rr:inst6|lpm_shiftreg:lpm_shiftreg_component|dffs[0] ;
; 0.381  ; 0.597        ; 0.216          ; High Pulse Width ; clk   ; Rise       ; rr:inst6|lpm_shiftreg:lpm_shiftreg_component|dffs[1] ;
; 0.381  ; 0.597        ; 0.216          ; High Pulse Width ; clk   ; Rise       ; rr:inst6|lpm_shiftreg:lpm_shiftreg_component|dffs[2] ;
; 0.381  ; 0.597        ; 0.216          ; High Pulse Width ; clk   ; Rise       ; rr:inst6|lpm_shiftreg:lpm_shiftreg_component|dffs[4] ;
; 0.500  ; 0.500        ; 0.000          ; High Pulse Width ; clk   ; Rise       ; clk~input|i                                          ;
; 0.500  ; 0.500        ; 0.000          ; Low Pulse Width  ; clk   ; Rise       ; clk~input|i                                          ;
; 0.620  ; 0.620        ; 0.000          ; High Pulse Width ; clk   ; Rise       ; inst16|lpm_ff_component|dffs[0]|clk                  ;
; 0.620  ; 0.620        ; 0.000          ; High Pulse Width ; clk   ; Rise       ; inst16|lpm_ff_component|dffs[1]|clk                  ;
; 0.620  ; 0.620        ; 0.000          ; High Pulse Width ; clk   ; Rise       ; inst1|LPM_SHIFTREG_component|dffs[0]|clk             ;
; 0.620  ; 0.620        ; 0.000          ; High Pulse Width ; clk   ; Rise       ; inst1|LPM_SHIFTREG_component|dffs[1]|clk             ;
; 0.620  ; 0.620        ; 0.000          ; High Pulse Width ; clk   ; Rise       ; inst1|LPM_SHIFTREG_component|dffs[2]|clk             ;
; 0.620  ; 0.620        ; 0.000          ; High Pulse Width ; clk   ; Rise       ; inst1|LPM_SHIFTREG_component|dffs[3]|clk             ;
; 0.620  ; 0.620        ; 0.000          ; High Pulse Width ; clk   ; Rise       ; inst6|lpm_shiftreg_component|dffs[3]|clk             ;
; 0.620  ; 0.620        ; 0.000          ; High Pulse Width ; clk   ; Rise       ; inst6|lpm_shiftreg_component|dffs[5]|clk             ;
; 0.620  ; 0.620        ; 0.000          ; High Pulse Width ; clk   ; Rise       ; inst6|lpm_shiftreg_component|dffs[6]|clk             ;
; 0.620  ; 0.620        ; 0.000          ; High Pulse Width ; clk   ; Rise       ; inst6|lpm_shiftreg_component|dffs[7]|clk             ;
; 0.620  ; 0.620        ; 0.000          ; High Pulse Width ; clk   ; Rise       ; inst|lpm_ff_component|dffs[0]|clk                    ;
; 0.620  ; 0.620        ; 0.000          ; High Pulse Width ; clk   ; Rise       ; inst|lpm_ff_component|dffs[1]|clk                    ;
; 0.620  ; 0.620        ; 0.000          ; High Pulse Width ; clk   ; Rise       ; inst|lpm_ff_component|dffs[2]|clk                    ;
; 0.621  ; 0.621        ; 0.000          ; High Pulse Width ; clk   ; Rise       ; inst6|lpm_shiftreg_component|dffs[0]|clk             ;
; 0.621  ; 0.621        ; 0.000          ; High Pulse Width ; clk   ; Rise       ; inst6|lpm_shiftreg_component|dffs[1]|clk             ;
; 0.621  ; 0.621        ; 0.000          ; High Pulse Width ; clk   ; Rise       ; inst6|lpm_shiftreg_component|dffs[2]|clk             ;
; 0.621  ; 0.621        ; 0.000          ; High Pulse Width ; clk   ; Rise       ; inst6|lpm_shiftreg_component|dffs[4]|clk             ;
; 0.621  ; 0.621        ; 0.000          ; High Pulse Width ; clk   ; Rise       ; inst|lpm_ff_component|dffs[3]|clk                    ;
; 0.654  ; 0.654        ; 0.000          ; High Pulse Width ; clk   ; Rise       ; clk~inputclkctrl|inclk[0]                            ;
; 0.654  ; 0.654        ; 0.000          ; High Pulse Width ; clk   ; Rise       ; clk~inputclkctrl|outclk                              ;
; 0.656  ; 0.656        ; 0.000          ; High Pulse Width ; clk   ; Rise       ; clk~input|o                                          ;
+--------+--------------+----------------+------------------+-------+------------+------------------------------------------------------+


+-----------------------------------------------------------------------+
; Setup Times                                                           ;
+-----------+------------+-------+-------+------------+-----------------+
; Data Port ; Clock Port ; Rise  ; Fall  ; Clock Edge ; Clock Reference ;
+-----------+------------+-------+-------+------------+-----------------+
; a[*]      ; clk        ; 2.287 ; 2.665 ; Rise       ; clk             ;
;  a[0]     ; clk        ; 0.091 ; 0.246 ; Rise       ; clk             ;
;  a[1]     ; clk        ; 1.660 ; 2.007 ; Rise       ; clk             ;
;  a[2]     ; clk        ; 2.287 ; 2.665 ; Rise       ; clk             ;
;  a[3]     ; clk        ; 1.811 ; 2.144 ; Rise       ; clk             ;
; b[*]      ; clk        ; 1.719 ; 2.081 ; Rise       ; clk             ;
;  b[0]     ; clk        ; 0.123 ; 0.290 ; Rise       ; clk             ;
;  b[1]     ; clk        ; 1.517 ; 1.858 ; Rise       ; clk             ;
;  b[2]     ; clk        ; 1.719 ; 2.081 ; Rise       ; clk             ;
;  b[3]     ; clk        ; 1.432 ; 1.789 ; Rise       ; clk             ;
; y[*]      ; clk        ; 4.654 ; 4.857 ; Rise       ; clk             ;
;  y[1]     ; clk        ; 2.512 ; 2.874 ; Rise       ; clk             ;
;  y[2]     ; clk        ; 1.831 ; 2.192 ; Rise       ; clk             ;
;  y[3]     ; clk        ; 2.099 ; 2.442 ; Rise       ; clk             ;
;  y[4]     ; clk        ; 4.441 ; 4.625 ; Rise       ; clk             ;
;  y[5]     ; clk        ; 4.654 ; 4.857 ; Rise       ; clk             ;
;  y[6]     ; clk        ; 1.609 ; 1.968 ; Rise       ; clk             ;
;  y[7]     ; clk        ; 0.295 ; 0.432 ; Rise       ; clk             ;
;  y[8]     ; clk        ; 1.769 ; 2.102 ; Rise       ; clk             ;
;  y[9]     ; clk        ; 4.398 ; 4.750 ; Rise       ; clk             ;
;  y[10]    ; clk        ; 0.104 ; 0.243 ; Rise       ; clk             ;
+-----------+------------+-------+-------+------------+-----------------+


+-------------------------------------------------------------------------+
; Hold Times                                                              ;
+-----------+------------+--------+--------+------------+-----------------+
; Data Port ; Clock Port ; Rise   ; Fall   ; Clock Edge ; Clock Reference ;
+-----------+------------+--------+--------+------------+-----------------+
; a[*]      ; clk        ; 0.185  ; 0.030  ; Rise       ; clk             ;
;  a[0]     ; clk        ; 0.185  ; 0.030  ; Rise       ; clk             ;
;  a[1]     ; clk        ; -1.315 ; -1.653 ; Rise       ; clk             ;
;  a[2]     ; clk        ; -1.919 ; -2.287 ; Rise       ; clk             ;
;  a[3]     ; clk        ; -1.460 ; -1.785 ; Rise       ; clk             ;
; b[*]      ; clk        ; 0.180  ; 0.028  ; Rise       ; clk             ;
;  b[0]     ; clk        ; 0.180  ; 0.028  ; Rise       ; clk             ;
;  b[1]     ; clk        ; -1.167 ; -1.493 ; Rise       ; clk             ;
;  b[2]     ; clk        ; -1.361 ; -1.708 ; Rise       ; clk             ;
;  b[3]     ; clk        ; -1.069 ; -1.404 ; Rise       ; clk             ;
; y[*]      ; clk        ; 0.075  ; -0.064 ; Rise       ; clk             ;
;  y[1]     ; clk        ; -2.189 ; -2.521 ; Rise       ; clk             ;
;  y[2]     ; clk        ; -1.459 ; -1.804 ; Rise       ; clk             ;
;  y[3]     ; clk        ; -1.833 ; -2.168 ; Rise       ; clk             ;
;  y[4]     ; clk        ; -2.040 ; -2.367 ; Rise       ; clk             ;
;  y[5]     ; clk        ; -2.190 ; -2.528 ; Rise       ; clk             ;
;  y[6]     ; clk        ; -0.982 ; -1.324 ; Rise       ; clk             ;
;  y[7]     ; clk        ; -0.049 ; -0.197 ; Rise       ; clk             ;
;  y[8]     ; clk        ; -1.120 ; -1.455 ; Rise       ; clk             ;
;  y[9]     ; clk        ; -1.941 ; -2.259 ; Rise       ; clk             ;
;  y[10]    ; clk        ; 0.075  ; -0.064 ; Rise       ; clk             ;
+-----------+------------+--------+--------+------------+-----------------+


+-------------------------------------------------------------------------+
; Clock to Output Times                                                   ;
+-------------+------------+-------+-------+------------+-----------------+
; Data Port   ; Clock Port ; Rise  ; Fall  ; Clock Edge ; Clock Reference ;
+-------------+------------+-------+-------+------------+-----------------+
; f1          ; clk        ; 5.929 ; 5.867 ; Rise       ; clk             ;
; f2          ; clk        ; 5.724 ; 5.636 ; Rise       ; clk             ;
; f3          ; clk        ; 8.733 ; 8.630 ; Rise       ; clk             ;
; priznak[*]  ; clk        ; 5.338 ; 5.275 ; Rise       ; clk             ;
;  priznak[0] ; clk        ; 5.338 ; 5.275 ; Rise       ; clk             ;
;  priznak[1] ; clk        ; 5.327 ; 5.261 ; Rise       ; clk             ;
; rr[*]       ; clk        ; 6.867 ; 6.848 ; Rise       ; clk             ;
;  rr[0]      ; clk        ; 6.361 ; 6.299 ; Rise       ; clk             ;
;  rr[1]      ; clk        ; 6.092 ; 6.019 ; Rise       ; clk             ;
;  rr[2]      ; clk        ; 6.762 ; 6.687 ; Rise       ; clk             ;
;  rr[3]      ; clk        ; 6.284 ; 6.209 ; Rise       ; clk             ;
;  rr[4]      ; clk        ; 6.867 ; 6.848 ; Rise       ; clk             ;
;  rr[5]      ; clk        ; 5.378 ; 5.273 ; Rise       ; clk             ;
;  rr[6]      ; clk        ; 5.394 ; 5.285 ; Rise       ; clk             ;
;  rr[7]      ; clk        ; 5.202 ; 5.113 ; Rise       ; clk             ;
+-------------+------------+-------+-------+------------+-----------------+


+-------------------------------------------------------------------------+
; Minimum Clock to Output Times                                           ;
+-------------+------------+-------+-------+------------+-----------------+
; Data Port   ; Clock Port ; Rise  ; Fall  ; Clock Edge ; Clock Reference ;
+-------------+------------+-------+-------+------------+-----------------+
; f1          ; clk        ; 5.729 ; 5.667 ; Rise       ; clk             ;
; f2          ; clk        ; 5.538 ; 5.449 ; Rise       ; clk             ;
; f3          ; clk        ; 5.905 ; 5.793 ; Rise       ; clk             ;
; priznak[*]  ; clk        ; 5.157 ; 5.091 ; Rise       ; clk             ;
;  priznak[0] ; clk        ; 5.167 ; 5.104 ; Rise       ; clk             ;
;  priznak[1] ; clk        ; 5.157 ; 5.091 ; Rise       ; clk             ;
; rr[*]       ; clk        ; 5.036 ; 4.946 ; Rise       ; clk             ;
;  rr[0]      ; clk        ; 6.143 ; 6.081 ; Rise       ; clk             ;
;  rr[1]      ; clk        ; 5.885 ; 5.812 ; Rise       ; clk             ;
;  rr[2]      ; clk        ; 6.535 ; 6.459 ; Rise       ; clk             ;
;  rr[3]      ; clk        ; 6.076 ; 6.000 ; Rise       ; clk             ;
;  rr[4]      ; clk        ; 6.658 ; 6.638 ; Rise       ; clk             ;
;  rr[5]      ; clk        ; 5.205 ; 5.100 ; Rise       ; clk             ;
;  rr[6]      ; clk        ; 5.220 ; 5.111 ; Rise       ; clk             ;
;  rr[7]      ; clk        ; 5.036 ; 4.946 ; Rise       ; clk             ;
+-------------+------------+-------+-------+------------+-----------------+


---------------------------------------------
; Slow 1200mV 0C Model Metastability Report ;
---------------------------------------------
No synchronizer chains to report.


+------------------------------------+
; Fast 1200mV 0C Model Setup Summary ;
+-------+--------+-------------------+
; Clock ; Slack  ; End Point TNS     ;
+-------+--------+-------------------+
; clk   ; -1.262 ; -10.653           ;
+-------+--------+-------------------+


+-----------------------------------+
; Fast 1200mV 0C Model Hold Summary ;
+-------+-------+-------------------+
; Clock ; Slack ; End Point TNS     ;
+-------+-------+-------------------+
; clk   ; 0.186 ; 0.000             ;
+-------+-------+-------------------+


-----------------------------------------
; Fast 1200mV 0C Model Recovery Summary ;
-----------------------------------------
No paths to report.


----------------------------------------
; Fast 1200mV 0C Model Removal Summary ;
----------------------------------------
No paths to report.


+--------------------------------------------------+
; Fast 1200mV 0C Model Minimum Pulse Width Summary ;
+-------+--------+---------------------------------+
; Clock ; Slack  ; End Point TNS                   ;
+-------+--------+---------------------------------+
; clk   ; -3.000 ; -21.476                         ;
+-------+--------+---------------------------------+


+--------------------------------------------------------------------------------------------------------------------------------------------------------------------------------------------+
; Fast 1200mV 0C Model Setup: 'clk'                                                                                                                                                          ;
+--------+------------------------------------------------------+------------------------------------------------------+--------------+-------------+--------------+------------+------------+
; Slack  ; From Node                                            ; To Node                                              ; Launch Clock ; Latch Clock ; Relationship ; Clock Skew ; Data Delay ;
+--------+------------------------------------------------------+------------------------------------------------------+--------------+-------------+--------------+------------+------------+
; -1.262 ; rr:inst6|lpm_shiftreg:lpm_shiftreg_component|dffs[2] ; rr:inst6|lpm_shiftreg:lpm_shiftreg_component|dffs[1] ; clk          ; clk         ; 1.000        ; -0.037     ; 2.212      ;
; -1.221 ; rr:inst6|lpm_shiftreg:lpm_shiftreg_component|dffs[3] ; rr:inst6|lpm_shiftreg:lpm_shiftreg_component|dffs[3] ; clk          ; clk         ; 1.000        ; -0.037     ; 2.171      ;
; -1.221 ; rr:inst6|lpm_shiftreg:lpm_shiftreg_component|dffs[5] ; rr:inst6|lpm_shiftreg:lpm_shiftreg_component|dffs[3] ; clk          ; clk         ; 1.000        ; -0.037     ; 2.171      ;
; -1.206 ; rr:inst6|lpm_shiftreg:lpm_shiftreg_component|dffs[6] ; rr:inst6|lpm_shiftreg:lpm_shiftreg_component|dffs[3] ; clk          ; clk         ; 1.000        ; -0.037     ; 2.156      ;
; -1.204 ; rr:inst6|lpm_shiftreg:lpm_shiftreg_component|dffs[7] ; rr:inst6|lpm_shiftreg:lpm_shiftreg_component|dffs[7] ; clk          ; clk         ; 1.000        ; -0.037     ; 2.154      ;
; -1.202 ; rr:inst6|lpm_shiftreg:lpm_shiftreg_component|dffs[6] ; rr:inst6|lpm_shiftreg:lpm_shiftreg_component|dffs[6] ; clk          ; clk         ; 1.000        ; -0.037     ; 2.152      ;
; -1.200 ; rr:inst6|lpm_shiftreg:lpm_shiftreg_component|dffs[5] ; rr:inst6|lpm_shiftreg:lpm_shiftreg_component|dffs[5] ; clk          ; clk         ; 1.000        ; -0.037     ; 2.150      ;
; -1.194 ; rr:inst6|lpm_shiftreg:lpm_shiftreg_component|dffs[5] ; rr:inst6|lpm_shiftreg:lpm_shiftreg_component|dffs[4] ; clk          ; clk         ; 1.000        ; -0.037     ; 2.144      ;
; -1.192 ; rr:inst6|lpm_shiftreg:lpm_shiftreg_component|dffs[2] ; rr:inst6|lpm_shiftreg:lpm_shiftreg_component|dffs[2] ; clk          ; clk         ; 1.000        ; -0.037     ; 2.142      ;
; -1.191 ; rb:inst1|lpm_shiftreg:LPM_SHIFTREG_component|dffs[0] ; rr:inst6|lpm_shiftreg:lpm_shiftreg_component|dffs[3] ; clk          ; clk         ; 1.000        ; -0.037     ; 2.141      ;
; -1.185 ; rr:inst6|lpm_shiftreg:lpm_shiftreg_component|dffs[6] ; rr:inst6|lpm_shiftreg:lpm_shiftreg_component|dffs[5] ; clk          ; clk         ; 1.000        ; -0.037     ; 2.135      ;
; -1.179 ; rr:inst6|lpm_shiftreg:lpm_shiftreg_component|dffs[4] ; rr:inst6|lpm_shiftreg:lpm_shiftreg_component|dffs[3] ; clk          ; clk         ; 1.000        ; -0.037     ; 2.129      ;
; -1.169 ; ra:inst|lpm_ff:lpm_ff_component|dffs[3]              ; rr:inst6|lpm_shiftreg:lpm_shiftreg_component|dffs[3] ; clk          ; clk         ; 1.000        ; -0.037     ; 2.119      ;
; -1.167 ; rb:inst1|lpm_shiftreg:LPM_SHIFTREG_component|dffs[1] ; rr:inst6|lpm_shiftreg:lpm_shiftreg_component|dffs[0] ; clk          ; clk         ; 1.000        ; -0.037     ; 2.117      ;
; -1.166 ; rb:inst1|lpm_shiftreg:LPM_SHIFTREG_component|dffs[0] ; rr:inst6|lpm_shiftreg:lpm_shiftreg_component|dffs[7] ; clk          ; clk         ; 1.000        ; -0.037     ; 2.116      ;
; -1.145 ; rb:inst1|lpm_shiftreg:LPM_SHIFTREG_component|dffs[0] ; rr:inst6|lpm_shiftreg:lpm_shiftreg_component|dffs[6] ; clk          ; clk         ; 1.000        ; -0.037     ; 2.095      ;
; -1.139 ; rr:inst6|lpm_shiftreg:lpm_shiftreg_component|dffs[1] ; rr:inst6|lpm_shiftreg:lpm_shiftreg_component|dffs[1] ; clk          ; clk         ; 1.000        ; -0.037     ; 2.089      ;
; -1.138 ; rr:inst6|lpm_shiftreg:lpm_shiftreg_component|dffs[7] ; rr:inst6|lpm_shiftreg:lpm_shiftreg_component|dffs[6] ; clk          ; clk         ; 1.000        ; -0.037     ; 2.088      ;
; -1.131 ; rb:inst1|lpm_shiftreg:LPM_SHIFTREG_component|dffs[2] ; rr:inst6|lpm_shiftreg:lpm_shiftreg_component|dffs[1] ; clk          ; clk         ; 1.000        ; -0.037     ; 2.081      ;
; -1.128 ; rb:inst1|lpm_shiftreg:LPM_SHIFTREG_component|dffs[0] ; rr:inst6|lpm_shiftreg:lpm_shiftreg_component|dffs[5] ; clk          ; clk         ; 1.000        ; -0.037     ; 2.078      ;
; -1.127 ; rr:inst6|lpm_shiftreg:lpm_shiftreg_component|dffs[2] ; rr:inst6|lpm_shiftreg:lpm_shiftreg_component|dffs[0] ; clk          ; clk         ; 1.000        ; -0.037     ; 2.077      ;
; -1.119 ; rr:inst6|lpm_shiftreg:lpm_shiftreg_component|dffs[6] ; rr:inst6|lpm_shiftreg:lpm_shiftreg_component|dffs[4] ; clk          ; clk         ; 1.000        ; -0.037     ; 2.069      ;
; -1.106 ; ra:inst|lpm_ff:lpm_ff_component|dffs[3]              ; rr:inst6|lpm_shiftreg:lpm_shiftreg_component|dffs[7] ; clk          ; clk         ; 1.000        ; -0.037     ; 2.056      ;
; -1.104 ; rb:inst1|lpm_shiftreg:LPM_SHIFTREG_component|dffs[0] ; rr:inst6|lpm_shiftreg:lpm_shiftreg_component|dffs[4] ; clk          ; clk         ; 1.000        ; -0.037     ; 2.054      ;
; -1.093 ; rr:inst6|lpm_shiftreg:lpm_shiftreg_component|dffs[0] ; rr:inst6|lpm_shiftreg:lpm_shiftreg_component|dffs[0] ; clk          ; clk         ; 1.000        ; -0.037     ; 2.043      ;
; -1.092 ; rr:inst6|lpm_shiftreg:lpm_shiftreg_component|dffs[4] ; rr:inst6|lpm_shiftreg:lpm_shiftreg_component|dffs[4] ; clk          ; clk         ; 1.000        ; -0.037     ; 2.042      ;
; -1.090 ; rb:inst1|lpm_shiftreg:LPM_SHIFTREG_component|dffs[3] ; rr:inst6|lpm_shiftreg:lpm_shiftreg_component|dffs[1] ; clk          ; clk         ; 1.000        ; -0.037     ; 2.040      ;
; -1.082 ; rr:inst6|lpm_shiftreg:lpm_shiftreg_component|dffs[7] ; rr:inst6|lpm_shiftreg:lpm_shiftreg_component|dffs[3] ; clk          ; clk         ; 1.000        ; -0.037     ; 2.032      ;
; -1.078 ; ra:inst|lpm_ff:lpm_ff_component|dffs[1]              ; rr:inst6|lpm_shiftreg:lpm_shiftreg_component|dffs[1] ; clk          ; clk         ; 1.000        ; -0.037     ; 2.028      ;
; -1.068 ; ra:inst|lpm_ff:lpm_ff_component|dffs[2]              ; rr:inst6|lpm_shiftreg:lpm_shiftreg_component|dffs[1] ; clk          ; clk         ; 1.000        ; -0.037     ; 2.018      ;
; -1.064 ; rr:inst6|lpm_shiftreg:lpm_shiftreg_component|dffs[1] ; rr:inst6|lpm_shiftreg:lpm_shiftreg_component|dffs[0] ; clk          ; clk         ; 1.000        ; -0.037     ; 2.014      ;
; -1.061 ; rr:inst6|lpm_shiftreg:lpm_shiftreg_component|dffs[7] ; rr:inst6|lpm_shiftreg:lpm_shiftreg_component|dffs[5] ; clk          ; clk         ; 1.000        ; -0.037     ; 2.011      ;
; -1.061 ; rr:inst6|lpm_shiftreg:lpm_shiftreg_component|dffs[3] ; rr:inst6|lpm_shiftreg:lpm_shiftreg_component|dffs[1] ; clk          ; clk         ; 1.000        ; -0.037     ; 2.011      ;
; -1.061 ; rr:inst6|lpm_shiftreg:lpm_shiftreg_component|dffs[5] ; rr:inst6|lpm_shiftreg:lpm_shiftreg_component|dffs[1] ; clk          ; clk         ; 1.000        ; -0.037     ; 2.011      ;
; -1.056 ; rb:inst1|lpm_shiftreg:LPM_SHIFTREG_component|dffs[2] ; rr:inst6|lpm_shiftreg:lpm_shiftreg_component|dffs[0] ; clk          ; clk         ; 1.000        ; -0.037     ; 2.006      ;
; -1.055 ; rr:inst6|lpm_shiftreg:lpm_shiftreg_component|dffs[7] ; rr:inst6|lpm_shiftreg:lpm_shiftreg_component|dffs[4] ; clk          ; clk         ; 1.000        ; -0.037     ; 2.005      ;
; -1.051 ; rr:inst6|lpm_shiftreg:lpm_shiftreg_component|dffs[3] ; rr:inst6|lpm_shiftreg:lpm_shiftreg_component|dffs[2] ; clk          ; clk         ; 1.000        ; -0.037     ; 2.001      ;
; -1.051 ; rr:inst6|lpm_shiftreg:lpm_shiftreg_component|dffs[5] ; rr:inst6|lpm_shiftreg:lpm_shiftreg_component|dffs[2] ; clk          ; clk         ; 1.000        ; -0.037     ; 2.001      ;
; -1.046 ; rr:inst6|lpm_shiftreg:lpm_shiftreg_component|dffs[6] ; rr:inst6|lpm_shiftreg:lpm_shiftreg_component|dffs[1] ; clk          ; clk         ; 1.000        ; -0.037     ; 1.996      ;
; -1.042 ; ra:inst|lpm_ff:lpm_ff_component|dffs[3]              ; rr:inst6|lpm_shiftreg:lpm_shiftreg_component|dffs[6] ; clk          ; clk         ; 1.000        ; -0.037     ; 1.992      ;
; -1.033 ; ra:inst|lpm_ff:lpm_ff_component|dffs[3]              ; rr:inst6|lpm_shiftreg:lpm_shiftreg_component|dffs[5] ; clk          ; clk         ; 1.000        ; -0.037     ; 1.983      ;
; -1.031 ; rb:inst1|lpm_shiftreg:LPM_SHIFTREG_component|dffs[0] ; rr:inst6|lpm_shiftreg:lpm_shiftreg_component|dffs[1] ; clk          ; clk         ; 1.000        ; -0.037     ; 1.981      ;
; -1.028 ; ra:inst|lpm_ff:lpm_ff_component|dffs[3]              ; rr:inst6|lpm_shiftreg:lpm_shiftreg_component|dffs[4] ; clk          ; clk         ; 1.000        ; -0.037     ; 1.978      ;
; -1.020 ; rb:inst1|lpm_shiftreg:LPM_SHIFTREG_component|dffs[3] ; rr:inst6|lpm_shiftreg:lpm_shiftreg_component|dffs[2] ; clk          ; clk         ; 1.000        ; -0.037     ; 1.970      ;
; -1.019 ; rr:inst6|lpm_shiftreg:lpm_shiftreg_component|dffs[4] ; rr:inst6|lpm_shiftreg:lpm_shiftreg_component|dffs[1] ; clk          ; clk         ; 1.000        ; -0.037     ; 1.969      ;
; -1.011 ; rb:inst1|lpm_shiftreg:LPM_SHIFTREG_component|dffs[0] ; rr:inst6|lpm_shiftreg:lpm_shiftreg_component|dffs[2] ; clk          ; clk         ; 1.000        ; -0.037     ; 1.961      ;
; -1.009 ; ra:inst|lpm_ff:lpm_ff_component|dffs[3]              ; rr:inst6|lpm_shiftreg:lpm_shiftreg_component|dffs[1] ; clk          ; clk         ; 1.000        ; -0.037     ; 1.959      ;
; -1.003 ; ra:inst|lpm_ff:lpm_ff_component|dffs[1]              ; rr:inst6|lpm_shiftreg:lpm_shiftreg_component|dffs[0] ; clk          ; clk         ; 1.000        ; -0.037     ; 1.953      ;
; -0.999 ; ra:inst|lpm_ff:lpm_ff_component|dffs[3]              ; rr:inst6|lpm_shiftreg:lpm_shiftreg_component|dffs[2] ; clk          ; clk         ; 1.000        ; -0.037     ; 1.949      ;
; -0.998 ; ra:inst|lpm_ff:lpm_ff_component|dffs[2]              ; rr:inst6|lpm_shiftreg:lpm_shiftreg_component|dffs[2] ; clk          ; clk         ; 1.000        ; -0.037     ; 1.948      ;
; -0.998 ; ra:inst|lpm_ff:lpm_ff_component|dffs[0]              ; rr:inst6|lpm_shiftreg:lpm_shiftreg_component|dffs[0] ; clk          ; clk         ; 1.000        ; -0.037     ; 1.948      ;
; -0.986 ; rr:inst6|lpm_shiftreg:lpm_shiftreg_component|dffs[3] ; rr:inst6|lpm_shiftreg:lpm_shiftreg_component|dffs[0] ; clk          ; clk         ; 1.000        ; -0.037     ; 1.936      ;
; -0.986 ; rr:inst6|lpm_shiftreg:lpm_shiftreg_component|dffs[5] ; rr:inst6|lpm_shiftreg:lpm_shiftreg_component|dffs[0] ; clk          ; clk         ; 1.000        ; -0.037     ; 1.936      ;
; -0.976 ; rr:inst6|lpm_shiftreg:lpm_shiftreg_component|dffs[6] ; rr:inst6|lpm_shiftreg:lpm_shiftreg_component|dffs[2] ; clk          ; clk         ; 1.000        ; -0.037     ; 1.926      ;
; -0.955 ; rb:inst1|lpm_shiftreg:LPM_SHIFTREG_component|dffs[3] ; rr:inst6|lpm_shiftreg:lpm_shiftreg_component|dffs[0] ; clk          ; clk         ; 1.000        ; -0.037     ; 1.905      ;
; -0.949 ; rr:inst6|lpm_shiftreg:lpm_shiftreg_component|dffs[4] ; rr:inst6|lpm_shiftreg:lpm_shiftreg_component|dffs[2] ; clk          ; clk         ; 1.000        ; -0.037     ; 1.899      ;
; -0.946 ; rb:inst1|lpm_shiftreg:LPM_SHIFTREG_component|dffs[0] ; rr:inst6|lpm_shiftreg:lpm_shiftreg_component|dffs[0] ; clk          ; clk         ; 1.000        ; -0.037     ; 1.896      ;
; -0.934 ; ra:inst|lpm_ff:lpm_ff_component|dffs[3]              ; rr:inst6|lpm_shiftreg:lpm_shiftreg_component|dffs[0] ; clk          ; clk         ; 1.000        ; -0.037     ; 1.884      ;
; -0.933 ; ra:inst|lpm_ff:lpm_ff_component|dffs[2]              ; rr:inst6|lpm_shiftreg:lpm_shiftreg_component|dffs[0] ; clk          ; clk         ; 1.000        ; -0.037     ; 1.883      ;
; -0.922 ; rr:inst6|lpm_shiftreg:lpm_shiftreg_component|dffs[7] ; rr:inst6|lpm_shiftreg:lpm_shiftreg_component|dffs[1] ; clk          ; clk         ; 1.000        ; -0.037     ; 1.872      ;
; -0.912 ; rr:inst6|lpm_shiftreg:lpm_shiftreg_component|dffs[7] ; rr:inst6|lpm_shiftreg:lpm_shiftreg_component|dffs[2] ; clk          ; clk         ; 1.000        ; -0.037     ; 1.862      ;
; -0.911 ; rr:inst6|lpm_shiftreg:lpm_shiftreg_component|dffs[6] ; rr:inst6|lpm_shiftreg:lpm_shiftreg_component|dffs[0] ; clk          ; clk         ; 1.000        ; -0.037     ; 1.861      ;
; -0.884 ; rr:inst6|lpm_shiftreg:lpm_shiftreg_component|dffs[4] ; rr:inst6|lpm_shiftreg:lpm_shiftreg_component|dffs[0] ; clk          ; clk         ; 1.000        ; -0.037     ; 1.834      ;
; -0.847 ; rr:inst6|lpm_shiftreg:lpm_shiftreg_component|dffs[7] ; rr:inst6|lpm_shiftreg:lpm_shiftreg_component|dffs[0] ; clk          ; clk         ; 1.000        ; -0.037     ; 1.797      ;
; -0.801 ; rb:inst1|lpm_shiftreg:LPM_SHIFTREG_component|dffs[1] ; rr:inst6|lpm_shiftreg:lpm_shiftreg_component|dffs[7] ; clk          ; clk         ; 1.000        ; -0.037     ; 1.751      ;
; -0.761 ; rr:inst6|lpm_shiftreg:lpm_shiftreg_component|dffs[2] ; rr:inst6|lpm_shiftreg:lpm_shiftreg_component|dffs[7] ; clk          ; clk         ; 1.000        ; -0.037     ; 1.711      ;
; -0.727 ; rr:inst6|lpm_shiftreg:lpm_shiftreg_component|dffs[0] ; rr:inst6|lpm_shiftreg:lpm_shiftreg_component|dffs[7] ; clk          ; clk         ; 1.000        ; -0.037     ; 1.677      ;
; -0.718 ; rr:inst6|lpm_shiftreg:lpm_shiftreg_component|dffs[3] ; rpr:inst16|lpm_ff:lpm_ff_component|dffs[1]           ; clk          ; clk         ; 1.000        ; -0.047     ; 1.658      ;
; -0.679 ; rb:inst1|lpm_shiftreg:LPM_SHIFTREG_component|dffs[1] ; rr:inst6|lpm_shiftreg:lpm_shiftreg_component|dffs[3] ; clk          ; clk         ; 1.000        ; -0.037     ; 1.629      ;
; -0.675 ; rb:inst1|lpm_shiftreg:LPM_SHIFTREG_component|dffs[1] ; rr:inst6|lpm_shiftreg:lpm_shiftreg_component|dffs[6] ; clk          ; clk         ; 1.000        ; -0.037     ; 1.625      ;
; -0.658 ; rb:inst1|lpm_shiftreg:LPM_SHIFTREG_component|dffs[1] ; rr:inst6|lpm_shiftreg:lpm_shiftreg_component|dffs[5] ; clk          ; clk         ; 1.000        ; -0.037     ; 1.608      ;
; -0.656 ; rr:inst6|lpm_shiftreg:lpm_shiftreg_component|dffs[2] ; rpr:inst16|lpm_ff:lpm_ff_component|dffs[1]           ; clk          ; clk         ; 1.000        ; -0.047     ; 1.596      ;
; -0.639 ; rr:inst6|lpm_shiftreg:lpm_shiftreg_component|dffs[2] ; rr:inst6|lpm_shiftreg:lpm_shiftreg_component|dffs[3] ; clk          ; clk         ; 1.000        ; -0.037     ; 1.589      ;
; -0.635 ; rr:inst6|lpm_shiftreg:lpm_shiftreg_component|dffs[2] ; rr:inst6|lpm_shiftreg:lpm_shiftreg_component|dffs[6] ; clk          ; clk         ; 1.000        ; -0.037     ; 1.585      ;
; -0.632 ; ra:inst|lpm_ff:lpm_ff_component|dffs[0]              ; rr:inst6|lpm_shiftreg:lpm_shiftreg_component|dffs[7] ; clk          ; clk         ; 1.000        ; -0.037     ; 1.582      ;
; -0.618 ; rr:inst6|lpm_shiftreg:lpm_shiftreg_component|dffs[2] ; rr:inst6|lpm_shiftreg:lpm_shiftreg_component|dffs[5] ; clk          ; clk         ; 1.000        ; -0.037     ; 1.568      ;
; -0.617 ; rr:inst6|lpm_shiftreg:lpm_shiftreg_component|dffs[1] ; rr:inst6|lpm_shiftreg:lpm_shiftreg_component|dffs[7] ; clk          ; clk         ; 1.000        ; -0.037     ; 1.567      ;
; -0.615 ; rb:inst1|lpm_shiftreg:LPM_SHIFTREG_component|dffs[2] ; rr:inst6|lpm_shiftreg:lpm_shiftreg_component|dffs[7] ; clk          ; clk         ; 1.000        ; -0.037     ; 1.565      ;
; -0.605 ; rr:inst6|lpm_shiftreg:lpm_shiftreg_component|dffs[0] ; rr:inst6|lpm_shiftreg:lpm_shiftreg_component|dffs[3] ; clk          ; clk         ; 1.000        ; -0.037     ; 1.555      ;
; -0.601 ; rr:inst6|lpm_shiftreg:lpm_shiftreg_component|dffs[0] ; rr:inst6|lpm_shiftreg:lpm_shiftreg_component|dffs[6] ; clk          ; clk         ; 1.000        ; -0.037     ; 1.551      ;
; -0.592 ; rb:inst1|lpm_shiftreg:LPM_SHIFTREG_component|dffs[1] ; rr:inst6|lpm_shiftreg:lpm_shiftreg_component|dffs[4] ; clk          ; clk         ; 1.000        ; -0.037     ; 1.542      ;
; -0.589 ; rb:inst1|lpm_shiftreg:LPM_SHIFTREG_component|dffs[3] ; rr:inst6|lpm_shiftreg:lpm_shiftreg_component|dffs[7] ; clk          ; clk         ; 1.000        ; -0.037     ; 1.539      ;
; -0.584 ; rr:inst6|lpm_shiftreg:lpm_shiftreg_component|dffs[0] ; rr:inst6|lpm_shiftreg:lpm_shiftreg_component|dffs[5] ; clk          ; clk         ; 1.000        ; -0.037     ; 1.534      ;
; -0.567 ; ra:inst|lpm_ff:lpm_ff_component|dffs[2]              ; rr:inst6|lpm_shiftreg:lpm_shiftreg_component|dffs[7] ; clk          ; clk         ; 1.000        ; -0.037     ; 1.517      ;
; -0.560 ; rr:inst6|lpm_shiftreg:lpm_shiftreg_component|dffs[1] ; rpr:inst16|lpm_ff:lpm_ff_component|dffs[1]           ; clk          ; clk         ; 1.000        ; -0.047     ; 1.500      ;
; -0.552 ; rr:inst6|lpm_shiftreg:lpm_shiftreg_component|dffs[2] ; rr:inst6|lpm_shiftreg:lpm_shiftreg_component|dffs[4] ; clk          ; clk         ; 1.000        ; -0.037     ; 1.502      ;
; -0.548 ; rr:inst6|lpm_shiftreg:lpm_shiftreg_component|dffs[5] ; rr:inst6|lpm_shiftreg:lpm_shiftreg_component|dffs[7] ; clk          ; clk         ; 1.000        ; -0.037     ; 1.498      ;
; -0.545 ; rr:inst6|lpm_shiftreg:lpm_shiftreg_component|dffs[6] ; rr:inst6|lpm_shiftreg:lpm_shiftreg_component|dffs[7] ; clk          ; clk         ; 1.000        ; -0.037     ; 1.495      ;
; -0.541 ; rr:inst6|lpm_shiftreg:lpm_shiftreg_component|dffs[4] ; rpr:inst16|lpm_ff:lpm_ff_component|dffs[1]           ; clk          ; clk         ; 1.000        ; -0.047     ; 1.481      ;
; -0.539 ; rr:inst6|lpm_shiftreg:lpm_shiftreg_component|dffs[3] ; rr:inst6|lpm_shiftreg:lpm_shiftreg_component|dffs[7] ; clk          ; clk         ; 1.000        ; -0.037     ; 1.489      ;
; -0.535 ; ra:inst|lpm_ff:lpm_ff_component|dffs[1]              ; rr:inst6|lpm_shiftreg:lpm_shiftreg_component|dffs[7] ; clk          ; clk         ; 1.000        ; -0.037     ; 1.485      ;
; -0.519 ; rb:inst1|lpm_shiftreg:LPM_SHIFTREG_component|dffs[1] ; rr:inst6|lpm_shiftreg:lpm_shiftreg_component|dffs[1] ; clk          ; clk         ; 1.000        ; -0.037     ; 1.469      ;
; -0.518 ; rr:inst6|lpm_shiftreg:lpm_shiftreg_component|dffs[0] ; rr:inst6|lpm_shiftreg:lpm_shiftreg_component|dffs[4] ; clk          ; clk         ; 1.000        ; -0.037     ; 1.468      ;
; -0.518 ; rr:inst6|lpm_shiftreg:lpm_shiftreg_component|dffs[4] ; rr:inst6|lpm_shiftreg:lpm_shiftreg_component|dffs[7] ; clk          ; clk         ; 1.000        ; -0.037     ; 1.468      ;
; -0.510 ; ra:inst|lpm_ff:lpm_ff_component|dffs[0]              ; rr:inst6|lpm_shiftreg:lpm_shiftreg_component|dffs[3] ; clk          ; clk         ; 1.000        ; -0.037     ; 1.460      ;
; -0.506 ; ra:inst|lpm_ff:lpm_ff_component|dffs[0]              ; rr:inst6|lpm_shiftreg:lpm_shiftreg_component|dffs[6] ; clk          ; clk         ; 1.000        ; -0.037     ; 1.456      ;
; -0.506 ; rr:inst6|lpm_shiftreg:lpm_shiftreg_component|dffs[1] ; rr:inst6|lpm_shiftreg:lpm_shiftreg_component|dffs[6] ; clk          ; clk         ; 1.000        ; -0.037     ; 1.456      ;
; -0.498 ; rb:inst1|lpm_shiftreg:LPM_SHIFTREG_component|dffs[2] ; rr:inst6|lpm_shiftreg:lpm_shiftreg_component|dffs[6] ; clk          ; clk         ; 1.000        ; -0.037     ; 1.448      ;
; -0.495 ; rr:inst6|lpm_shiftreg:lpm_shiftreg_component|dffs[1] ; rr:inst6|lpm_shiftreg:lpm_shiftreg_component|dffs[3] ; clk          ; clk         ; 1.000        ; -0.037     ; 1.445      ;
; -0.493 ; rb:inst1|lpm_shiftreg:LPM_SHIFTREG_component|dffs[2] ; rr:inst6|lpm_shiftreg:lpm_shiftreg_component|dffs[3] ; clk          ; clk         ; 1.000        ; -0.037     ; 1.443      ;
+--------+------------------------------------------------------+------------------------------------------------------+--------------+-------------+--------------+------------+------------+


+-------------------------------------------------------------------------------------------------------------------------------------------------------------------------------------------+
; Fast 1200mV 0C Model Hold: 'clk'                                                                                                                                                          ;
+-------+------------------------------------------------------+------------------------------------------------------+--------------+-------------+--------------+------------+------------+
; Slack ; From Node                                            ; To Node                                              ; Launch Clock ; Latch Clock ; Relationship ; Clock Skew ; Data Delay ;
+-------+------------------------------------------------------+------------------------------------------------------+--------------+-------------+--------------+------------+------------+
; 0.186 ; rb:inst1|lpm_shiftreg:LPM_SHIFTREG_component|dffs[0] ; rb:inst1|lpm_shiftreg:LPM_SHIFTREG_component|dffs[0] ; clk          ; clk         ; 0.000        ; 0.037      ; 0.307      ;
; 0.327 ; rb:inst1|lpm_shiftreg:LPM_SHIFTREG_component|dffs[2] ; rb:inst1|lpm_shiftreg:LPM_SHIFTREG_component|dffs[3] ; clk          ; clk         ; 0.000        ; 0.037      ; 0.448      ;
; 0.327 ; rb:inst1|lpm_shiftreg:LPM_SHIFTREG_component|dffs[1] ; rb:inst1|lpm_shiftreg:LPM_SHIFTREG_component|dffs[2] ; clk          ; clk         ; 0.000        ; 0.037      ; 0.448      ;
; 0.349 ; rb:inst1|lpm_shiftreg:LPM_SHIFTREG_component|dffs[0] ; rb:inst1|lpm_shiftreg:LPM_SHIFTREG_component|dffs[1] ; clk          ; clk         ; 0.000        ; 0.037      ; 0.470      ;
; 0.386 ; rr:inst6|lpm_shiftreg:lpm_shiftreg_component|dffs[5] ; rr:inst6|lpm_shiftreg:lpm_shiftreg_component|dffs[6] ; clk          ; clk         ; 0.000        ; 0.037      ; 0.507      ;
; 0.418 ; rr:inst6|lpm_shiftreg:lpm_shiftreg_component|dffs[2] ; rr:inst6|lpm_shiftreg:lpm_shiftreg_component|dffs[3] ; clk          ; clk         ; 0.000        ; 0.037      ; 0.539      ;
; 0.485 ; rr:inst6|lpm_shiftreg:lpm_shiftreg_component|dffs[4] ; rr:inst6|lpm_shiftreg:lpm_shiftreg_component|dffs[5] ; clk          ; clk         ; 0.000        ; 0.037      ; 0.606      ;
; 0.506 ; rr:inst6|lpm_shiftreg:lpm_shiftreg_component|dffs[0] ; rr:inst6|lpm_shiftreg:lpm_shiftreg_component|dffs[1] ; clk          ; clk         ; 0.000        ; 0.037      ; 0.627      ;
; 0.546 ; rr:inst6|lpm_shiftreg:lpm_shiftreg_component|dffs[6] ; rr:inst6|lpm_shiftreg:lpm_shiftreg_component|dffs[7] ; clk          ; clk         ; 0.000        ; 0.037      ; 0.667      ;
; 0.586 ; rr:inst6|lpm_shiftreg:lpm_shiftreg_component|dffs[7] ; rr:inst6|lpm_shiftreg:lpm_shiftreg_component|dffs[0] ; clk          ; clk         ; 0.000        ; 0.037      ; 0.707      ;
; 0.662 ; ra:inst|lpm_ff:lpm_ff_component|dffs[2]              ; rr:inst6|lpm_shiftreg:lpm_shiftreg_component|dffs[2] ; clk          ; clk         ; 0.000        ; 0.037      ; 0.783      ;
; 0.664 ; ra:inst|lpm_ff:lpm_ff_component|dffs[0]              ; rr:inst6|lpm_shiftreg:lpm_shiftreg_component|dffs[0] ; clk          ; clk         ; 0.000        ; 0.037      ; 0.785      ;
; 0.681 ; rb:inst1|lpm_shiftreg:LPM_SHIFTREG_component|dffs[3] ; rr:inst6|lpm_shiftreg:lpm_shiftreg_component|dffs[2] ; clk          ; clk         ; 0.000        ; 0.037      ; 0.802      ;
; 0.688 ; ra:inst|lpm_ff:lpm_ff_component|dffs[3]              ; rr:inst6|lpm_shiftreg:lpm_shiftreg_component|dffs[4] ; clk          ; clk         ; 0.000        ; 0.037      ; 0.809      ;
; 0.690 ; ra:inst|lpm_ff:lpm_ff_component|dffs[3]              ; rr:inst6|lpm_shiftreg:lpm_shiftreg_component|dffs[5] ; clk          ; clk         ; 0.000        ; 0.037      ; 0.811      ;
; 0.700 ; ra:inst|lpm_ff:lpm_ff_component|dffs[3]              ; rr:inst6|lpm_shiftreg:lpm_shiftreg_component|dffs[6] ; clk          ; clk         ; 0.000        ; 0.037      ; 0.821      ;
; 0.733 ; ra:inst|lpm_ff:lpm_ff_component|dffs[1]              ; rr:inst6|lpm_shiftreg:lpm_shiftreg_component|dffs[1] ; clk          ; clk         ; 0.000        ; 0.037      ; 0.854      ;
; 0.737 ; rr:inst6|lpm_shiftreg:lpm_shiftreg_component|dffs[4] ; rr:inst6|lpm_shiftreg:lpm_shiftreg_component|dffs[4] ; clk          ; clk         ; 0.000        ; 0.037      ; 0.858      ;
; 0.745 ; rr:inst6|lpm_shiftreg:lpm_shiftreg_component|dffs[0] ; rr:inst6|lpm_shiftreg:lpm_shiftreg_component|dffs[0] ; clk          ; clk         ; 0.000        ; 0.037      ; 0.866      ;
; 0.752 ; ra:inst|lpm_ff:lpm_ff_component|dffs[3]              ; rr:inst6|lpm_shiftreg:lpm_shiftreg_component|dffs[7] ; clk          ; clk         ; 0.000        ; 0.037      ; 0.873      ;
; 0.754 ; rb:inst1|lpm_shiftreg:LPM_SHIFTREG_component|dffs[0] ; rr:inst6|lpm_shiftreg:lpm_shiftreg_component|dffs[4] ; clk          ; clk         ; 0.000        ; 0.037      ; 0.875      ;
; 0.758 ; rr:inst6|lpm_shiftreg:lpm_shiftreg_component|dffs[1] ; rr:inst6|lpm_shiftreg:lpm_shiftreg_component|dffs[2] ; clk          ; clk         ; 0.000        ; 0.037      ; 0.879      ;
; 0.760 ; rb:inst1|lpm_shiftreg:LPM_SHIFTREG_component|dffs[0] ; rr:inst6|lpm_shiftreg:lpm_shiftreg_component|dffs[5] ; clk          ; clk         ; 0.000        ; 0.037      ; 0.881      ;
; 0.781 ; rb:inst1|lpm_shiftreg:LPM_SHIFTREG_component|dffs[0] ; rr:inst6|lpm_shiftreg:lpm_shiftreg_component|dffs[6] ; clk          ; clk         ; 0.000        ; 0.037      ; 0.902      ;
; 0.783 ; rb:inst1|lpm_shiftreg:LPM_SHIFTREG_component|dffs[1] ; rr:inst6|lpm_shiftreg:lpm_shiftreg_component|dffs[0] ; clk          ; clk         ; 0.000        ; 0.037      ; 0.904      ;
; 0.800 ; rb:inst1|lpm_shiftreg:LPM_SHIFTREG_component|dffs[2] ; rr:inst6|lpm_shiftreg:lpm_shiftreg_component|dffs[1] ; clk          ; clk         ; 0.000        ; 0.037      ; 0.921      ;
; 0.806 ; ra:inst|lpm_ff:lpm_ff_component|dffs[3]              ; rr:inst6|lpm_shiftreg:lpm_shiftreg_component|dffs[3] ; clk          ; clk         ; 0.000        ; 0.037      ; 0.927      ;
; 0.807 ; rr:inst6|lpm_shiftreg:lpm_shiftreg_component|dffs[1] ; rr:inst6|lpm_shiftreg:lpm_shiftreg_component|dffs[1] ; clk          ; clk         ; 0.000        ; 0.037      ; 0.928      ;
; 0.824 ; rr:inst6|lpm_shiftreg:lpm_shiftreg_component|dffs[2] ; rr:inst6|lpm_shiftreg:lpm_shiftreg_component|dffs[2] ; clk          ; clk         ; 0.000        ; 0.037      ; 0.945      ;
; 0.827 ; rb:inst1|lpm_shiftreg:LPM_SHIFTREG_component|dffs[0] ; rr:inst6|lpm_shiftreg:lpm_shiftreg_component|dffs[7] ; clk          ; clk         ; 0.000        ; 0.037      ; 0.948      ;
; 0.830 ; ra:inst|lpm_ff:lpm_ff_component|dffs[1]              ; rr:inst6|lpm_shiftreg:lpm_shiftreg_component|dffs[2] ; clk          ; clk         ; 0.000        ; 0.037      ; 0.951      ;
; 0.832 ; rr:inst6|lpm_shiftreg:lpm_shiftreg_component|dffs[6] ; rr:inst6|lpm_shiftreg:lpm_shiftreg_component|dffs[6] ; clk          ; clk         ; 0.000        ; 0.037      ; 0.953      ;
; 0.833 ; rb:inst1|lpm_shiftreg:LPM_SHIFTREG_component|dffs[0] ; rr:inst6|lpm_shiftreg:lpm_shiftreg_component|dffs[3] ; clk          ; clk         ; 0.000        ; 0.037      ; 0.954      ;
; 0.843 ; rr:inst6|lpm_shiftreg:lpm_shiftreg_component|dffs[5] ; rr:inst6|lpm_shiftreg:lpm_shiftreg_component|dffs[5] ; clk          ; clk         ; 0.000        ; 0.037      ; 0.964      ;
; 0.863 ; rr:inst6|lpm_shiftreg:lpm_shiftreg_component|dffs[4] ; rpr:inst16|lpm_ff:lpm_ff_component|dffs[0]           ; clk          ; clk         ; 0.000        ; 0.026      ; 0.973      ;
; 0.864 ; rr:inst6|lpm_shiftreg:lpm_shiftreg_component|dffs[7] ; rr:inst6|lpm_shiftreg:lpm_shiftreg_component|dffs[7] ; clk          ; clk         ; 0.000        ; 0.037      ; 0.985      ;
; 0.866 ; rr:inst6|lpm_shiftreg:lpm_shiftreg_component|dffs[4] ; rpr:inst16|lpm_ff:lpm_ff_component|dffs[1]           ; clk          ; clk         ; 0.000        ; 0.026      ; 0.976      ;
; 0.872 ; ra:inst|lpm_ff:lpm_ff_component|dffs[0]              ; rr:inst6|lpm_shiftreg:lpm_shiftreg_component|dffs[1] ; clk          ; clk         ; 0.000        ; 0.037      ; 0.993      ;
; 0.873 ; ra:inst|lpm_ff:lpm_ff_component|dffs[0]              ; rr:inst6|lpm_shiftreg:lpm_shiftreg_component|dffs[2] ; clk          ; clk         ; 0.000        ; 0.037      ; 0.994      ;
; 0.873 ; rr:inst6|lpm_shiftreg:lpm_shiftreg_component|dffs[3] ; rr:inst6|lpm_shiftreg:lpm_shiftreg_component|dffs[3] ; clk          ; clk         ; 0.000        ; 0.037      ; 0.994      ;
; 0.897 ; rb:inst1|lpm_shiftreg:LPM_SHIFTREG_component|dffs[2] ; rr:inst6|lpm_shiftreg:lpm_shiftreg_component|dffs[2] ; clk          ; clk         ; 0.000        ; 0.037      ; 1.018      ;
; 0.901 ; rr:inst6|lpm_shiftreg:lpm_shiftreg_component|dffs[3] ; rr:inst6|lpm_shiftreg:lpm_shiftreg_component|dffs[4] ; clk          ; clk         ; 0.000        ; 0.037      ; 1.022      ;
; 0.906 ; rr:inst6|lpm_shiftreg:lpm_shiftreg_component|dffs[0] ; rpr:inst16|lpm_ff:lpm_ff_component|dffs[1]           ; clk          ; clk         ; 0.000        ; 0.026      ; 1.016      ;
; 0.936 ; ra:inst|lpm_ff:lpm_ff_component|dffs[2]              ; rr:inst6|lpm_shiftreg:lpm_shiftreg_component|dffs[4] ; clk          ; clk         ; 0.000        ; 0.037      ; 1.057      ;
; 0.940 ; rr:inst6|lpm_shiftreg:lpm_shiftreg_component|dffs[3] ; rpr:inst16|lpm_ff:lpm_ff_component|dffs[0]           ; clk          ; clk         ; 0.000        ; 0.026      ; 1.050      ;
; 0.943 ; ra:inst|lpm_ff:lpm_ff_component|dffs[2]              ; rr:inst6|lpm_shiftreg:lpm_shiftreg_component|dffs[5] ; clk          ; clk         ; 0.000        ; 0.037      ; 1.064      ;
; 0.947 ; ra:inst|lpm_ff:lpm_ff_component|dffs[2]              ; rr:inst6|lpm_shiftreg:lpm_shiftreg_component|dffs[3] ; clk          ; clk         ; 0.000        ; 0.037      ; 1.068      ;
; 0.954 ; rr:inst6|lpm_shiftreg:lpm_shiftreg_component|dffs[0] ; rr:inst6|lpm_shiftreg:lpm_shiftreg_component|dffs[2] ; clk          ; clk         ; 0.000        ; 0.037      ; 1.075      ;
; 0.955 ; rb:inst1|lpm_shiftreg:LPM_SHIFTREG_component|dffs[3] ; rr:inst6|lpm_shiftreg:lpm_shiftreg_component|dffs[4] ; clk          ; clk         ; 0.000        ; 0.037      ; 1.076      ;
; 0.959 ; ra:inst|lpm_ff:lpm_ff_component|dffs[1]              ; rr:inst6|lpm_shiftreg:lpm_shiftreg_component|dffs[4] ; clk          ; clk         ; 0.000        ; 0.037      ; 1.080      ;
; 0.961 ; rr:inst6|lpm_shiftreg:lpm_shiftreg_component|dffs[4] ; rr:inst6|lpm_shiftreg:lpm_shiftreg_component|dffs[6] ; clk          ; clk         ; 0.000        ; 0.037      ; 1.082      ;
; 0.962 ; rb:inst1|lpm_shiftreg:LPM_SHIFTREG_component|dffs[3] ; rr:inst6|lpm_shiftreg:lpm_shiftreg_component|dffs[5] ; clk          ; clk         ; 0.000        ; 0.037      ; 1.083      ;
; 0.965 ; rr:inst6|lpm_shiftreg:lpm_shiftreg_component|dffs[3] ; rr:inst6|lpm_shiftreg:lpm_shiftreg_component|dffs[5] ; clk          ; clk         ; 0.000        ; 0.037      ; 1.086      ;
; 0.966 ; ra:inst|lpm_ff:lpm_ff_component|dffs[1]              ; rr:inst6|lpm_shiftreg:lpm_shiftreg_component|dffs[5] ; clk          ; clk         ; 0.000        ; 0.037      ; 1.087      ;
; 0.966 ; rb:inst1|lpm_shiftreg:LPM_SHIFTREG_component|dffs[3] ; rr:inst6|lpm_shiftreg:lpm_shiftreg_component|dffs[3] ; clk          ; clk         ; 0.000        ; 0.037      ; 1.087      ;
; 0.970 ; ra:inst|lpm_ff:lpm_ff_component|dffs[1]              ; rr:inst6|lpm_shiftreg:lpm_shiftreg_component|dffs[3] ; clk          ; clk         ; 0.000        ; 0.037      ; 1.091      ;
; 0.991 ; rb:inst1|lpm_shiftreg:LPM_SHIFTREG_component|dffs[1] ; rr:inst6|lpm_shiftreg:lpm_shiftreg_component|dffs[1] ; clk          ; clk         ; 0.000        ; 0.037      ; 1.112      ;
; 0.992 ; rb:inst1|lpm_shiftreg:LPM_SHIFTREG_component|dffs[1] ; rr:inst6|lpm_shiftreg:lpm_shiftreg_component|dffs[2] ; clk          ; clk         ; 0.000        ; 0.037      ; 1.113      ;
; 0.995 ; rr:inst6|lpm_shiftreg:lpm_shiftreg_component|dffs[3] ; rpr:inst16|lpm_ff:lpm_ff_component|dffs[1]           ; clk          ; clk         ; 0.000        ; 0.026      ; 1.105      ;
; 1.002 ; ra:inst|lpm_ff:lpm_ff_component|dffs[0]              ; rr:inst6|lpm_shiftreg:lpm_shiftreg_component|dffs[4] ; clk          ; clk         ; 0.000        ; 0.037      ; 1.123      ;
; 1.009 ; ra:inst|lpm_ff:lpm_ff_component|dffs[0]              ; rr:inst6|lpm_shiftreg:lpm_shiftreg_component|dffs[5] ; clk          ; clk         ; 0.000        ; 0.037      ; 1.130      ;
; 1.013 ; ra:inst|lpm_ff:lpm_ff_component|dffs[0]              ; rr:inst6|lpm_shiftreg:lpm_shiftreg_component|dffs[3] ; clk          ; clk         ; 0.000        ; 0.037      ; 1.134      ;
; 1.015 ; ra:inst|lpm_ff:lpm_ff_component|dffs[2]              ; rr:inst6|lpm_shiftreg:lpm_shiftreg_component|dffs[6] ; clk          ; clk         ; 0.000        ; 0.037      ; 1.136      ;
; 1.018 ; rr:inst6|lpm_shiftreg:lpm_shiftreg_component|dffs[4] ; rr:inst6|lpm_shiftreg:lpm_shiftreg_component|dffs[7] ; clk          ; clk         ; 0.000        ; 0.037      ; 1.139      ;
; 1.026 ; rb:inst1|lpm_shiftreg:LPM_SHIFTREG_component|dffs[2] ; rr:inst6|lpm_shiftreg:lpm_shiftreg_component|dffs[4] ; clk          ; clk         ; 0.000        ; 0.037      ; 1.147      ;
; 1.033 ; rb:inst1|lpm_shiftreg:LPM_SHIFTREG_component|dffs[2] ; rr:inst6|lpm_shiftreg:lpm_shiftreg_component|dffs[5] ; clk          ; clk         ; 0.000        ; 0.037      ; 1.154      ;
; 1.033 ; rr:inst6|lpm_shiftreg:lpm_shiftreg_component|dffs[1] ; rr:inst6|lpm_shiftreg:lpm_shiftreg_component|dffs[4] ; clk          ; clk         ; 0.000        ; 0.037      ; 1.154      ;
; 1.034 ; rb:inst1|lpm_shiftreg:LPM_SHIFTREG_component|dffs[3] ; rr:inst6|lpm_shiftreg:lpm_shiftreg_component|dffs[6] ; clk          ; clk         ; 0.000        ; 0.037      ; 1.155      ;
; 1.037 ; rb:inst1|lpm_shiftreg:LPM_SHIFTREG_component|dffs[2] ; rr:inst6|lpm_shiftreg:lpm_shiftreg_component|dffs[3] ; clk          ; clk         ; 0.000        ; 0.037      ; 1.158      ;
; 1.037 ; rr:inst6|lpm_shiftreg:lpm_shiftreg_component|dffs[3] ; rr:inst6|lpm_shiftreg:lpm_shiftreg_component|dffs[6] ; clk          ; clk         ; 0.000        ; 0.037      ; 1.158      ;
; 1.038 ; ra:inst|lpm_ff:lpm_ff_component|dffs[1]              ; rr:inst6|lpm_shiftreg:lpm_shiftreg_component|dffs[6] ; clk          ; clk         ; 0.000        ; 0.037      ; 1.159      ;
; 1.040 ; rr:inst6|lpm_shiftreg:lpm_shiftreg_component|dffs[1] ; rr:inst6|lpm_shiftreg:lpm_shiftreg_component|dffs[5] ; clk          ; clk         ; 0.000        ; 0.037      ; 1.161      ;
; 1.044 ; rr:inst6|lpm_shiftreg:lpm_shiftreg_component|dffs[1] ; rr:inst6|lpm_shiftreg:lpm_shiftreg_component|dffs[3] ; clk          ; clk         ; 0.000        ; 0.037      ; 1.165      ;
; 1.068 ; rr:inst6|lpm_shiftreg:lpm_shiftreg_component|dffs[5] ; rr:inst6|lpm_shiftreg:lpm_shiftreg_component|dffs[7] ; clk          ; clk         ; 0.000        ; 0.037      ; 1.189      ;
; 1.072 ; ra:inst|lpm_ff:lpm_ff_component|dffs[2]              ; rr:inst6|lpm_shiftreg:lpm_shiftreg_component|dffs[7] ; clk          ; clk         ; 0.000        ; 0.037      ; 1.193      ;
; 1.081 ; ra:inst|lpm_ff:lpm_ff_component|dffs[0]              ; rr:inst6|lpm_shiftreg:lpm_shiftreg_component|dffs[6] ; clk          ; clk         ; 0.000        ; 0.037      ; 1.202      ;
; 1.083 ; rr:inst6|lpm_shiftreg:lpm_shiftreg_component|dffs[0] ; rr:inst6|lpm_shiftreg:lpm_shiftreg_component|dffs[4] ; clk          ; clk         ; 0.000        ; 0.037      ; 1.204      ;
; 1.090 ; rr:inst6|lpm_shiftreg:lpm_shiftreg_component|dffs[0] ; rr:inst6|lpm_shiftreg:lpm_shiftreg_component|dffs[5] ; clk          ; clk         ; 0.000        ; 0.037      ; 1.211      ;
; 1.091 ; rb:inst1|lpm_shiftreg:LPM_SHIFTREG_component|dffs[3] ; rr:inst6|lpm_shiftreg:lpm_shiftreg_component|dffs[7] ; clk          ; clk         ; 0.000        ; 0.037      ; 1.212      ;
; 1.094 ; rr:inst6|lpm_shiftreg:lpm_shiftreg_component|dffs[0] ; rr:inst6|lpm_shiftreg:lpm_shiftreg_component|dffs[3] ; clk          ; clk         ; 0.000        ; 0.037      ; 1.215      ;
; 1.094 ; rr:inst6|lpm_shiftreg:lpm_shiftreg_component|dffs[3] ; rr:inst6|lpm_shiftreg:lpm_shiftreg_component|dffs[7] ; clk          ; clk         ; 0.000        ; 0.037      ; 1.215      ;
; 1.095 ; ra:inst|lpm_ff:lpm_ff_component|dffs[1]              ; rr:inst6|lpm_shiftreg:lpm_shiftreg_component|dffs[7] ; clk          ; clk         ; 0.000        ; 0.037      ; 1.216      ;
; 1.098 ; rr:inst6|lpm_shiftreg:lpm_shiftreg_component|dffs[2] ; rr:inst6|lpm_shiftreg:lpm_shiftreg_component|dffs[4] ; clk          ; clk         ; 0.000        ; 0.037      ; 1.219      ;
; 1.105 ; rb:inst1|lpm_shiftreg:LPM_SHIFTREG_component|dffs[2] ; rr:inst6|lpm_shiftreg:lpm_shiftreg_component|dffs[6] ; clk          ; clk         ; 0.000        ; 0.037      ; 1.226      ;
; 1.105 ; rr:inst6|lpm_shiftreg:lpm_shiftreg_component|dffs[2] ; rr:inst6|lpm_shiftreg:lpm_shiftreg_component|dffs[5] ; clk          ; clk         ; 0.000        ; 0.037      ; 1.226      ;
; 1.112 ; rr:inst6|lpm_shiftreg:lpm_shiftreg_component|dffs[1] ; rr:inst6|lpm_shiftreg:lpm_shiftreg_component|dffs[6] ; clk          ; clk         ; 0.000        ; 0.037      ; 1.233      ;
; 1.121 ; rb:inst1|lpm_shiftreg:LPM_SHIFTREG_component|dffs[1] ; rr:inst6|lpm_shiftreg:lpm_shiftreg_component|dffs[4] ; clk          ; clk         ; 0.000        ; 0.037      ; 1.242      ;
; 1.128 ; rb:inst1|lpm_shiftreg:LPM_SHIFTREG_component|dffs[1] ; rr:inst6|lpm_shiftreg:lpm_shiftreg_component|dffs[5] ; clk          ; clk         ; 0.000        ; 0.037      ; 1.249      ;
; 1.132 ; rb:inst1|lpm_shiftreg:LPM_SHIFTREG_component|dffs[1] ; rr:inst6|lpm_shiftreg:lpm_shiftreg_component|dffs[3] ; clk          ; clk         ; 0.000        ; 0.037      ; 1.253      ;
; 1.138 ; ra:inst|lpm_ff:lpm_ff_component|dffs[0]              ; rr:inst6|lpm_shiftreg:lpm_shiftreg_component|dffs[7] ; clk          ; clk         ; 0.000        ; 0.037      ; 1.259      ;
; 1.151 ; rr:inst6|lpm_shiftreg:lpm_shiftreg_component|dffs[1] ; rpr:inst16|lpm_ff:lpm_ff_component|dffs[1]           ; clk          ; clk         ; 0.000        ; 0.026      ; 1.261      ;
; 1.162 ; rr:inst6|lpm_shiftreg:lpm_shiftreg_component|dffs[0] ; rr:inst6|lpm_shiftreg:lpm_shiftreg_component|dffs[6] ; clk          ; clk         ; 0.000        ; 0.037      ; 1.283      ;
; 1.162 ; rb:inst1|lpm_shiftreg:LPM_SHIFTREG_component|dffs[2] ; rr:inst6|lpm_shiftreg:lpm_shiftreg_component|dffs[7] ; clk          ; clk         ; 0.000        ; 0.037      ; 1.283      ;
; 1.169 ; rr:inst6|lpm_shiftreg:lpm_shiftreg_component|dffs[1] ; rr:inst6|lpm_shiftreg:lpm_shiftreg_component|dffs[7] ; clk          ; clk         ; 0.000        ; 0.037      ; 1.290      ;
; 1.177 ; rr:inst6|lpm_shiftreg:lpm_shiftreg_component|dffs[2] ; rr:inst6|lpm_shiftreg:lpm_shiftreg_component|dffs[6] ; clk          ; clk         ; 0.000        ; 0.037      ; 1.298      ;
; 1.199 ; ra:inst|lpm_ff:lpm_ff_component|dffs[3]              ; rr:inst6|lpm_shiftreg:lpm_shiftreg_component|dffs[0] ; clk          ; clk         ; 0.000        ; 0.037      ; 1.320      ;
; 1.200 ; rb:inst1|lpm_shiftreg:LPM_SHIFTREG_component|dffs[1] ; rr:inst6|lpm_shiftreg:lpm_shiftreg_component|dffs[6] ; clk          ; clk         ; 0.000        ; 0.037      ; 1.321      ;
; 1.219 ; rr:inst6|lpm_shiftreg:lpm_shiftreg_component|dffs[0] ; rr:inst6|lpm_shiftreg:lpm_shiftreg_component|dffs[7] ; clk          ; clk         ; 0.000        ; 0.037      ; 1.340      ;
; 1.234 ; rr:inst6|lpm_shiftreg:lpm_shiftreg_component|dffs[2] ; rr:inst6|lpm_shiftreg:lpm_shiftreg_component|dffs[7] ; clk          ; clk         ; 0.000        ; 0.037      ; 1.355      ;
; 1.234 ; rr:inst6|lpm_shiftreg:lpm_shiftreg_component|dffs[2] ; rpr:inst16|lpm_ff:lpm_ff_component|dffs[1]           ; clk          ; clk         ; 0.000        ; 0.026      ; 1.344      ;
+-------+------------------------------------------------------+------------------------------------------------------+--------------+-------------+--------------+------------+------------+


+---------------------------------------------------------------------------------------------------------------------------------------+
; Fast 1200mV 0C Model Minimum Pulse Width: 'clk'                                                                                       ;
+--------+--------------+----------------+------------------+-------+------------+------------------------------------------------------+
; Slack  ; Actual Width ; Required Width ; Type             ; Clock ; Clock Edge ; Target                                               ;
+--------+--------------+----------------+------------------+-------+------------+------------------------------------------------------+
; -3.000 ; 1.000        ; 4.000          ; Port Rate        ; clk   ; Rise       ; clk                                                  ;
; -1.000 ; 1.000        ; 2.000          ; Min Period       ; clk   ; Rise       ; ra:inst|lpm_ff:lpm_ff_component|dffs[0]              ;
; -1.000 ; 1.000        ; 2.000          ; Min Period       ; clk   ; Rise       ; ra:inst|lpm_ff:lpm_ff_component|dffs[1]              ;
; -1.000 ; 1.000        ; 2.000          ; Min Period       ; clk   ; Rise       ; ra:inst|lpm_ff:lpm_ff_component|dffs[2]              ;
; -1.000 ; 1.000        ; 2.000          ; Min Period       ; clk   ; Rise       ; ra:inst|lpm_ff:lpm_ff_component|dffs[3]              ;
; -1.000 ; 1.000        ; 2.000          ; Min Period       ; clk   ; Rise       ; rb:inst1|lpm_shiftreg:LPM_SHIFTREG_component|dffs[0] ;
; -1.000 ; 1.000        ; 2.000          ; Min Period       ; clk   ; Rise       ; rb:inst1|lpm_shiftreg:LPM_SHIFTREG_component|dffs[1] ;
; -1.000 ; 1.000        ; 2.000          ; Min Period       ; clk   ; Rise       ; rb:inst1|lpm_shiftreg:LPM_SHIFTREG_component|dffs[2] ;
; -1.000 ; 1.000        ; 2.000          ; Min Period       ; clk   ; Rise       ; rb:inst1|lpm_shiftreg:LPM_SHIFTREG_component|dffs[3] ;
; -1.000 ; 1.000        ; 2.000          ; Min Period       ; clk   ; Rise       ; rpr:inst16|lpm_ff:lpm_ff_component|dffs[0]           ;
; -1.000 ; 1.000        ; 2.000          ; Min Period       ; clk   ; Rise       ; rpr:inst16|lpm_ff:lpm_ff_component|dffs[1]           ;
; -1.000 ; 1.000        ; 2.000          ; Min Period       ; clk   ; Rise       ; rr:inst6|lpm_shiftreg:lpm_shiftreg_component|dffs[0] ;
; -1.000 ; 1.000        ; 2.000          ; Min Period       ; clk   ; Rise       ; rr:inst6|lpm_shiftreg:lpm_shiftreg_component|dffs[1] ;
; -1.000 ; 1.000        ; 2.000          ; Min Period       ; clk   ; Rise       ; rr:inst6|lpm_shiftreg:lpm_shiftreg_component|dffs[2] ;
; -1.000 ; 1.000        ; 2.000          ; Min Period       ; clk   ; Rise       ; rr:inst6|lpm_shiftreg:lpm_shiftreg_component|dffs[3] ;
; -1.000 ; 1.000        ; 2.000          ; Min Period       ; clk   ; Rise       ; rr:inst6|lpm_shiftreg:lpm_shiftreg_component|dffs[4] ;
; -1.000 ; 1.000        ; 2.000          ; Min Period       ; clk   ; Rise       ; rr:inst6|lpm_shiftreg:lpm_shiftreg_component|dffs[5] ;
; -1.000 ; 1.000        ; 2.000          ; Min Period       ; clk   ; Rise       ; rr:inst6|lpm_shiftreg:lpm_shiftreg_component|dffs[6] ;
; -1.000 ; 1.000        ; 2.000          ; Min Period       ; clk   ; Rise       ; rr:inst6|lpm_shiftreg:lpm_shiftreg_component|dffs[7] ;
; -0.027 ; 0.157        ; 0.184          ; Low Pulse Width  ; clk   ; Rise       ; rb:inst1|lpm_shiftreg:LPM_SHIFTREG_component|dffs[0] ;
; -0.027 ; 0.157        ; 0.184          ; Low Pulse Width  ; clk   ; Rise       ; rb:inst1|lpm_shiftreg:LPM_SHIFTREG_component|dffs[1] ;
; -0.027 ; 0.157        ; 0.184          ; Low Pulse Width  ; clk   ; Rise       ; rb:inst1|lpm_shiftreg:LPM_SHIFTREG_component|dffs[2] ;
; -0.027 ; 0.157        ; 0.184          ; Low Pulse Width  ; clk   ; Rise       ; rb:inst1|lpm_shiftreg:LPM_SHIFTREG_component|dffs[3] ;
; -0.027 ; 0.157        ; 0.184          ; Low Pulse Width  ; clk   ; Rise       ; rr:inst6|lpm_shiftreg:lpm_shiftreg_component|dffs[3] ;
; -0.027 ; 0.157        ; 0.184          ; Low Pulse Width  ; clk   ; Rise       ; rr:inst6|lpm_shiftreg:lpm_shiftreg_component|dffs[5] ;
; -0.027 ; 0.157        ; 0.184          ; Low Pulse Width  ; clk   ; Rise       ; rr:inst6|lpm_shiftreg:lpm_shiftreg_component|dffs[6] ;
; -0.027 ; 0.157        ; 0.184          ; Low Pulse Width  ; clk   ; Rise       ; rr:inst6|lpm_shiftreg:lpm_shiftreg_component|dffs[7] ;
; -0.026 ; 0.158        ; 0.184          ; Low Pulse Width  ; clk   ; Rise       ; ra:inst|lpm_ff:lpm_ff_component|dffs[0]              ;
; -0.026 ; 0.158        ; 0.184          ; Low Pulse Width  ; clk   ; Rise       ; ra:inst|lpm_ff:lpm_ff_component|dffs[1]              ;
; -0.026 ; 0.158        ; 0.184          ; Low Pulse Width  ; clk   ; Rise       ; ra:inst|lpm_ff:lpm_ff_component|dffs[2]              ;
; -0.026 ; 0.158        ; 0.184          ; Low Pulse Width  ; clk   ; Rise       ; ra:inst|lpm_ff:lpm_ff_component|dffs[3]              ;
; -0.026 ; 0.158        ; 0.184          ; Low Pulse Width  ; clk   ; Rise       ; rpr:inst16|lpm_ff:lpm_ff_component|dffs[0]           ;
; -0.026 ; 0.158        ; 0.184          ; Low Pulse Width  ; clk   ; Rise       ; rpr:inst16|lpm_ff:lpm_ff_component|dffs[1]           ;
; -0.026 ; 0.158        ; 0.184          ; Low Pulse Width  ; clk   ; Rise       ; rr:inst6|lpm_shiftreg:lpm_shiftreg_component|dffs[0] ;
; -0.026 ; 0.158        ; 0.184          ; Low Pulse Width  ; clk   ; Rise       ; rr:inst6|lpm_shiftreg:lpm_shiftreg_component|dffs[1] ;
; -0.026 ; 0.158        ; 0.184          ; Low Pulse Width  ; clk   ; Rise       ; rr:inst6|lpm_shiftreg:lpm_shiftreg_component|dffs[2] ;
; -0.026 ; 0.158        ; 0.184          ; Low Pulse Width  ; clk   ; Rise       ; rr:inst6|lpm_shiftreg:lpm_shiftreg_component|dffs[4] ;
; 0.125  ; 0.125        ; 0.000          ; Low Pulse Width  ; clk   ; Rise       ; clk~input|o                                          ;
; 0.139  ; 0.139        ; 0.000          ; Low Pulse Width  ; clk   ; Rise       ; clk~inputclkctrl|inclk[0]                            ;
; 0.139  ; 0.139        ; 0.000          ; Low Pulse Width  ; clk   ; Rise       ; clk~inputclkctrl|outclk                              ;
; 0.153  ; 0.153        ; 0.000          ; Low Pulse Width  ; clk   ; Rise       ; inst16|lpm_ff_component|dffs[0]|clk                  ;
; 0.153  ; 0.153        ; 0.000          ; Low Pulse Width  ; clk   ; Rise       ; inst16|lpm_ff_component|dffs[1]|clk                  ;
; 0.153  ; 0.153        ; 0.000          ; Low Pulse Width  ; clk   ; Rise       ; inst1|LPM_SHIFTREG_component|dffs[0]|clk             ;
; 0.153  ; 0.153        ; 0.000          ; Low Pulse Width  ; clk   ; Rise       ; inst1|LPM_SHIFTREG_component|dffs[1]|clk             ;
; 0.153  ; 0.153        ; 0.000          ; Low Pulse Width  ; clk   ; Rise       ; inst1|LPM_SHIFTREG_component|dffs[2]|clk             ;
; 0.153  ; 0.153        ; 0.000          ; Low Pulse Width  ; clk   ; Rise       ; inst1|LPM_SHIFTREG_component|dffs[3]|clk             ;
; 0.153  ; 0.153        ; 0.000          ; Low Pulse Width  ; clk   ; Rise       ; inst6|lpm_shiftreg_component|dffs[0]|clk             ;
; 0.153  ; 0.153        ; 0.000          ; Low Pulse Width  ; clk   ; Rise       ; inst6|lpm_shiftreg_component|dffs[1]|clk             ;
; 0.153  ; 0.153        ; 0.000          ; Low Pulse Width  ; clk   ; Rise       ; inst6|lpm_shiftreg_component|dffs[2]|clk             ;
; 0.153  ; 0.153        ; 0.000          ; Low Pulse Width  ; clk   ; Rise       ; inst6|lpm_shiftreg_component|dffs[3]|clk             ;
; 0.153  ; 0.153        ; 0.000          ; Low Pulse Width  ; clk   ; Rise       ; inst6|lpm_shiftreg_component|dffs[4]|clk             ;
; 0.153  ; 0.153        ; 0.000          ; Low Pulse Width  ; clk   ; Rise       ; inst6|lpm_shiftreg_component|dffs[5]|clk             ;
; 0.153  ; 0.153        ; 0.000          ; Low Pulse Width  ; clk   ; Rise       ; inst6|lpm_shiftreg_component|dffs[6]|clk             ;
; 0.153  ; 0.153        ; 0.000          ; Low Pulse Width  ; clk   ; Rise       ; inst6|lpm_shiftreg_component|dffs[7]|clk             ;
; 0.153  ; 0.153        ; 0.000          ; Low Pulse Width  ; clk   ; Rise       ; inst|lpm_ff_component|dffs[0]|clk                    ;
; 0.153  ; 0.153        ; 0.000          ; Low Pulse Width  ; clk   ; Rise       ; inst|lpm_ff_component|dffs[1]|clk                    ;
; 0.153  ; 0.153        ; 0.000          ; Low Pulse Width  ; clk   ; Rise       ; inst|lpm_ff_component|dffs[2]|clk                    ;
; 0.153  ; 0.153        ; 0.000          ; Low Pulse Width  ; clk   ; Rise       ; inst|lpm_ff_component|dffs[3]|clk                    ;
; 0.500  ; 0.500        ; 0.000          ; High Pulse Width ; clk   ; Rise       ; clk~input|i                                          ;
; 0.500  ; 0.500        ; 0.000          ; Low Pulse Width  ; clk   ; Rise       ; clk~input|i                                          ;
; 0.625  ; 0.841        ; 0.216          ; High Pulse Width ; clk   ; Rise       ; ra:inst|lpm_ff:lpm_ff_component|dffs[0]              ;
; 0.625  ; 0.841        ; 0.216          ; High Pulse Width ; clk   ; Rise       ; ra:inst|lpm_ff:lpm_ff_component|dffs[1]              ;
; 0.625  ; 0.841        ; 0.216          ; High Pulse Width ; clk   ; Rise       ; ra:inst|lpm_ff:lpm_ff_component|dffs[2]              ;
; 0.625  ; 0.841        ; 0.216          ; High Pulse Width ; clk   ; Rise       ; ra:inst|lpm_ff:lpm_ff_component|dffs[3]              ;
; 0.625  ; 0.841        ; 0.216          ; High Pulse Width ; clk   ; Rise       ; rb:inst1|lpm_shiftreg:LPM_SHIFTREG_component|dffs[0] ;
; 0.625  ; 0.841        ; 0.216          ; High Pulse Width ; clk   ; Rise       ; rb:inst1|lpm_shiftreg:LPM_SHIFTREG_component|dffs[1] ;
; 0.625  ; 0.841        ; 0.216          ; High Pulse Width ; clk   ; Rise       ; rb:inst1|lpm_shiftreg:LPM_SHIFTREG_component|dffs[2] ;
; 0.625  ; 0.841        ; 0.216          ; High Pulse Width ; clk   ; Rise       ; rb:inst1|lpm_shiftreg:LPM_SHIFTREG_component|dffs[3] ;
; 0.625  ; 0.841        ; 0.216          ; High Pulse Width ; clk   ; Rise       ; rpr:inst16|lpm_ff:lpm_ff_component|dffs[0]           ;
; 0.625  ; 0.841        ; 0.216          ; High Pulse Width ; clk   ; Rise       ; rpr:inst16|lpm_ff:lpm_ff_component|dffs[1]           ;
; 0.625  ; 0.841        ; 0.216          ; High Pulse Width ; clk   ; Rise       ; rr:inst6|lpm_shiftreg:lpm_shiftreg_component|dffs[0] ;
; 0.625  ; 0.841        ; 0.216          ; High Pulse Width ; clk   ; Rise       ; rr:inst6|lpm_shiftreg:lpm_shiftreg_component|dffs[1] ;
; 0.625  ; 0.841        ; 0.216          ; High Pulse Width ; clk   ; Rise       ; rr:inst6|lpm_shiftreg:lpm_shiftreg_component|dffs[2] ;
; 0.625  ; 0.841        ; 0.216          ; High Pulse Width ; clk   ; Rise       ; rr:inst6|lpm_shiftreg:lpm_shiftreg_component|dffs[3] ;
; 0.625  ; 0.841        ; 0.216          ; High Pulse Width ; clk   ; Rise       ; rr:inst6|lpm_shiftreg:lpm_shiftreg_component|dffs[4] ;
; 0.625  ; 0.841        ; 0.216          ; High Pulse Width ; clk   ; Rise       ; rr:inst6|lpm_shiftreg:lpm_shiftreg_component|dffs[5] ;
; 0.625  ; 0.841        ; 0.216          ; High Pulse Width ; clk   ; Rise       ; rr:inst6|lpm_shiftreg:lpm_shiftreg_component|dffs[6] ;
; 0.625  ; 0.841        ; 0.216          ; High Pulse Width ; clk   ; Rise       ; rr:inst6|lpm_shiftreg:lpm_shiftreg_component|dffs[7] ;
; 0.846  ; 0.846        ; 0.000          ; High Pulse Width ; clk   ; Rise       ; inst16|lpm_ff_component|dffs[0]|clk                  ;
; 0.846  ; 0.846        ; 0.000          ; High Pulse Width ; clk   ; Rise       ; inst16|lpm_ff_component|dffs[1]|clk                  ;
; 0.846  ; 0.846        ; 0.000          ; High Pulse Width ; clk   ; Rise       ; inst6|lpm_shiftreg_component|dffs[0]|clk             ;
; 0.846  ; 0.846        ; 0.000          ; High Pulse Width ; clk   ; Rise       ; inst6|lpm_shiftreg_component|dffs[1]|clk             ;
; 0.846  ; 0.846        ; 0.000          ; High Pulse Width ; clk   ; Rise       ; inst6|lpm_shiftreg_component|dffs[2]|clk             ;
; 0.846  ; 0.846        ; 0.000          ; High Pulse Width ; clk   ; Rise       ; inst6|lpm_shiftreg_component|dffs[4]|clk             ;
; 0.846  ; 0.846        ; 0.000          ; High Pulse Width ; clk   ; Rise       ; inst|lpm_ff_component|dffs[0]|clk                    ;
; 0.846  ; 0.846        ; 0.000          ; High Pulse Width ; clk   ; Rise       ; inst|lpm_ff_component|dffs[1]|clk                    ;
; 0.846  ; 0.846        ; 0.000          ; High Pulse Width ; clk   ; Rise       ; inst|lpm_ff_component|dffs[2]|clk                    ;
; 0.846  ; 0.846        ; 0.000          ; High Pulse Width ; clk   ; Rise       ; inst|lpm_ff_component|dffs[3]|clk                    ;
; 0.847  ; 0.847        ; 0.000          ; High Pulse Width ; clk   ; Rise       ; inst1|LPM_SHIFTREG_component|dffs[0]|clk             ;
; 0.847  ; 0.847        ; 0.000          ; High Pulse Width ; clk   ; Rise       ; inst1|LPM_SHIFTREG_component|dffs[1]|clk             ;
; 0.847  ; 0.847        ; 0.000          ; High Pulse Width ; clk   ; Rise       ; inst1|LPM_SHIFTREG_component|dffs[2]|clk             ;
; 0.847  ; 0.847        ; 0.000          ; High Pulse Width ; clk   ; Rise       ; inst1|LPM_SHIFTREG_component|dffs[3]|clk             ;
; 0.847  ; 0.847        ; 0.000          ; High Pulse Width ; clk   ; Rise       ; inst6|lpm_shiftreg_component|dffs[3]|clk             ;
; 0.847  ; 0.847        ; 0.000          ; High Pulse Width ; clk   ; Rise       ; inst6|lpm_shiftreg_component|dffs[5]|clk             ;
; 0.847  ; 0.847        ; 0.000          ; High Pulse Width ; clk   ; Rise       ; inst6|lpm_shiftreg_component|dffs[6]|clk             ;
; 0.847  ; 0.847        ; 0.000          ; High Pulse Width ; clk   ; Rise       ; inst6|lpm_shiftreg_component|dffs[7]|clk             ;
; 0.861  ; 0.861        ; 0.000          ; High Pulse Width ; clk   ; Rise       ; clk~inputclkctrl|inclk[0]                            ;
; 0.861  ; 0.861        ; 0.000          ; High Pulse Width ; clk   ; Rise       ; clk~inputclkctrl|outclk                              ;
; 0.875  ; 0.875        ; 0.000          ; High Pulse Width ; clk   ; Rise       ; clk~input|o                                          ;
+--------+--------------+----------------+------------------+-------+------------+------------------------------------------------------+


+-----------------------------------------------------------------------+
; Setup Times                                                           ;
+-----------+------------+-------+-------+------------+-----------------+
; Data Port ; Clock Port ; Rise  ; Fall  ; Clock Edge ; Clock Reference ;
+-----------+------------+-------+-------+------------+-----------------+
; a[*]      ; clk        ; 1.468 ; 2.111 ; Rise       ; clk             ;
;  a[0]     ; clk        ; 0.038 ; 0.336 ; Rise       ; clk             ;
;  a[1]     ; clk        ; 1.100 ; 1.664 ; Rise       ; clk             ;
;  a[2]     ; clk        ; 1.468 ; 2.111 ; Rise       ; clk             ;
;  a[3]     ; clk        ; 1.181 ; 1.758 ; Rise       ; clk             ;
; b[*]      ; clk        ; 1.110 ; 1.713 ; Rise       ; clk             ;
;  b[0]     ; clk        ; 0.081 ; 0.398 ; Rise       ; clk             ;
;  b[1]     ; clk        ; 0.998 ; 1.569 ; Rise       ; clk             ;
;  b[2]     ; clk        ; 1.110 ; 1.713 ; Rise       ; clk             ;
;  b[3]     ; clk        ; 0.950 ; 1.520 ; Rise       ; clk             ;
; y[*]      ; clk        ; 2.964 ; 3.493 ; Rise       ; clk             ;
;  y[1]     ; clk        ; 1.616 ; 2.242 ; Rise       ; clk             ;
;  y[2]     ; clk        ; 1.201 ; 1.805 ; Rise       ; clk             ;
;  y[3]     ; clk        ; 1.352 ; 1.942 ; Rise       ; clk             ;
;  y[4]     ; clk        ; 2.824 ; 3.349 ; Rise       ; clk             ;
;  y[5]     ; clk        ; 2.964 ; 3.493 ; Rise       ; clk             ;
;  y[6]     ; clk        ; 1.074 ; 1.646 ; Rise       ; clk             ;
;  y[7]     ; clk        ; 0.173 ; 0.454 ; Rise       ; clk             ;
;  y[8]     ; clk        ; 1.159 ; 1.736 ; Rise       ; clk             ;
;  y[9]     ; clk        ; 2.798 ; 3.376 ; Rise       ; clk             ;
;  y[10]    ; clk        ; 0.054 ; 0.357 ; Rise       ; clk             ;
+-----------+------------+-------+-------+------------+-----------------+


+-------------------------------------------------------------------------+
; Hold Times                                                              ;
+-----------+------------+--------+--------+------------+-----------------+
; Data Port ; Clock Port ; Rise   ; Fall   ; Clock Edge ; Clock Reference ;
+-----------+------------+--------+--------+------------+-----------------+
; a[*]      ; clk        ; 0.136  ; -0.166 ; Rise       ; clk             ;
;  a[0]     ; clk        ; 0.136  ; -0.166 ; Rise       ; clk             ;
;  a[1]     ; clk        ; -0.879 ; -1.437 ; Rise       ; clk             ;
;  a[2]     ; clk        ; -1.234 ; -1.866 ; Rise       ; clk             ;
;  a[3]     ; clk        ; -0.957 ; -1.526 ; Rise       ; clk             ;
; b[*]      ; clk        ; 0.106  ; -0.198 ; Rise       ; clk             ;
;  b[0]     ; clk        ; 0.106  ; -0.198 ; Rise       ; clk             ;
;  b[1]     ; clk        ; -0.777 ; -1.333 ; Rise       ; clk             ;
;  b[2]     ; clk        ; -0.884 ; -1.472 ; Rise       ; clk             ;
;  b[3]     ; clk        ; -0.723 ; -1.271 ; Rise       ; clk             ;
; y[*]      ; clk        ; 0.059  ; -0.245 ; Rise       ; clk             ;
;  y[1]     ; clk        ; -1.401 ; -1.999 ; Rise       ; clk             ;
;  y[2]     ; clk        ; -0.959 ; -1.556 ; Rise       ; clk             ;
;  y[3]     ; clk        ; -1.181 ; -1.761 ; Rise       ; clk             ;
;  y[4]     ; clk        ; -1.294 ; -1.901 ; Rise       ; clk             ;
;  y[5]     ; clk        ; -1.395 ; -2.006 ; Rise       ; clk             ;
;  y[6]     ; clk        ; -0.673 ; -1.232 ; Rise       ; clk             ;
;  y[7]     ; clk        ; -0.014 ; -0.310 ; Rise       ; clk             ;
;  y[8]     ; clk        ; -0.755 ; -1.310 ; Rise       ; clk             ;
;  y[9]     ; clk        ; -1.247 ; -1.783 ; Rise       ; clk             ;
;  y[10]    ; clk        ; 0.059  ; -0.245 ; Rise       ; clk             ;
+-----------+------------+--------+--------+------------+-----------------+


+-------------------------------------------------------------------------+
; Clock to Output Times                                                   ;
+-------------+------------+-------+-------+------------+-----------------+
; Data Port   ; Clock Port ; Rise  ; Fall  ; Clock Edge ; Clock Reference ;
+-------------+------------+-------+-------+------------+-----------------+
; f1          ; clk        ; 3.871 ; 3.948 ; Rise       ; clk             ;
; f2          ; clk        ; 3.708 ; 3.798 ; Rise       ; clk             ;
; f3          ; clk        ; 5.524 ; 5.832 ; Rise       ; clk             ;
; priznak[*]  ; clk        ; 3.543 ; 3.555 ; Rise       ; clk             ;
;  priznak[0] ; clk        ; 3.542 ; 3.555 ; Rise       ; clk             ;
;  priznak[1] ; clk        ; 3.543 ; 3.550 ; Rise       ; clk             ;
; rr[*]       ; clk        ; 4.617 ; 4.735 ; Rise       ; clk             ;
;  rr[0]      ; clk        ; 4.120 ; 4.246 ; Rise       ; clk             ;
;  rr[1]      ; clk        ; 3.957 ; 4.051 ; Rise       ; clk             ;
;  rr[2]      ; clk        ; 4.438 ; 4.549 ; Rise       ; clk             ;
;  rr[3]      ; clk        ; 4.139 ; 4.219 ; Rise       ; clk             ;
;  rr[4]      ; clk        ; 4.617 ; 4.735 ; Rise       ; clk             ;
;  rr[5]      ; clk        ; 3.493 ; 3.540 ; Rise       ; clk             ;
;  rr[6]      ; clk        ; 3.503 ; 3.549 ; Rise       ; clk             ;
;  rr[7]      ; clk        ; 3.392 ; 3.432 ; Rise       ; clk             ;
+-------------+------------+-------+-------+------------+-----------------+


+-------------------------------------------------------------------------+
; Minimum Clock to Output Times                                           ;
+-------------+------------+-------+-------+------------+-----------------+
; Data Port   ; Clock Port ; Rise  ; Fall  ; Clock Edge ; Clock Reference ;
+-------------+------------+-------+-------+------------+-----------------+
; f1          ; clk        ; 3.738 ; 3.811 ; Rise       ; clk             ;
; f2          ; clk        ; 3.585 ; 3.671 ; Rise       ; clk             ;
; f3          ; clk        ; 3.782 ; 3.886 ; Rise       ; clk             ;
; priznak[*]  ; clk        ; 3.428 ; 3.435 ; Rise       ; clk             ;
;  priznak[0] ; clk        ; 3.428 ; 3.440 ; Rise       ; clk             ;
;  priznak[1] ; clk        ; 3.431 ; 3.435 ; Rise       ; clk             ;
; rr[*]       ; clk        ; 3.281 ; 3.320 ; Rise       ; clk             ;
;  rr[0]      ; clk        ; 3.976 ; 4.096 ; Rise       ; clk             ;
;  rr[1]      ; clk        ; 3.820 ; 3.910 ; Rise       ; clk             ;
;  rr[2]      ; clk        ; 4.288 ; 4.393 ; Rise       ; clk             ;
;  rr[3]      ; clk        ; 4.001 ; 4.076 ; Rise       ; clk             ;
;  rr[4]      ; clk        ; 4.478 ; 4.591 ; Rise       ; clk             ;
;  rr[5]      ; clk        ; 3.379 ; 3.423 ; Rise       ; clk             ;
;  rr[6]      ; clk        ; 3.388 ; 3.432 ; Rise       ; clk             ;
;  rr[7]      ; clk        ; 3.281 ; 3.320 ; Rise       ; clk             ;
+-------------+------------+-------+-------+------------+-----------------+


---------------------------------------------
; Fast 1200mV 0C Model Metastability Report ;
---------------------------------------------
No synchronizer chains to report.


+-------------------------------------------------------------------------------+
; Multicorner Timing Analysis Summary                                           ;
+------------------+---------+-------+----------+---------+---------------------+
; Clock            ; Setup   ; Hold  ; Recovery ; Removal ; Minimum Pulse Width ;
+------------------+---------+-------+----------+---------+---------------------+
; Worst-case Slack ; -3.042  ; 0.186 ; N/A      ; N/A     ; -3.000              ;
;  clk             ; -3.042  ; 0.186 ; N/A      ; N/A     ; -3.000              ;
; Design-wide TNS  ; -26.997 ; 0.0   ; 0.0      ; 0.0     ; -21.476             ;
;  clk             ; -26.997 ; 0.000 ; N/A      ; N/A     ; -21.476             ;
+------------------+---------+-------+----------+---------+---------------------+


+-----------------------------------------------------------------------+
; Setup Times                                                           ;
+-----------+------------+-------+-------+------------+-----------------+
; Data Port ; Clock Port ; Rise  ; Fall  ; Clock Edge ; Clock Reference ;
+-----------+------------+-------+-------+------------+-----------------+
; a[*]      ; clk        ; 2.616 ; 3.103 ; Rise       ; clk             ;
;  a[0]     ; clk        ; 0.092 ; 0.336 ; Rise       ; clk             ;
;  a[1]     ; clk        ; 1.942 ; 2.371 ; Rise       ; clk             ;
;  a[2]     ; clk        ; 2.616 ; 3.103 ; Rise       ; clk             ;
;  a[3]     ; clk        ; 2.101 ; 2.530 ; Rise       ; clk             ;
; b[*]      ; clk        ; 2.005 ; 2.468 ; Rise       ; clk             ;
;  b[0]     ; clk        ; 0.127 ; 0.398 ; Rise       ; clk             ;
;  b[1]     ; clk        ; 1.788 ; 2.215 ; Rise       ; clk             ;
;  b[2]     ; clk        ; 2.005 ; 2.468 ; Rise       ; clk             ;
;  b[3]     ; clk        ; 1.702 ; 2.146 ; Rise       ; clk             ;
; y[*]      ; clk        ; 5.318 ; 5.598 ; Rise       ; clk             ;
;  y[1]     ; clk        ; 2.865 ; 3.331 ; Rise       ; clk             ;
;  y[2]     ; clk        ; 2.127 ; 2.579 ; Rise       ; clk             ;
;  y[3]     ; clk        ; 2.420 ; 2.853 ; Rise       ; clk             ;
;  y[4]     ; clk        ; 5.082 ; 5.337 ; Rise       ; clk             ;
;  y[5]     ; clk        ; 5.318 ; 5.598 ; Rise       ; clk             ;
;  y[6]     ; clk        ; 1.907 ; 2.334 ; Rise       ; clk             ;
;  y[7]     ; clk        ; 0.319 ; 0.454 ; Rise       ; clk             ;
;  y[8]     ; clk        ; 2.069 ; 2.493 ; Rise       ; clk             ;
;  y[9]     ; clk        ; 5.031 ; 5.488 ; Rise       ; clk             ;
;  y[10]    ; clk        ; 0.104 ; 0.357 ; Rise       ; clk             ;
+-----------+------------+-------+-------+------------+-----------------+


+-------------------------------------------------------------------------+
; Hold Times                                                              ;
+-----------+------------+--------+--------+------------+-----------------+
; Data Port ; Clock Port ; Rise   ; Fall   ; Clock Edge ; Clock Reference ;
+-----------+------------+--------+--------+------------+-----------------+
; a[*]      ; clk        ; 0.216  ; 0.072  ; Rise       ; clk             ;
;  a[0]     ; clk        ; 0.216  ; 0.072  ; Rise       ; clk             ;
;  a[1]     ; clk        ; -0.879 ; -1.437 ; Rise       ; clk             ;
;  a[2]     ; clk        ; -1.234 ; -1.866 ; Rise       ; clk             ;
;  a[3]     ; clk        ; -0.957 ; -1.526 ; Rise       ; clk             ;
; b[*]      ; clk        ; 0.208  ; 0.069  ; Rise       ; clk             ;
;  b[0]     ; clk        ; 0.208  ; 0.069  ; Rise       ; clk             ;
;  b[1]     ; clk        ; -0.777 ; -1.333 ; Rise       ; clk             ;
;  b[2]     ; clk        ; -0.884 ; -1.472 ; Rise       ; clk             ;
;  b[3]     ; clk        ; -0.723 ; -1.271 ; Rise       ; clk             ;
; y[*]      ; clk        ; 0.103  ; -0.023 ; Rise       ; clk             ;
;  y[1]     ; clk        ; -1.401 ; -1.999 ; Rise       ; clk             ;
;  y[2]     ; clk        ; -0.959 ; -1.556 ; Rise       ; clk             ;
;  y[3]     ; clk        ; -1.181 ; -1.761 ; Rise       ; clk             ;
;  y[4]     ; clk        ; -1.294 ; -1.901 ; Rise       ; clk             ;
;  y[5]     ; clk        ; -1.395 ; -2.006 ; Rise       ; clk             ;
;  y[6]     ; clk        ; -0.673 ; -1.232 ; Rise       ; clk             ;
;  y[7]     ; clk        ; -0.014 ; -0.168 ; Rise       ; clk             ;
;  y[8]     ; clk        ; -0.755 ; -1.310 ; Rise       ; clk             ;
;  y[9]     ; clk        ; -1.247 ; -1.783 ; Rise       ; clk             ;
;  y[10]    ; clk        ; 0.103  ; -0.023 ; Rise       ; clk             ;
+-----------+------------+--------+--------+------------+-----------------+


+-------------------------------------------------------------------------+
; Clock to Output Times                                                   ;
+-------------+------------+-------+-------+------------+-----------------+
; Data Port   ; Clock Port ; Rise  ; Fall  ; Clock Edge ; Clock Reference ;
+-------------+------------+-------+-------+------------+-----------------+
; f1          ; clk        ; 6.618 ; 6.561 ; Rise       ; clk             ;
; f2          ; clk        ; 6.359 ; 6.325 ; Rise       ; clk             ;
; f3          ; clk        ; 9.631 ; 9.666 ; Rise       ; clk             ;
; priznak[*]  ; clk        ; 5.952 ; 5.928 ; Rise       ; clk             ;
;  priznak[0] ; clk        ; 5.952 ; 5.928 ; Rise       ; clk             ;
;  priznak[1] ; clk        ; 5.938 ; 5.911 ; Rise       ; clk             ;
; rr[*]       ; clk        ; 7.688 ; 7.700 ; Rise       ; clk             ;
;  rr[0]      ; clk        ; 7.095 ; 7.047 ; Rise       ; clk             ;
;  rr[1]      ; clk        ; 6.793 ; 6.732 ; Rise       ; clk             ;
;  rr[2]      ; clk        ; 7.503 ; 7.491 ; Rise       ; clk             ;
;  rr[3]      ; clk        ; 6.983 ; 6.963 ; Rise       ; clk             ;
;  rr[4]      ; clk        ; 7.688 ; 7.700 ; Rise       ; clk             ;
;  rr[5]      ; clk        ; 5.987 ; 5.920 ; Rise       ; clk             ;
;  rr[6]      ; clk        ; 6.003 ; 5.930 ; Rise       ; clk             ;
;  rr[7]      ; clk        ; 5.802 ; 5.739 ; Rise       ; clk             ;
+-------------+------------+-------+-------+------------+-----------------+


+-------------------------------------------------------------------------+
; Minimum Clock to Output Times                                           ;
+-------------+------------+-------+-------+------------+-----------------+
; Data Port   ; Clock Port ; Rise  ; Fall  ; Clock Edge ; Clock Reference ;
+-------------+------------+-------+-------+------------+-----------------+
; f1          ; clk        ; 3.738 ; 3.811 ; Rise       ; clk             ;
; f2          ; clk        ; 3.585 ; 3.671 ; Rise       ; clk             ;
; f3          ; clk        ; 3.782 ; 3.886 ; Rise       ; clk             ;
; priznak[*]  ; clk        ; 3.428 ; 3.435 ; Rise       ; clk             ;
;  priznak[0] ; clk        ; 3.428 ; 3.440 ; Rise       ; clk             ;
;  priznak[1] ; clk        ; 3.431 ; 3.435 ; Rise       ; clk             ;
; rr[*]       ; clk        ; 3.281 ; 3.320 ; Rise       ; clk             ;
;  rr[0]      ; clk        ; 3.976 ; 4.096 ; Rise       ; clk             ;
;  rr[1]      ; clk        ; 3.820 ; 3.910 ; Rise       ; clk             ;
;  rr[2]      ; clk        ; 4.288 ; 4.393 ; Rise       ; clk             ;
;  rr[3]      ; clk        ; 4.001 ; 4.076 ; Rise       ; clk             ;
;  rr[4]      ; clk        ; 4.478 ; 4.591 ; Rise       ; clk             ;
;  rr[5]      ; clk        ; 3.379 ; 3.423 ; Rise       ; clk             ;
;  rr[6]      ; clk        ; 3.388 ; 3.432 ; Rise       ; clk             ;
;  rr[7]      ; clk        ; 3.281 ; 3.320 ; Rise       ; clk             ;
+-------------+------------+-------+-------+------------+-----------------+


+------------------------------------------------------------------------------------------------------------------------------------------------------------------------------------------------------------------------------------------------------------------------------------------------------------------------------------------------------------------------------------------------------------------+
; Board Trace Model Assignments                                                                                                                                                                                                                                                                                                                                                                                    ;
+---------------+--------------+-------------------+-------------------------+-------------------------+---------------+---------------------+----------------+------------------+--------+------------------+------------------------+------------------------+--------------+---------------+-----------------+-------+---------------------+--------------------+---------------+-----------------+-------------+
; Pin           ; I/O Standard ; Near Tline Length ; Near Tline L per Length ; Near Tline C per Length ; Near Series R ; Near Differential R ; Near Pull-up R ; Near Pull-down R ; Near C ; Far Tline Length ; Far Tline L per Length ; Far Tline C per Length ; Far Series R ; Far Pull-up R ; Far Pull-down R ; Far C ; Termination Voltage ; Far Differential R ; EBD File Name ; EBD Signal Name ; EBD Far-end ;
+---------------+--------------+-------------------+-------------------------+-------------------------+---------------+---------------------+----------------+------------------+--------+------------------+------------------------+------------------------+--------------+---------------+-----------------+-------+---------------------+--------------------+---------------+-----------------+-------------+
; f1            ; 2.5 V        ; 0 in              ; 0 H/in                  ; 0 F/in                  ; short         ; -                   ; open           ; open             ; open   ; 0 in             ; 0 H/in                 ; 0 F/in                 ; short        ; open          ; open            ; open  ; 0 V                 ; -                  ; n/a           ; n/a             ; n/a         ;
; f2            ; 2.5 V        ; 0 in              ; 0 H/in                  ; 0 F/in                  ; short         ; -                   ; open           ; open             ; open   ; 0 in             ; 0 H/in                 ; 0 F/in                 ; short        ; open          ; open            ; open  ; 0 V                 ; -                  ; n/a           ; n/a             ; n/a         ;
; f3            ; 2.5 V        ; 0 in              ; 0 H/in                  ; 0 F/in                  ; short         ; -                   ; open           ; open             ; open   ; 0 in             ; 0 H/in                 ; 0 F/in                 ; short        ; open          ; open            ; open  ; 0 V                 ; -                  ; n/a           ; n/a             ; n/a         ;
; rr[7]         ; 2.5 V        ; 0 in              ; 0 H/in                  ; 0 F/in                  ; short         ; -                   ; open           ; open             ; open   ; 0 in             ; 0 H/in                 ; 0 F/in                 ; short        ; open          ; open            ; open  ; 0 V                 ; -                  ; n/a           ; n/a             ; n/a         ;
; rr[6]         ; 2.5 V        ; 0 in              ; 0 H/in                  ; 0 F/in                  ; short         ; -                   ; open           ; open             ; open   ; 0 in             ; 0 H/in                 ; 0 F/in                 ; short        ; open          ; open            ; open  ; 0 V                 ; -                  ; n/a           ; n/a             ; n/a         ;
; rr[5]         ; 2.5 V        ; 0 in              ; 0 H/in                  ; 0 F/in                  ; short         ; -                   ; open           ; open             ; open   ; 0 in             ; 0 H/in                 ; 0 F/in                 ; short        ; open          ; open            ; open  ; 0 V                 ; -                  ; n/a           ; n/a             ; n/a         ;
; rr[4]         ; 2.5 V        ; 0 in              ; 0 H/in                  ; 0 F/in                  ; short         ; -                   ; open           ; open             ; open   ; 0 in             ; 0 H/in                 ; 0 F/in                 ; short        ; open          ; open            ; open  ; 0 V                 ; -                  ; n/a           ; n/a             ; n/a         ;
; rr[3]         ; 2.5 V        ; 0 in              ; 0 H/in                  ; 0 F/in                  ; short         ; -                   ; open           ; open             ; open   ; 0 in             ; 0 H/in                 ; 0 F/in                 ; short        ; open          ; open            ; open  ; 0 V                 ; -                  ; n/a           ; n/a             ; n/a         ;
; rr[2]         ; 2.5 V        ; 0 in              ; 0 H/in                  ; 0 F/in                  ; short         ; -                   ; open           ; open             ; open   ; 0 in             ; 0 H/in                 ; 0 F/in                 ; short        ; open          ; open            ; open  ; 0 V                 ; -                  ; n/a           ; n/a             ; n/a         ;
; rr[1]         ; 2.5 V        ; 0 in              ; 0 H/in                  ; 0 F/in                  ; short         ; -                   ; open           ; open             ; open   ; 0 in             ; 0 H/in                 ; 0 F/in                 ; short        ; open          ; open            ; open  ; 0 V                 ; -                  ; n/a           ; n/a             ; n/a         ;
; rr[0]         ; 2.5 V        ; 0 in              ; 0 H/in                  ; 0 F/in                  ; short         ; -                   ; open           ; open             ; open   ; 0 in             ; 0 H/in                 ; 0 F/in                 ; short        ; open          ; open            ; open  ; 0 V                 ; -                  ; n/a           ; n/a             ; n/a         ;
; priznak[1]    ; 2.5 V        ; 0 in              ; 0 H/in                  ; 0 F/in                  ; short         ; -                   ; open           ; open             ; open   ; 0 in             ; 0 H/in                 ; 0 F/in                 ; short        ; open          ; open            ; open  ; 0 V                 ; -                  ; n/a           ; n/a             ; n/a         ;
; priznak[0]    ; 2.5 V        ; 0 in              ; 0 H/in                  ; 0 F/in                  ; short         ; -                   ; open           ; open             ; open   ; 0 in             ; 0 H/in                 ; 0 F/in                 ; short        ; open          ; open            ; open  ; 0 V                 ; -                  ; n/a           ; n/a             ; n/a         ;
; ~ALTERA_NCEO~ ; 2.5 V        ; 0 in              ; 0 H/in                  ; 0 F/in                  ; short         ; -                   ; open           ; open             ; open   ; 0 in             ; 0 H/in                 ; 0 F/in                 ; short        ; open          ; open            ; open  ; 0 V                 ; -                  ; n/a           ; n/a             ; n/a         ;
; ~ALTERA_DCLK~ ; 2.5 V        ; 0 in              ; 0 H/in                  ; 0 F/in                  ; short         ; -                   ; open           ; open             ; open   ; 0 in             ; 0 H/in                 ; 0 F/in                 ; short        ; open          ; open            ; open  ; 0 V                 ; -                  ; n/a           ; n/a             ; n/a         ;
+---------------+--------------+-------------------+-------------------------+-------------------------+---------------+---------------------+----------------+------------------+--------+------------------+------------------------+------------------------+--------------+---------------+-----------------+-------+---------------------+--------------------+---------------+-----------------+-------------+


+-------------------------------------------------------------------+
; Input Transition Times                                            ;
+----------------+--------------+-----------------+-----------------+
; Pin            ; I/O Standard ; 10-90 Rise Time ; 90-10 Fall Time ;
+----------------+--------------+-----------------+-----------------+
; b[3]           ; 2.5 V        ; 2000 ps         ; 2000 ps         ;
; y[2]           ; 2.5 V        ; 2000 ps         ; 2000 ps         ;
; clk            ; 2.5 V        ; 2000 ps         ; 2000 ps         ;
; y[3]           ; 2.5 V        ; 2000 ps         ; 2000 ps         ;
; b[2]           ; 2.5 V        ; 2000 ps         ; 2000 ps         ;
; y[9]           ; 2.5 V        ; 2000 ps         ; 2000 ps         ;
; y[4]           ; 2.5 V        ; 2000 ps         ; 2000 ps         ;
; y[5]           ; 2.5 V        ; 2000 ps         ; 2000 ps         ;
; y[6]           ; 2.5 V        ; 2000 ps         ; 2000 ps         ;
; y[8]           ; 2.5 V        ; 2000 ps         ; 2000 ps         ;
; y[7]           ; 2.5 V        ; 2000 ps         ; 2000 ps         ;
; y[10]          ; 2.5 V        ; 2000 ps         ; 2000 ps         ;
; b[1]           ; 2.5 V        ; 2000 ps         ; 2000 ps         ;
; b[0]           ; 2.5 V        ; 2000 ps         ; 2000 ps         ;
; a[0]           ; 2.5 V        ; 2000 ps         ; 2000 ps         ;
; y[1]           ; 2.5 V        ; 2000 ps         ; 2000 ps         ;
; a[3]           ; 2.5 V        ; 2000 ps         ; 2000 ps         ;
; a[2]           ; 2.5 V        ; 2000 ps         ; 2000 ps         ;
; a[1]           ; 2.5 V        ; 2000 ps         ; 2000 ps         ;
; ~ALTERA_DATA0~ ; 2.5 V        ; 2000 ps         ; 2000 ps         ;
; ~ALTERA_ASDO~  ; 2.5 V        ; 2000 ps         ; 2000 ps         ;
; ~ALTERA_NCSO~  ; 2.5 V        ; 2000 ps         ; 2000 ps         ;
+----------------+--------------+-----------------+-----------------+


+--------------------------------------------------------------------------------------------------------------------------------------------------------------------------------------------------------------------------------------------------------------------------------------------------------------------------------------------------------------------------------------------------------------------------------------------------------------------------------------------------------------------------------------------------------------------------------------------------------------------------------------------------------------------------------------------+
; Signal Integrity Metrics (Slow 1200mv 0c Model)                                                                                                                                                                                                                                                                                                                                                                                                                                                                                                                                                                                                                                            ;
+---------------+--------------+---------------------+---------------------+------------------------------+------------------------------+---------------------+---------------------+--------------------------------------+--------------------------------------+-----------------------------+-----------------------------+----------------------------+----------------------------+-----------------------------+-----------------------------+--------------------+--------------------+-------------------------------------+-------------------------------------+----------------------------+----------------------------+---------------------------+---------------------------+
; Pin           ; I/O Standard ; Board Delay on Rise ; Board Delay on Fall ; Steady State Voh at FPGA Pin ; Steady State Vol at FPGA Pin ; Voh Max at FPGA Pin ; Vol Min at FPGA Pin ; Ringback Voltage on Rise at FPGA Pin ; Ringback Voltage on Fall at FPGA Pin ; 10-90 Rise Time at FPGA Pin ; 90-10 Fall Time at FPGA Pin ; Monotonic Rise at FPGA Pin ; Monotonic Fall at FPGA Pin ; Steady State Voh at Far-end ; Steady State Vol at Far-end ; Voh Max at Far-end ; Vol Min at Far-end ; Ringback Voltage on Rise at Far-end ; Ringback Voltage on Fall at Far-end ; 10-90 Rise Time at Far-end ; 90-10 Fall Time at Far-end ; Monotonic Rise at Far-end ; Monotonic Fall at Far-end ;
+---------------+--------------+---------------------+---------------------+------------------------------+------------------------------+---------------------+---------------------+--------------------------------------+--------------------------------------+-----------------------------+-----------------------------+----------------------------+----------------------------+-----------------------------+-----------------------------+--------------------+--------------------+-------------------------------------+-------------------------------------+----------------------------+----------------------------+---------------------------+---------------------------+
; f1            ; 2.5 V        ; 0 s                 ; 0 s                 ; 2.32 V                       ; 5.16e-09 V                   ; 2.4 V               ; -0.00557 V          ; 0.238 V                              ; 0.014 V                              ; 2.9e-10 s                   ; 3.48e-10 s                  ; No                         ; Yes                        ; 2.32 V                      ; 5.16e-09 V                  ; 2.4 V              ; -0.00557 V         ; 0.238 V                             ; 0.014 V                             ; 2.9e-10 s                  ; 3.48e-10 s                 ; No                        ; Yes                       ;
; f2            ; 2.5 V        ; 0 s                 ; 0 s                 ; 2.32 V                       ; 7.29e-09 V                   ; 2.39 V              ; -0.00317 V          ; 0.179 V                              ; 0.007 V                              ; 4.7e-10 s                   ; 4.72e-10 s                  ; No                         ; Yes                        ; 2.32 V                      ; 7.29e-09 V                  ; 2.39 V             ; -0.00317 V         ; 0.179 V                             ; 0.007 V                             ; 4.7e-10 s                  ; 4.72e-10 s                 ; No                        ; Yes                       ;
; f3            ; 2.5 V        ; 0 s                 ; 0 s                 ; 2.32 V                       ; 7.29e-09 V                   ; 2.39 V              ; -0.00317 V          ; 0.179 V                              ; 0.007 V                              ; 4.7e-10 s                   ; 4.72e-10 s                  ; No                         ; Yes                        ; 2.32 V                      ; 7.29e-09 V                  ; 2.39 V             ; -0.00317 V         ; 0.179 V                             ; 0.007 V                             ; 4.7e-10 s                  ; 4.72e-10 s                 ; No                        ; Yes                       ;
; rr[7]         ; 2.5 V        ; 0 s                 ; 0 s                 ; 2.32 V                       ; 7.29e-09 V                   ; 2.39 V              ; -0.00317 V          ; 0.179 V                              ; 0.007 V                              ; 4.7e-10 s                   ; 4.72e-10 s                  ; No                         ; Yes                        ; 2.32 V                      ; 7.29e-09 V                  ; 2.39 V             ; -0.00317 V         ; 0.179 V                             ; 0.007 V                             ; 4.7e-10 s                  ; 4.72e-10 s                 ; No                        ; Yes                       ;
; rr[6]         ; 2.5 V        ; 0 s                 ; 0 s                 ; 2.32 V                       ; 7.29e-09 V                   ; 2.39 V              ; -0.00317 V          ; 0.179 V                              ; 0.007 V                              ; 4.7e-10 s                   ; 4.72e-10 s                  ; No                         ; Yes                        ; 2.32 V                      ; 7.29e-09 V                  ; 2.39 V             ; -0.00317 V         ; 0.179 V                             ; 0.007 V                             ; 4.7e-10 s                  ; 4.72e-10 s                 ; No                        ; Yes                       ;
; rr[5]         ; 2.5 V        ; 0 s                 ; 0 s                 ; 2.32 V                       ; 7.29e-09 V                   ; 2.39 V              ; -0.00317 V          ; 0.179 V                              ; 0.007 V                              ; 4.7e-10 s                   ; 4.72e-10 s                  ; No                         ; Yes                        ; 2.32 V                      ; 7.29e-09 V                  ; 2.39 V             ; -0.00317 V         ; 0.179 V                             ; 0.007 V                             ; 4.7e-10 s                  ; 4.72e-10 s                 ; No                        ; Yes                       ;
; rr[4]         ; 2.5 V        ; 0 s                 ; 0 s                 ; 2.32 V                       ; 5.16e-09 V                   ; 2.34 V              ; -0.00633 V          ; 0.232 V                              ; 0.083 V                              ; 1.94e-09 s                  ; 1.83e-09 s                  ; No                         ; Yes                        ; 2.32 V                      ; 5.16e-09 V                  ; 2.34 V             ; -0.00633 V         ; 0.232 V                             ; 0.083 V                             ; 1.94e-09 s                 ; 1.83e-09 s                 ; No                        ; Yes                       ;
; rr[3]         ; 2.5 V        ; 0 s                 ; 0 s                 ; 2.32 V                       ; 5.16e-09 V                   ; 2.37 V              ; -0.00861 V          ; 0.168 V                              ; 0.038 V                              ; 6.79e-10 s                  ; 6.49e-10 s                  ; No                         ; Yes                        ; 2.32 V                      ; 5.16e-09 V                  ; 2.37 V             ; -0.00861 V         ; 0.168 V                             ; 0.038 V                             ; 6.79e-10 s                 ; 6.49e-10 s                 ; No                        ; Yes                       ;
; rr[2]         ; 2.5 V        ; 0 s                 ; 0 s                 ; 2.32 V                       ; 5.16e-09 V                   ; 2.37 V              ; -0.00861 V          ; 0.168 V                              ; 0.038 V                              ; 6.79e-10 s                  ; 6.49e-10 s                  ; No                         ; Yes                        ; 2.32 V                      ; 5.16e-09 V                  ; 2.37 V             ; -0.00861 V         ; 0.168 V                             ; 0.038 V                             ; 6.79e-10 s                 ; 6.49e-10 s                 ; No                        ; Yes                       ;
; rr[1]         ; 2.5 V        ; 0 s                 ; 0 s                 ; 2.32 V                       ; 5.16e-09 V                   ; 2.4 V               ; -0.00557 V          ; 0.238 V                              ; 0.014 V                              ; 2.9e-10 s                   ; 3.48e-10 s                  ; No                         ; Yes                        ; 2.32 V                      ; 5.16e-09 V                  ; 2.4 V              ; -0.00557 V         ; 0.238 V                             ; 0.014 V                             ; 2.9e-10 s                  ; 3.48e-10 s                 ; No                        ; Yes                       ;
; rr[0]         ; 2.5 V        ; 0 s                 ; 0 s                 ; 2.32 V                       ; 5.16e-09 V                   ; 2.4 V               ; -0.00557 V          ; 0.238 V                              ; 0.014 V                              ; 2.9e-10 s                   ; 3.48e-10 s                  ; No                         ; Yes                        ; 2.32 V                      ; 5.16e-09 V                  ; 2.4 V              ; -0.00557 V         ; 0.238 V                             ; 0.014 V                             ; 2.9e-10 s                  ; 3.48e-10 s                 ; No                        ; Yes                       ;
; priznak[1]    ; 2.5 V        ; 0 s                 ; 0 s                 ; 2.32 V                       ; 5.16e-09 V                   ; 2.37 V              ; -0.00861 V          ; 0.168 V                              ; 0.038 V                              ; 6.79e-10 s                  ; 6.49e-10 s                  ; No                         ; Yes                        ; 2.32 V                      ; 5.16e-09 V                  ; 2.37 V             ; -0.00861 V         ; 0.168 V                             ; 0.038 V                             ; 6.79e-10 s                 ; 6.49e-10 s                 ; No                        ; Yes                       ;
; priznak[0]    ; 2.5 V        ; 0 s                 ; 0 s                 ; 2.32 V                       ; 5.16e-09 V                   ; 2.37 V              ; -0.00861 V          ; 0.168 V                              ; 0.038 V                              ; 6.79e-10 s                  ; 6.49e-10 s                  ; No                         ; Yes                        ; 2.32 V                      ; 5.16e-09 V                  ; 2.37 V             ; -0.00861 V         ; 0.168 V                             ; 0.038 V                             ; 6.79e-10 s                 ; 6.49e-10 s                 ; No                        ; Yes                       ;
; ~ALTERA_NCEO~ ; 2.5 V        ; 0 s                 ; 0 s                 ; 2.32 V                       ; 4.76e-09 V                   ; 2.4 V               ; -0.034 V            ; 0.102 V                              ; 0.065 V                              ; 2.49e-10 s                  ; 3.49e-10 s                  ; Yes                        ; Yes                        ; 2.32 V                      ; 4.76e-09 V                  ; 2.4 V              ; -0.034 V           ; 0.102 V                             ; 0.065 V                             ; 2.49e-10 s                 ; 3.49e-10 s                 ; Yes                       ; Yes                       ;
; ~ALTERA_DCLK~ ; 2.5 V        ; 0 s                 ; 0 s                 ; 2.32 V                       ; 5.94e-09 V                   ; 2.39 V              ; -0.0344 V           ; 0.156 V                              ; 0.089 V                              ; 2.68e-10 s                  ; 2.6e-10 s                   ; Yes                        ; Yes                        ; 2.32 V                      ; 5.94e-09 V                  ; 2.39 V             ; -0.0344 V          ; 0.156 V                             ; 0.089 V                             ; 2.68e-10 s                 ; 2.6e-10 s                  ; Yes                       ; Yes                       ;
+---------------+--------------+---------------------+---------------------+------------------------------+------------------------------+---------------------+---------------------+--------------------------------------+--------------------------------------+-----------------------------+-----------------------------+----------------------------+----------------------------+-----------------------------+-----------------------------+--------------------+--------------------+-------------------------------------+-------------------------------------+----------------------------+----------------------------+---------------------------+---------------------------+


+--------------------------------------------------------------------------------------------------------------------------------------------------------------------------------------------------------------------------------------------------------------------------------------------------------------------------------------------------------------------------------------------------------------------------------------------------------------------------------------------------------------------------------------------------------------------------------------------------------------------------------------------------------------------------------------------+
; Signal Integrity Metrics (Slow 1200mv 85c Model)                                                                                                                                                                                                                                                                                                                                                                                                                                                                                                                                                                                                                                           ;
+---------------+--------------+---------------------+---------------------+------------------------------+------------------------------+---------------------+---------------------+--------------------------------------+--------------------------------------+-----------------------------+-----------------------------+----------------------------+----------------------------+-----------------------------+-----------------------------+--------------------+--------------------+-------------------------------------+-------------------------------------+----------------------------+----------------------------+---------------------------+---------------------------+
; Pin           ; I/O Standard ; Board Delay on Rise ; Board Delay on Fall ; Steady State Voh at FPGA Pin ; Steady State Vol at FPGA Pin ; Voh Max at FPGA Pin ; Vol Min at FPGA Pin ; Ringback Voltage on Rise at FPGA Pin ; Ringback Voltage on Fall at FPGA Pin ; 10-90 Rise Time at FPGA Pin ; 90-10 Fall Time at FPGA Pin ; Monotonic Rise at FPGA Pin ; Monotonic Fall at FPGA Pin ; Steady State Voh at Far-end ; Steady State Vol at Far-end ; Voh Max at Far-end ; Vol Min at Far-end ; Ringback Voltage on Rise at Far-end ; Ringback Voltage on Fall at Far-end ; 10-90 Rise Time at Far-end ; 90-10 Fall Time at Far-end ; Monotonic Rise at Far-end ; Monotonic Fall at Far-end ;
+---------------+--------------+---------------------+---------------------+------------------------------+------------------------------+---------------------+---------------------+--------------------------------------+--------------------------------------+-----------------------------+-----------------------------+----------------------------+----------------------------+-----------------------------+-----------------------------+--------------------+--------------------+-------------------------------------+-------------------------------------+----------------------------+----------------------------+---------------------------+---------------------------+
; f1            ; 2.5 V        ; 0 s                 ; 0 s                 ; 2.32 V                       ; 8.13e-07 V                   ; 2.36 V              ; -0.00623 V          ; 0.121 V                              ; 0.03 V                               ; 4.4e-10 s                   ; 4.28e-10 s                  ; Yes                        ; Yes                        ; 2.32 V                      ; 8.13e-07 V                  ; 2.36 V             ; -0.00623 V         ; 0.121 V                             ; 0.03 V                              ; 4.4e-10 s                  ; 4.28e-10 s                 ; Yes                       ; Yes                       ;
; f2            ; 2.5 V        ; 0 s                 ; 0 s                 ; 2.32 V                       ; 1.21e-06 V                   ; 2.36 V              ; -0.00833 V          ; 0.113 V                              ; 0.035 V                              ; 6.32e-10 s                  ; 5.89e-10 s                  ; No                         ; Yes                        ; 2.32 V                      ; 1.21e-06 V                  ; 2.36 V             ; -0.00833 V         ; 0.113 V                             ; 0.035 V                             ; 6.32e-10 s                 ; 5.89e-10 s                 ; No                        ; Yes                       ;
; f3            ; 2.5 V        ; 0 s                 ; 0 s                 ; 2.32 V                       ; 1.21e-06 V                   ; 2.36 V              ; -0.00833 V          ; 0.113 V                              ; 0.035 V                              ; 6.32e-10 s                  ; 5.89e-10 s                  ; No                         ; Yes                        ; 2.32 V                      ; 1.21e-06 V                  ; 2.36 V             ; -0.00833 V         ; 0.113 V                             ; 0.035 V                             ; 6.32e-10 s                 ; 5.89e-10 s                 ; No                        ; Yes                       ;
; rr[7]         ; 2.5 V        ; 0 s                 ; 0 s                 ; 2.32 V                       ; 1.21e-06 V                   ; 2.36 V              ; -0.00833 V          ; 0.113 V                              ; 0.035 V                              ; 6.32e-10 s                  ; 5.89e-10 s                  ; No                         ; Yes                        ; 2.32 V                      ; 1.21e-06 V                  ; 2.36 V             ; -0.00833 V         ; 0.113 V                             ; 0.035 V                             ; 6.32e-10 s                 ; 5.89e-10 s                 ; No                        ; Yes                       ;
; rr[6]         ; 2.5 V        ; 0 s                 ; 0 s                 ; 2.32 V                       ; 1.21e-06 V                   ; 2.36 V              ; -0.00833 V          ; 0.113 V                              ; 0.035 V                              ; 6.32e-10 s                  ; 5.89e-10 s                  ; No                         ; Yes                        ; 2.32 V                      ; 1.21e-06 V                  ; 2.36 V             ; -0.00833 V         ; 0.113 V                             ; 0.035 V                             ; 6.32e-10 s                 ; 5.89e-10 s                 ; No                        ; Yes                       ;
; rr[5]         ; 2.5 V        ; 0 s                 ; 0 s                 ; 2.32 V                       ; 1.21e-06 V                   ; 2.36 V              ; -0.00833 V          ; 0.113 V                              ; 0.035 V                              ; 6.32e-10 s                  ; 5.89e-10 s                  ; No                         ; Yes                        ; 2.32 V                      ; 1.21e-06 V                  ; 2.36 V             ; -0.00833 V         ; 0.113 V                             ; 0.035 V                             ; 6.32e-10 s                 ; 5.89e-10 s                 ; No                        ; Yes                       ;
; rr[4]         ; 2.5 V        ; 0 s                 ; 0 s                 ; 2.32 V                       ; 8.13e-07 V                   ; 2.33 V              ; -0.00252 V          ; 0.203 V                              ; 0.046 V                              ; 2.34e-09 s                  ; 2.24e-09 s                  ; Yes                        ; Yes                        ; 2.32 V                      ; 8.13e-07 V                  ; 2.33 V             ; -0.00252 V         ; 0.203 V                             ; 0.046 V                             ; 2.34e-09 s                 ; 2.24e-09 s                 ; Yes                       ; Yes                       ;
; rr[3]         ; 2.5 V        ; 0 s                 ; 0 s                 ; 2.32 V                       ; 8.13e-07 V                   ; 2.35 V              ; -0.00662 V          ; 0.129 V                              ; 0.049 V                              ; 8.55e-10 s                  ; 8.01e-10 s                  ; No                         ; Yes                        ; 2.32 V                      ; 8.13e-07 V                  ; 2.35 V             ; -0.00662 V         ; 0.129 V                             ; 0.049 V                             ; 8.55e-10 s                 ; 8.01e-10 s                 ; No                        ; Yes                       ;
; rr[2]         ; 2.5 V        ; 0 s                 ; 0 s                 ; 2.32 V                       ; 8.13e-07 V                   ; 2.35 V              ; -0.00662 V          ; 0.129 V                              ; 0.049 V                              ; 8.55e-10 s                  ; 8.01e-10 s                  ; No                         ; Yes                        ; 2.32 V                      ; 8.13e-07 V                  ; 2.35 V             ; -0.00662 V         ; 0.129 V                             ; 0.049 V                             ; 8.55e-10 s                 ; 8.01e-10 s                 ; No                        ; Yes                       ;
; rr[1]         ; 2.5 V        ; 0 s                 ; 0 s                 ; 2.32 V                       ; 8.13e-07 V                   ; 2.36 V              ; -0.00623 V          ; 0.121 V                              ; 0.03 V                               ; 4.4e-10 s                   ; 4.28e-10 s                  ; Yes                        ; Yes                        ; 2.32 V                      ; 8.13e-07 V                  ; 2.36 V             ; -0.00623 V         ; 0.121 V                             ; 0.03 V                              ; 4.4e-10 s                  ; 4.28e-10 s                 ; Yes                       ; Yes                       ;
; rr[0]         ; 2.5 V        ; 0 s                 ; 0 s                 ; 2.32 V                       ; 8.13e-07 V                   ; 2.36 V              ; -0.00623 V          ; 0.121 V                              ; 0.03 V                               ; 4.4e-10 s                   ; 4.28e-10 s                  ; Yes                        ; Yes                        ; 2.32 V                      ; 8.13e-07 V                  ; 2.36 V             ; -0.00623 V         ; 0.121 V                             ; 0.03 V                              ; 4.4e-10 s                  ; 4.28e-10 s                 ; Yes                       ; Yes                       ;
; priznak[1]    ; 2.5 V        ; 0 s                 ; 0 s                 ; 2.32 V                       ; 8.13e-07 V                   ; 2.35 V              ; -0.00662 V          ; 0.129 V                              ; 0.049 V                              ; 8.55e-10 s                  ; 8.01e-10 s                  ; No                         ; Yes                        ; 2.32 V                      ; 8.13e-07 V                  ; 2.35 V             ; -0.00662 V         ; 0.129 V                             ; 0.049 V                             ; 8.55e-10 s                 ; 8.01e-10 s                 ; No                        ; Yes                       ;
; priznak[0]    ; 2.5 V        ; 0 s                 ; 0 s                 ; 2.32 V                       ; 8.13e-07 V                   ; 2.35 V              ; -0.00662 V          ; 0.129 V                              ; 0.049 V                              ; 8.55e-10 s                  ; 8.01e-10 s                  ; No                         ; Yes                        ; 2.32 V                      ; 8.13e-07 V                  ; 2.35 V             ; -0.00662 V         ; 0.129 V                             ; 0.049 V                             ; 8.55e-10 s                 ; 8.01e-10 s                 ; No                        ; Yes                       ;
; ~ALTERA_NCEO~ ; 2.5 V        ; 0 s                 ; 0 s                 ; 2.32 V                       ; 7.93e-07 V                   ; 2.37 V              ; -0.0278 V           ; 0.106 V                              ; 0.115 V                              ; 2.69e-10 s                  ; 4.05e-10 s                  ; Yes                        ; Yes                        ; 2.32 V                      ; 7.93e-07 V                  ; 2.37 V             ; -0.0278 V          ; 0.106 V                             ; 0.115 V                             ; 2.69e-10 s                 ; 4.05e-10 s                 ; Yes                       ; Yes                       ;
; ~ALTERA_DCLK~ ; 2.5 V        ; 0 s                 ; 0 s                 ; 2.32 V                       ; 9.76e-07 V                   ; 2.36 V              ; -0.00439 V          ; 0.088 V                              ; 0.007 V                              ; 4.05e-10 s                  ; 3.35e-10 s                  ; Yes                        ; Yes                        ; 2.32 V                      ; 9.76e-07 V                  ; 2.36 V             ; -0.00439 V         ; 0.088 V                             ; 0.007 V                             ; 4.05e-10 s                 ; 3.35e-10 s                 ; Yes                       ; Yes                       ;
+---------------+--------------+---------------------+---------------------+------------------------------+------------------------------+---------------------+---------------------+--------------------------------------+--------------------------------------+-----------------------------+-----------------------------+----------------------------+----------------------------+-----------------------------+-----------------------------+--------------------+--------------------+-------------------------------------+-------------------------------------+----------------------------+----------------------------+---------------------------+---------------------------+


+--------------------------------------------------------------------------------------------------------------------------------------------------------------------------------------------------------------------------------------------------------------------------------------------------------------------------------------------------------------------------------------------------------------------------------------------------------------------------------------------------------------------------------------------------------------------------------------------------------------------------------------------------------------------------------------------+
; Signal Integrity Metrics (Fast 1200mv 0c Model)                                                                                                                                                                                                                                                                                                                                                                                                                                                                                                                                                                                                                                            ;
+---------------+--------------+---------------------+---------------------+------------------------------+------------------------------+---------------------+---------------------+--------------------------------------+--------------------------------------+-----------------------------+-----------------------------+----------------------------+----------------------------+-----------------------------+-----------------------------+--------------------+--------------------+-------------------------------------+-------------------------------------+----------------------------+----------------------------+---------------------------+---------------------------+
; Pin           ; I/O Standard ; Board Delay on Rise ; Board Delay on Fall ; Steady State Voh at FPGA Pin ; Steady State Vol at FPGA Pin ; Voh Max at FPGA Pin ; Vol Min at FPGA Pin ; Ringback Voltage on Rise at FPGA Pin ; Ringback Voltage on Fall at FPGA Pin ; 10-90 Rise Time at FPGA Pin ; 90-10 Fall Time at FPGA Pin ; Monotonic Rise at FPGA Pin ; Monotonic Fall at FPGA Pin ; Steady State Voh at Far-end ; Steady State Vol at Far-end ; Voh Max at Far-end ; Vol Min at Far-end ; Ringback Voltage on Rise at Far-end ; Ringback Voltage on Fall at Far-end ; 10-90 Rise Time at Far-end ; 90-10 Fall Time at Far-end ; Monotonic Rise at Far-end ; Monotonic Fall at Far-end ;
+---------------+--------------+---------------------+---------------------+------------------------------+------------------------------+---------------------+---------------------+--------------------------------------+--------------------------------------+-----------------------------+-----------------------------+----------------------------+----------------------------+-----------------------------+-----------------------------+--------------------+--------------------+-------------------------------------+-------------------------------------+----------------------------+----------------------------+---------------------------+---------------------------+
; f1            ; 2.5 V        ; 0 s                 ; 0 s                 ; 2.62 V                       ; 3.16e-08 V                   ; 2.72 V              ; -0.0199 V           ; 0.186 V                              ; 0.027 V                              ; 2.63e-10 s                  ; 2.76e-10 s                  ; Yes                        ; Yes                        ; 2.62 V                      ; 3.16e-08 V                  ; 2.72 V             ; -0.0199 V          ; 0.186 V                             ; 0.027 V                             ; 2.63e-10 s                 ; 2.76e-10 s                 ; Yes                       ; Yes                       ;
; f2            ; 2.5 V        ; 0 s                 ; 0 s                 ; 2.62 V                       ; 4.66e-08 V                   ; 2.72 V              ; -0.0215 V           ; 0.161 V                              ; 0.061 V                              ; 4.44e-10 s                  ; 4.06e-10 s                  ; No                         ; Yes                        ; 2.62 V                      ; 4.66e-08 V                  ; 2.72 V             ; -0.0215 V          ; 0.161 V                             ; 0.061 V                             ; 4.44e-10 s                 ; 4.06e-10 s                 ; No                        ; Yes                       ;
; f3            ; 2.5 V        ; 0 s                 ; 0 s                 ; 2.62 V                       ; 4.66e-08 V                   ; 2.72 V              ; -0.0215 V           ; 0.161 V                              ; 0.061 V                              ; 4.44e-10 s                  ; 4.06e-10 s                  ; No                         ; Yes                        ; 2.62 V                      ; 4.66e-08 V                  ; 2.72 V             ; -0.0215 V          ; 0.161 V                             ; 0.061 V                             ; 4.44e-10 s                 ; 4.06e-10 s                 ; No                        ; Yes                       ;
; rr[7]         ; 2.5 V        ; 0 s                 ; 0 s                 ; 2.62 V                       ; 4.66e-08 V                   ; 2.72 V              ; -0.0215 V           ; 0.161 V                              ; 0.061 V                              ; 4.44e-10 s                  ; 4.06e-10 s                  ; No                         ; Yes                        ; 2.62 V                      ; 4.66e-08 V                  ; 2.72 V             ; -0.0215 V          ; 0.161 V                             ; 0.061 V                             ; 4.44e-10 s                 ; 4.06e-10 s                 ; No                        ; Yes                       ;
; rr[6]         ; 2.5 V        ; 0 s                 ; 0 s                 ; 2.62 V                       ; 4.66e-08 V                   ; 2.72 V              ; -0.0215 V           ; 0.161 V                              ; 0.061 V                              ; 4.44e-10 s                  ; 4.06e-10 s                  ; No                         ; Yes                        ; 2.62 V                      ; 4.66e-08 V                  ; 2.72 V             ; -0.0215 V          ; 0.161 V                             ; 0.061 V                             ; 4.44e-10 s                 ; 4.06e-10 s                 ; No                        ; Yes                       ;
; rr[5]         ; 2.5 V        ; 0 s                 ; 0 s                 ; 2.62 V                       ; 4.66e-08 V                   ; 2.72 V              ; -0.0215 V           ; 0.161 V                              ; 0.061 V                              ; 4.44e-10 s                  ; 4.06e-10 s                  ; No                         ; Yes                        ; 2.62 V                      ; 4.66e-08 V                  ; 2.72 V             ; -0.0215 V          ; 0.161 V                             ; 0.061 V                             ; 4.44e-10 s                 ; 4.06e-10 s                 ; No                        ; Yes                       ;
; rr[4]         ; 2.5 V        ; 0 s                 ; 0 s                 ; 2.62 V                       ; 3.16e-08 V                   ; 2.65 V              ; -0.0109 V           ; 0.234 V                              ; 0.125 V                              ; 1.64e-09 s                  ; 1.59e-09 s                  ; No                         ; Yes                        ; 2.62 V                      ; 3.16e-08 V                  ; 2.65 V             ; -0.0109 V          ; 0.234 V                             ; 0.125 V                             ; 1.64e-09 s                 ; 1.59e-09 s                 ; No                        ; Yes                       ;
; rr[3]         ; 2.5 V        ; 0 s                 ; 0 s                 ; 2.62 V                       ; 3.16e-08 V                   ; 2.71 V              ; -0.0171 V           ; 0.273 V                              ; 0.065 V                              ; 4.95e-10 s                  ; 5.37e-10 s                  ; No                         ; Yes                        ; 2.62 V                      ; 3.16e-08 V                  ; 2.71 V             ; -0.0171 V          ; 0.273 V                             ; 0.065 V                             ; 4.95e-10 s                 ; 5.37e-10 s                 ; No                        ; Yes                       ;
; rr[2]         ; 2.5 V        ; 0 s                 ; 0 s                 ; 2.62 V                       ; 3.16e-08 V                   ; 2.71 V              ; -0.0171 V           ; 0.273 V                              ; 0.065 V                              ; 4.95e-10 s                  ; 5.37e-10 s                  ; No                         ; Yes                        ; 2.62 V                      ; 3.16e-08 V                  ; 2.71 V             ; -0.0171 V          ; 0.273 V                             ; 0.065 V                             ; 4.95e-10 s                 ; 5.37e-10 s                 ; No                        ; Yes                       ;
; rr[1]         ; 2.5 V        ; 0 s                 ; 0 s                 ; 2.62 V                       ; 3.16e-08 V                   ; 2.72 V              ; -0.0199 V           ; 0.186 V                              ; 0.027 V                              ; 2.63e-10 s                  ; 2.76e-10 s                  ; Yes                        ; Yes                        ; 2.62 V                      ; 3.16e-08 V                  ; 2.72 V             ; -0.0199 V          ; 0.186 V                             ; 0.027 V                             ; 2.63e-10 s                 ; 2.76e-10 s                 ; Yes                       ; Yes                       ;
; rr[0]         ; 2.5 V        ; 0 s                 ; 0 s                 ; 2.62 V                       ; 3.16e-08 V                   ; 2.72 V              ; -0.0199 V           ; 0.186 V                              ; 0.027 V                              ; 2.63e-10 s                  ; 2.76e-10 s                  ; Yes                        ; Yes                        ; 2.62 V                      ; 3.16e-08 V                  ; 2.72 V             ; -0.0199 V          ; 0.186 V                             ; 0.027 V                             ; 2.63e-10 s                 ; 2.76e-10 s                 ; Yes                       ; Yes                       ;
; priznak[1]    ; 2.5 V        ; 0 s                 ; 0 s                 ; 2.62 V                       ; 3.16e-08 V                   ; 2.71 V              ; -0.0171 V           ; 0.273 V                              ; 0.065 V                              ; 4.95e-10 s                  ; 5.37e-10 s                  ; No                         ; Yes                        ; 2.62 V                      ; 3.16e-08 V                  ; 2.71 V             ; -0.0171 V          ; 0.273 V                             ; 0.065 V                             ; 4.95e-10 s                 ; 5.37e-10 s                 ; No                        ; Yes                       ;
; priznak[0]    ; 2.5 V        ; 0 s                 ; 0 s                 ; 2.62 V                       ; 3.16e-08 V                   ; 2.71 V              ; -0.0171 V           ; 0.273 V                              ; 0.065 V                              ; 4.95e-10 s                  ; 5.37e-10 s                  ; No                         ; Yes                        ; 2.62 V                      ; 3.16e-08 V                  ; 2.71 V             ; -0.0171 V          ; 0.273 V                             ; 0.065 V                             ; 4.95e-10 s                 ; 5.37e-10 s                 ; No                        ; Yes                       ;
; ~ALTERA_NCEO~ ; 2.5 V        ; 0 s                 ; 0 s                 ; 2.62 V                       ; 3.06e-08 V                   ; 2.86 V              ; -0.0341 V           ; 0.364 V                              ; 0.046 V                              ; 1.17e-10 s                  ; 2.6e-10 s                   ; No                         ; Yes                        ; 2.62 V                      ; 3.06e-08 V                  ; 2.86 V             ; -0.0341 V          ; 0.364 V                             ; 0.046 V                             ; 1.17e-10 s                 ; 2.6e-10 s                  ; No                        ; Yes                       ;
; ~ALTERA_DCLK~ ; 2.5 V        ; 0 s                 ; 0 s                 ; 2.62 V                       ; 3.81e-08 V                   ; 2.72 V              ; -0.0542 V           ; 0.144 V                              ; 0.087 V                              ; 2.55e-10 s                  ; 2.14e-10 s                  ; Yes                        ; Yes                        ; 2.62 V                      ; 3.81e-08 V                  ; 2.72 V             ; -0.0542 V          ; 0.144 V                             ; 0.087 V                             ; 2.55e-10 s                 ; 2.14e-10 s                 ; Yes                       ; Yes                       ;
+---------------+--------------+---------------------+---------------------+------------------------------+------------------------------+---------------------+---------------------+--------------------------------------+--------------------------------------+-----------------------------+-----------------------------+----------------------------+----------------------------+-----------------------------+-----------------------------+--------------------+--------------------+-------------------------------------+-------------------------------------+----------------------------+----------------------------+---------------------------+---------------------------+


+-------------------------------------------------------------------+
; Setup Transfers                                                   ;
+------------+----------+----------+----------+----------+----------+
; From Clock ; To Clock ; RR Paths ; FR Paths ; RF Paths ; FF Paths ;
+------------+----------+----------+----------+----------+----------+
; clk        ; clk      ; 237      ; 0        ; 0        ; 0        ;
+------------+----------+----------+----------+----------+----------+
Entries labeled "false path" only account for clock-to-clock false paths and not path-based false paths. As a result, actual path counts may be lower than reported.


+-------------------------------------------------------------------+
; Hold Transfers                                                    ;
+------------+----------+----------+----------+----------+----------+
; From Clock ; To Clock ; RR Paths ; FR Paths ; RF Paths ; FF Paths ;
+------------+----------+----------+----------+----------+----------+
; clk        ; clk      ; 237      ; 0        ; 0        ; 0        ;
+------------+----------+----------+----------+----------+----------+
Entries labeled "false path" only account for clock-to-clock false paths and not path-based false paths. As a result, actual path counts may be lower than reported.


---------------
; Report TCCS ;
---------------
No dedicated SERDES Transmitter circuitry present in device or used in design


---------------
; Report RSKM ;
---------------
No non-DPA dedicated SERDES Receiver circuitry present in device or used in design


+------------------------------------------------+
; Unconstrained Paths                            ;
+---------------------------------+-------+------+
; Property                        ; Setup ; Hold ;
+---------------------------------+-------+------+
; Illegal Clocks                  ; 0     ; 0    ;
; Unconstrained Clocks            ; 0     ; 0    ;
; Unconstrained Input Ports       ; 18    ; 18   ;
; Unconstrained Input Port Paths  ; 70    ; 70   ;
; Unconstrained Output Ports      ; 13    ; 13   ;
; Unconstrained Output Port Paths ; 17    ; 17   ;
+---------------------------------+-------+------+


+------------------------------------+
; TimeQuest Timing Analyzer Messages ;
+------------------------------------+
Info: *******************************************************************
Info: Running Quartus II 64-Bit TimeQuest Timing Analyzer
    Info: Version 13.1.0 Build 162 10/23/2013 SJ Web Edition
    Info: Processing started: Wed Sep 18 15:47:34 2024
Info: Command: quartus_sta First -c First
Info: qsta_default_script.tcl version: #1
Warning (20028): Parallel compilation is not licensed and has been disabled
Info (21076): High junction temperature operating condition is not set. Assuming a default value of '85'.
Info (21076): Low junction temperature operating condition is not set. Assuming a default value of '0'.
Critical Warning (332012): Synopsys Design Constraints File file not found: 'First.sdc'. A Synopsys Design Constraints File is required by the TimeQuest Timing Analyzer to get proper timing constraints. Without it, the Compiler will not properly optimize the design.
Info (332142): No user constrained base clocks found in the design. Calling "derive_clocks -period 1.0"
Info (332105): Deriving Clocks
    Info (332105): create_clock -period 1.000 -name clk clk
Warning (332125): Found combinational loop of 20 nodes
    Warning (332126): Node "inst5|LPM_ADD_SUB_component|auto_generated|result_int[0]~2|dataa"
    Warning (332126): Node "inst5|LPM_ADD_SUB_component|auto_generated|result_int[0]~2|cout"
    Warning (332126): Node "inst5|LPM_ADD_SUB_component|auto_generated|result_int[1]~3|cin"
    Warning (332126): Node "inst5|LPM_ADD_SUB_component|auto_generated|result_int[1]~3|cout"
    Warning (332126): Node "inst5|LPM_ADD_SUB_component|auto_generated|result_int[2]~5|cin"
    Warning (332126): Node "inst5|LPM_ADD_SUB_component|auto_generated|result_int[2]~5|cout"
    Warning (332126): Node "inst5|LPM_ADD_SUB_component|auto_generated|result_int[3]~7|cin"
    Warning (332126): Node "inst5|LPM_ADD_SUB_component|auto_generated|result_int[3]~7|cout"
    Warning (332126): Node "inst5|LPM_ADD_SUB_component|auto_generated|result_int[4]~9|cin"
    Warning (332126): Node "inst5|LPM_ADD_SUB_component|auto_generated|result_int[4]~9|cout"
    Warning (332126): Node "inst5|LPM_ADD_SUB_component|auto_generated|result_int[5]~11|cin"
    Warning (332126): Node "inst5|LPM_ADD_SUB_component|auto_generated|result_int[5]~11|cout"
    Warning (332126): Node "inst5|LPM_ADD_SUB_component|auto_generated|result_int[6]~13|cin"
    Warning (332126): Node "inst5|LPM_ADD_SUB_component|auto_generated|result_int[6]~13|cout"
    Warning (332126): Node "inst5|LPM_ADD_SUB_component|auto_generated|result_int[7]~15|cin"
    Warning (332126): Node "inst5|LPM_ADD_SUB_component|auto_generated|result_int[7]~15|cout"
    Warning (332126): Node "inst5|LPM_ADD_SUB_component|auto_generated|result_int[8]~17|cin"
    Warning (332126): Node "inst5|LPM_ADD_SUB_component|auto_generated|result_int[8]~17|cout"
    Warning (332126): Node "inst5|LPM_ADD_SUB_component|auto_generated|result_int[9]~19|cin"
    Warning (332126): Node "inst5|LPM_ADD_SUB_component|auto_generated|result_int[9]~19|combout"
Info (332143): No user constrained clock uncertainty found in the design. Calling "derive_clock_uncertainty"
Info (332123): Deriving Clock Uncertainty. Please refer to report_sdc in TimeQuest to see clock uncertainties.
Info: Found TIMEQUEST_REPORT_SCRIPT_INCLUDE_DEFAULT_ANALYSIS = ON
Info: Analyzing Slow 1200mV 85C Model
Critical Warning (332148): Timing requirements not met
    Info (11105): For recommendations on closing timing, run Report Timing Closure Recommendations in the TimeQuest Timing Analyzer.
Info (332146): Worst-case setup slack is -3.042
    Info (332119):     Slack       End Point TNS Clock 
    Info (332119): ========= =================== =====================
    Info (332119):    -3.042             -26.997 clk 
Info (332146): Worst-case hold slack is 0.356
    Info (332119):     Slack       End Point TNS Clock 
    Info (332119): ========= =================== =====================
    Info (332119):     0.356               0.000 clk 
Info (332140): No Recovery paths to report
Info (332140): No Removal paths to report
Info (332146): Worst-case minimum pulse width slack is -3.000
    Info (332119):     Slack       End Point TNS Clock 
    Info (332119): ========= =================== =====================
    Info (332119):    -3.000             -21.000 clk 
Info: Analyzing Slow 1200mV 0C Model
Info (334003): Started post-fitting delay annotation
Info (334004): Delay annotation completed successfully
Info (332123): Deriving Clock Uncertainty. Please refer to report_sdc in TimeQuest to see clock uncertainties.
Critical Warning (332148): Timing requirements not met
    Info (11105): For recommendations on closing timing, run Report Timing Closure Recommendations in the TimeQuest Timing Analyzer.
Info (332146): Worst-case setup slack is -2.601
    Info (332119):     Slack       End Point TNS Clock 
    Info (332119): ========= =================== =====================
    Info (332119):    -2.601             -22.838 clk 
Info (332146): Worst-case hold slack is 0.310
    Info (332119):     Slack       End Point TNS Clock 
    Info (332119): ========= =================== =====================
    Info (332119):     0.310               0.000 clk 
Info (332140): No Recovery paths to report
Info (332140): No Removal paths to report
Info (332146): Worst-case minimum pulse width slack is -3.000
    Info (332119):     Slack       End Point TNS Clock 
    Info (332119): ========= =================== =====================
    Info (332119):    -3.000             -21.000 clk 
Info: Analyzing Fast 1200mV 0C Model
Info (332123): Deriving Clock Uncertainty. Please refer to report_sdc in TimeQuest to see clock uncertainties.
Critical Warning (332148): Timing requirements not met
    Info (11105): For recommendations on closing timing, run Report Timing Closure Recommendations in the TimeQuest Timing Analyzer.
Info (332146): Worst-case setup slack is -1.262
    Info (332119):     Slack       End Point TNS Clock 
    Info (332119): ========= =================== =====================
    Info (332119):    -1.262             -10.653 clk 
Info (332146): Worst-case hold slack is 0.186
    Info (332119):     Slack       End Point TNS Clock 
    Info (332119): ========= =================== =====================
    Info (332119):     0.186               0.000 clk 
Info (332140): No Recovery paths to report
Info (332140): No Removal paths to report
Info (332146): Worst-case minimum pulse width slack is -3.000
    Info (332119):     Slack       End Point TNS Clock 
    Info (332119): ========= =================== =====================
    Info (332119):    -3.000             -21.476 clk 
Info (332102): Design is not fully constrained for setup requirements
Info (332102): Design is not fully constrained for hold requirements
Info: Quartus II 64-Bit TimeQuest Timing Analyzer was successful. 0 errors, 26 warnings
    Info: Peak virtual memory: 4644 megabytes
    Info: Processing ended: Wed Sep 18 15:47:41 2024
    Info: Elapsed time: 00:00:07
    Info: Total CPU time (on all processors): 00:00:06


