TimeQuest Timing Analyzer report for Third
Sun Nov 19 19:32:50 2023
Quartus II 64-Bit Version 13.1.0 Build 162 10/23/2013 SJ Web Edition


---------------------
; Table of Contents ;
---------------------
  1. Legal Notice
  2. TimeQuest Timing Analyzer Summary
  3. Parallel Compilation
  4. Clocks
  5. Slow 1200mV 85C Model Fmax Summary
  6. Timing Closure Recommendations
  7. Slow 1200mV 85C Model Setup Summary
  8. Slow 1200mV 85C Model Hold Summary
  9. Slow 1200mV 85C Model Recovery Summary
 10. Slow 1200mV 85C Model Removal Summary
 11. Slow 1200mV 85C Model Minimum Pulse Width Summary
 12. Slow 1200mV 85C Model Setup: 'clk'
 13. Slow 1200mV 85C Model Hold: 'clk'
 14. Slow 1200mV 85C Model Minimum Pulse Width: 'clk'
 15. Setup Times
 16. Hold Times
 17. Clock to Output Times
 18. Minimum Clock to Output Times
 19. Slow 1200mV 85C Model Metastability Report
 20. Slow 1200mV 0C Model Fmax Summary
 21. Slow 1200mV 0C Model Setup Summary
 22. Slow 1200mV 0C Model Hold Summary
 23. Slow 1200mV 0C Model Recovery Summary
 24. Slow 1200mV 0C Model Removal Summary
 25. Slow 1200mV 0C Model Minimum Pulse Width Summary
 26. Slow 1200mV 0C Model Setup: 'clk'
 27. Slow 1200mV 0C Model Hold: 'clk'
 28. Slow 1200mV 0C Model Minimum Pulse Width: 'clk'
 29. Setup Times
 30. Hold Times
 31. Clock to Output Times
 32. Minimum Clock to Output Times
 33. Slow 1200mV 0C Model Metastability Report
 34. Fast 1200mV 0C Model Setup Summary
 35. Fast 1200mV 0C Model Hold Summary
 36. Fast 1200mV 0C Model Recovery Summary
 37. Fast 1200mV 0C Model Removal Summary
 38. Fast 1200mV 0C Model Minimum Pulse Width Summary
 39. Fast 1200mV 0C Model Setup: 'clk'
 40. Fast 1200mV 0C Model Hold: 'clk'
 41. Fast 1200mV 0C Model Minimum Pulse Width: 'clk'
 42. Setup Times
 43. Hold Times
 44. Clock to Output Times
 45. Minimum Clock to Output Times
 46. Fast 1200mV 0C Model Metastability Report
 47. Multicorner Timing Analysis Summary
 48. Setup Times
 49. Hold Times
 50. Clock to Output Times
 51. Minimum Clock to Output Times
 52. Board Trace Model Assignments
 53. Input Transition Times
 54. Signal Integrity Metrics (Slow 1200mv 0c Model)
 55. Signal Integrity Metrics (Slow 1200mv 85c Model)
 56. Signal Integrity Metrics (Fast 1200mv 0c Model)
 57. Setup Transfers
 58. Hold Transfers
 59. Report TCCS
 60. Report RSKM
 61. Unconstrained Paths
 62. TimeQuest Timing Analyzer Messages



----------------
; Legal Notice ;
----------------
Copyright (C) 1991-2013 Altera Corporation
Your use of Altera Corporation's design tools, logic functions 
and other software and tools, and its AMPP partner logic 
functions, and any output files from any of the foregoing 
(including device programming or simulation files), and any 
associated documentation or information are expressly subject 
to the terms and conditions of the Altera Program License 
Subscription Agreement, Altera MegaCore Function License 
Agreement, or other applicable license agreement, including, 
without limitation, that your use is for the sole purpose of 
programming logic devices manufactured by Altera and sold by 
Altera or its authorized distributors.  Please refer to the 
applicable agreement for further details.



+-------------------------------------------------------------------------+
; TimeQuest Timing Analyzer Summary                                       ;
+--------------------+----------------------------------------------------+
; Quartus II Version ; Version 13.1.0 Build 162 10/23/2013 SJ Web Edition ;
; Revision Name      ; Third                                              ;
; Device Family      ; Cyclone IV GX                                      ;
; Device Name        ; EP4CGX15BF14C6                                     ;
; Timing Models      ; Final                                              ;
; Delay Model        ; Combined                                           ;
; Rise/Fall Delays   ; Enabled                                            ;
+--------------------+----------------------------------------------------+


Parallel compilation was disabled, but you have multiple processors available. Enable parallel compilation to reduce compilation time.
+-------------------------------------+
; Parallel Compilation                ;
+----------------------------+--------+
; Processors                 ; Number ;
+----------------------------+--------+
; Number detected on machine ; 4      ;
; Maximum allowed            ; 1      ;
+----------------------------+--------+


+---------------------------------------------------------------------------------------------------------------------------------------------------------------------------------+
; Clocks                                                                                                                                                                          ;
+------------+------+--------+------------+-------+-------+------------+-----------+-------------+-------+--------+-----------+------------+----------+--------+--------+---------+
; Clock Name ; Type ; Period ; Frequency  ; Rise  ; Fall  ; Duty Cycle ; Divide by ; Multiply by ; Phase ; Offset ; Edge List ; Edge Shift ; Inverted ; Master ; Source ; Targets ;
+------------+------+--------+------------+-------+-------+------------+-----------+-------------+-------+--------+-----------+------------+----------+--------+--------+---------+
; clk        ; Base ; 1.000  ; 1000.0 MHz ; 0.000 ; 0.500 ;            ;           ;             ;       ;        ;           ;            ;          ;        ;        ; { clk } ;
+------------+------+--------+------------+-------+-------+------------+-----------+-------------+-------+--------+-----------+------------+----------+--------+--------+---------+


+-------------------------------------------------+
; Slow 1200mV 85C Model Fmax Summary              ;
+-----------+-----------------+------------+------+
; Fmax      ; Restricted Fmax ; Clock Name ; Note ;
+-----------+-----------------+------------+------+
; 245.1 MHz ; 245.1 MHz       ; clk        ;      ;
+-----------+-----------------+------------+------+
This panel reports FMAX for every clock in the design, regardless of the user-specified clock periods.  FMAX is only computed for paths where the source and destination registers or ports are driven by the same clock.  Paths of different clocks, including generated clocks, are ignored.  For paths between a clock and its inversion, FMAX is computed as if the rising and falling edges are scaled along with FMAX, such that the duty cycle (in terms of a percentage) is maintained. Altera recommends that you always use clock constraints and other slack reports for sign-off analysis.


----------------------------------
; Timing Closure Recommendations ;
----------------------------------
HTML report is unavailable in plain text report export.


+-------------------------------------+
; Slow 1200mV 85C Model Setup Summary ;
+-------+--------+--------------------+
; Clock ; Slack  ; End Point TNS      ;
+-------+--------+--------------------+
; clk   ; -3.080 ; -26.052            ;
+-------+--------+--------------------+


+------------------------------------+
; Slow 1200mV 85C Model Hold Summary ;
+-------+-------+--------------------+
; Clock ; Slack ; End Point TNS      ;
+-------+-------+--------------------+
; clk   ; 0.356 ; 0.000              ;
+-------+-------+--------------------+


------------------------------------------
; Slow 1200mV 85C Model Recovery Summary ;
------------------------------------------
No paths to report.


-----------------------------------------
; Slow 1200mV 85C Model Removal Summary ;
-----------------------------------------
No paths to report.


+---------------------------------------------------+
; Slow 1200mV 85C Model Minimum Pulse Width Summary ;
+-------+--------+----------------------------------+
; Clock ; Slack  ; End Point TNS                    ;
+-------+--------+----------------------------------+
; clk   ; -3.000 ; -21.000                          ;
+-------+--------+----------------------------------+


+--------------------------------------------------------------------------------------------------------+
; Slow 1200mV 85C Model Setup: 'clk'                                                                     ;
+--------+------------+------------+--------------+-------------+--------------+------------+------------+
; Slack  ; From Node  ; To Node    ; Launch Clock ; Latch Clock ; Relationship ; Clock Skew ; Data Delay ;
+--------+------------+------------+--------------+-------------+--------------+------------+------------+
; -3.080 ; rr[2]~reg0 ; rr[7]~reg0 ; clk          ; clk         ; 1.000        ; -0.064     ; 4.011      ;
; -3.066 ; rr[1]~reg0 ; rr[6]~reg0 ; clk          ; clk         ; 1.000        ; -0.064     ; 3.997      ;
; -3.060 ; rr[1]~reg0 ; rr[7]~reg0 ; clk          ; clk         ; 1.000        ; -0.064     ; 3.991      ;
; -3.046 ; rr[5]~reg0 ; rr[6]~reg0 ; clk          ; clk         ; 1.000        ; -0.064     ; 3.977      ;
; -3.040 ; rr[5]~reg0 ; rr[7]~reg0 ; clk          ; clk         ; 1.000        ; -0.064     ; 3.971      ;
; -3.029 ; rr[2]~reg0 ; rr[6]~reg0 ; clk          ; clk         ; 1.000        ; -0.064     ; 3.960      ;
; -3.006 ; rr[0]~reg0 ; rr[7]~reg0 ; clk          ; clk         ; 1.000        ; -0.064     ; 3.937      ;
; -2.964 ; rr[2]~reg0 ; rr[5]~reg0 ; clk          ; clk         ; 1.000        ; -0.064     ; 3.895      ;
; -2.950 ; rr[1]~reg0 ; rr[4]~reg0 ; clk          ; clk         ; 1.000        ; -0.064     ; 3.881      ;
; -2.944 ; rr[1]~reg0 ; rr[5]~reg0 ; clk          ; clk         ; 1.000        ; -0.064     ; 3.875      ;
; -2.943 ; rr[0]~reg0 ; rr[6]~reg0 ; clk          ; clk         ; 1.000        ; -0.064     ; 3.874      ;
; -2.930 ; rr[5]~reg0 ; rr[4]~reg0 ; clk          ; clk         ; 1.000        ; -0.064     ; 3.861      ;
; -2.924 ; rr[5]~reg0 ; rr[5]~reg0 ; clk          ; clk         ; 1.000        ; -0.064     ; 3.855      ;
; -2.916 ; RB[3]      ; rr[6]~reg0 ; clk          ; clk         ; 1.000        ; -0.064     ; 3.847      ;
; -2.913 ; rr[2]~reg0 ; rr[4]~reg0 ; clk          ; clk         ; 1.000        ; -0.064     ; 3.844      ;
; -2.910 ; RB[3]      ; rr[7]~reg0 ; clk          ; clk         ; 1.000        ; -0.064     ; 3.841      ;
; -2.890 ; rr[0]~reg0 ; rr[5]~reg0 ; clk          ; clk         ; 1.000        ; -0.064     ; 3.821      ;
; -2.848 ; rr[2]~reg0 ; rr[3]~reg0 ; clk          ; clk         ; 1.000        ; -0.064     ; 3.779      ;
; -2.834 ; rr[1]~reg0 ; rr[2]~reg0 ; clk          ; clk         ; 1.000        ; -0.064     ; 3.765      ;
; -2.828 ; rr[1]~reg0 ; rr[3]~reg0 ; clk          ; clk         ; 1.000        ; -0.064     ; 3.759      ;
; -2.827 ; rr[0]~reg0 ; rr[4]~reg0 ; clk          ; clk         ; 1.000        ; -0.064     ; 3.758      ;
; -2.815 ; RB[2]      ; rr[7]~reg0 ; clk          ; clk         ; 1.000        ; -0.064     ; 3.746      ;
; -2.814 ; rr[5]~reg0 ; rr[2]~reg0 ; clk          ; clk         ; 1.000        ; -0.064     ; 3.745      ;
; -2.808 ; rr[5]~reg0 ; rr[3]~reg0 ; clk          ; clk         ; 1.000        ; -0.064     ; 3.739      ;
; -2.800 ; RB[3]      ; rr[4]~reg0 ; clk          ; clk         ; 1.000        ; -0.064     ; 3.731      ;
; -2.797 ; rr[2]~reg0 ; rr[2]~reg0 ; clk          ; clk         ; 1.000        ; -0.064     ; 3.728      ;
; -2.794 ; RB[3]      ; rr[5]~reg0 ; clk          ; clk         ; 1.000        ; -0.064     ; 3.725      ;
; -2.774 ; rr[0]~reg0 ; rr[3]~reg0 ; clk          ; clk         ; 1.000        ; -0.064     ; 3.705      ;
; -2.732 ; rr[2]~reg0 ; rr[1]~reg0 ; clk          ; clk         ; 1.000        ; -0.064     ; 3.663      ;
; -2.722 ; RA[0]      ; rr[7]~reg0 ; clk          ; clk         ; 1.000        ; -0.064     ; 3.653      ;
; -2.712 ; rr[1]~reg0 ; rr[1]~reg0 ; clk          ; clk         ; 1.000        ; -0.064     ; 3.643      ;
; -2.711 ; rr[0]~reg0 ; rr[2]~reg0 ; clk          ; clk         ; 1.000        ; -0.064     ; 3.642      ;
; -2.709 ; RB[2]      ; rr[6]~reg0 ; clk          ; clk         ; 1.000        ; -0.064     ; 3.640      ;
; -2.704 ; RA[1]      ; rr[6]~reg0 ; clk          ; clk         ; 1.000        ; -0.064     ; 3.635      ;
; -2.699 ; RB[2]      ; rr[5]~reg0 ; clk          ; clk         ; 1.000        ; -0.064     ; 3.630      ;
; -2.698 ; RA[1]      ; rr[7]~reg0 ; clk          ; clk         ; 1.000        ; -0.064     ; 3.629      ;
; -2.692 ; rr[5]~reg0 ; rr[1]~reg0 ; clk          ; clk         ; 1.000        ; -0.064     ; 3.623      ;
; -2.684 ; RB[3]      ; rr[2]~reg0 ; clk          ; clk         ; 1.000        ; -0.064     ; 3.615      ;
; -2.680 ; rr[3]~reg0 ; rr[6]~reg0 ; clk          ; clk         ; 1.000        ; -0.064     ; 3.611      ;
; -2.678 ; RB[3]      ; rr[3]~reg0 ; clk          ; clk         ; 1.000        ; -0.064     ; 3.609      ;
; -2.674 ; rr[3]~reg0 ; rr[7]~reg0 ; clk          ; clk         ; 1.000        ; -0.064     ; 3.605      ;
; -2.665 ; RB[1]      ; rr[6]~reg0 ; clk          ; clk         ; 1.000        ; -0.064     ; 3.596      ;
; -2.659 ; RB[1]      ; rr[7]~reg0 ; clk          ; clk         ; 1.000        ; -0.064     ; 3.590      ;
; -2.658 ; rr[0]~reg0 ; rr[1]~reg0 ; clk          ; clk         ; 1.000        ; -0.064     ; 3.589      ;
; -2.638 ; RB[0]      ; rr[7]~reg0 ; clk          ; clk         ; 1.000        ; -0.064     ; 3.569      ;
; -2.611 ; RA[2]      ; rr[7]~reg0 ; clk          ; clk         ; 1.000        ; -0.064     ; 3.542      ;
; -2.606 ; RA[0]      ; rr[5]~reg0 ; clk          ; clk         ; 1.000        ; -0.064     ; 3.537      ;
; -2.600 ; RA[0]      ; rr[6]~reg0 ; clk          ; clk         ; 1.000        ; -0.064     ; 3.531      ;
; -2.593 ; RB[2]      ; rr[4]~reg0 ; clk          ; clk         ; 1.000        ; -0.064     ; 3.524      ;
; -2.588 ; RA[1]      ; rr[4]~reg0 ; clk          ; clk         ; 1.000        ; -0.064     ; 3.519      ;
; -2.587 ; RA[3]      ; rr[6]~reg0 ; clk          ; clk         ; 1.000        ; -0.064     ; 3.518      ;
; -2.583 ; RB[2]      ; rr[3]~reg0 ; clk          ; clk         ; 1.000        ; -0.064     ; 3.514      ;
; -2.582 ; RA[1]      ; rr[5]~reg0 ; clk          ; clk         ; 1.000        ; -0.064     ; 3.513      ;
; -2.581 ; RA[3]      ; rr[7]~reg0 ; clk          ; clk         ; 1.000        ; -0.064     ; 3.512      ;
; -2.581 ; rr[4]~reg0 ; rr[7]~reg0 ; clk          ; clk         ; 1.000        ; -0.064     ; 3.512      ;
; -2.564 ; rr[3]~reg0 ; rr[4]~reg0 ; clk          ; clk         ; 1.000        ; -0.064     ; 3.495      ;
; -2.562 ; RB[3]      ; rr[1]~reg0 ; clk          ; clk         ; 1.000        ; -0.064     ; 3.493      ;
; -2.558 ; rr[3]~reg0 ; rr[5]~reg0 ; clk          ; clk         ; 1.000        ; -0.064     ; 3.489      ;
; -2.549 ; RB[1]      ; rr[4]~reg0 ; clk          ; clk         ; 1.000        ; -0.064     ; 3.480      ;
; -2.543 ; RB[1]      ; rr[5]~reg0 ; clk          ; clk         ; 1.000        ; -0.064     ; 3.474      ;
; -2.522 ; RB[0]      ; rr[5]~reg0 ; clk          ; clk         ; 1.000        ; -0.064     ; 3.453      ;
; -2.516 ; RB[0]      ; rr[6]~reg0 ; clk          ; clk         ; 1.000        ; -0.064     ; 3.447      ;
; -2.495 ; RA[2]      ; rr[5]~reg0 ; clk          ; clk         ; 1.000        ; -0.064     ; 3.426      ;
; -2.492 ; rr[4]~reg0 ; rr[6]~reg0 ; clk          ; clk         ; 1.000        ; -0.064     ; 3.423      ;
; -2.490 ; RA[0]      ; rr[3]~reg0 ; clk          ; clk         ; 1.000        ; -0.064     ; 3.421      ;
; -2.489 ; RA[2]      ; rr[6]~reg0 ; clk          ; clk         ; 1.000        ; -0.064     ; 3.420      ;
; -2.484 ; RA[0]      ; rr[4]~reg0 ; clk          ; clk         ; 1.000        ; -0.064     ; 3.415      ;
; -2.477 ; RB[2]      ; rr[2]~reg0 ; clk          ; clk         ; 1.000        ; -0.064     ; 3.408      ;
; -2.472 ; RA[1]      ; rr[2]~reg0 ; clk          ; clk         ; 1.000        ; -0.064     ; 3.403      ;
; -2.471 ; RA[3]      ; rr[4]~reg0 ; clk          ; clk         ; 1.000        ; -0.064     ; 3.402      ;
; -2.467 ; RB[2]      ; rr[1]~reg0 ; clk          ; clk         ; 1.000        ; -0.064     ; 3.398      ;
; -2.466 ; RA[1]      ; rr[3]~reg0 ; clk          ; clk         ; 1.000        ; -0.064     ; 3.397      ;
; -2.465 ; RA[3]      ; rr[5]~reg0 ; clk          ; clk         ; 1.000        ; -0.064     ; 3.396      ;
; -2.465 ; rr[4]~reg0 ; rr[5]~reg0 ; clk          ; clk         ; 1.000        ; -0.064     ; 3.396      ;
; -2.461 ; rr[6]~reg0 ; rr[7]~reg0 ; clk          ; clk         ; 1.000        ; -0.064     ; 3.392      ;
; -2.451 ; rr[7]~reg0 ; rr[6]~reg0 ; clk          ; clk         ; 1.000        ; -0.064     ; 3.382      ;
; -2.448 ; rr[3]~reg0 ; rr[2]~reg0 ; clk          ; clk         ; 1.000        ; -0.064     ; 3.379      ;
; -2.445 ; rr[7]~reg0 ; rr[7]~reg0 ; clk          ; clk         ; 1.000        ; -0.064     ; 3.376      ;
; -2.442 ; rr[3]~reg0 ; rr[3]~reg0 ; clk          ; clk         ; 1.000        ; -0.064     ; 3.373      ;
; -2.433 ; RB[1]      ; rr[2]~reg0 ; clk          ; clk         ; 1.000        ; -0.064     ; 3.364      ;
; -2.427 ; RB[1]      ; rr[3]~reg0 ; clk          ; clk         ; 1.000        ; -0.064     ; 3.358      ;
; -2.406 ; RB[0]      ; rr[3]~reg0 ; clk          ; clk         ; 1.000        ; -0.064     ; 3.337      ;
; -2.402 ; rr[1]~reg0 ; rr[0]~reg0 ; clk          ; clk         ; 1.000        ; -0.064     ; 3.333      ;
; -2.400 ; RB[0]      ; rr[4]~reg0 ; clk          ; clk         ; 1.000        ; -0.064     ; 3.331      ;
; -2.382 ; rr[5]~reg0 ; rr[0]~reg0 ; clk          ; clk         ; 1.000        ; -0.064     ; 3.313      ;
; -2.379 ; RA[2]      ; rr[3]~reg0 ; clk          ; clk         ; 1.000        ; -0.064     ; 3.310      ;
; -2.376 ; rr[4]~reg0 ; rr[4]~reg0 ; clk          ; clk         ; 1.000        ; -0.064     ; 3.307      ;
; -2.374 ; RA[0]      ; rr[1]~reg0 ; clk          ; clk         ; 1.000        ; -0.064     ; 3.305      ;
; -2.373 ; RA[2]      ; rr[4]~reg0 ; clk          ; clk         ; 1.000        ; -0.064     ; 3.304      ;
; -2.370 ; rr[6]~reg0 ; rr[6]~reg0 ; clk          ; clk         ; 1.000        ; -0.064     ; 3.301      ;
; -2.368 ; RA[0]      ; rr[2]~reg0 ; clk          ; clk         ; 1.000        ; -0.064     ; 3.299      ;
; -2.365 ; rr[2]~reg0 ; rr[0]~reg0 ; clk          ; clk         ; 1.000        ; -0.064     ; 3.296      ;
; -2.355 ; RA[3]      ; rr[2]~reg0 ; clk          ; clk         ; 1.000        ; -0.064     ; 3.286      ;
; -2.350 ; RA[1]      ; rr[1]~reg0 ; clk          ; clk         ; 1.000        ; -0.064     ; 3.281      ;
; -2.349 ; RA[3]      ; rr[3]~reg0 ; clk          ; clk         ; 1.000        ; -0.064     ; 3.280      ;
; -2.349 ; rr[4]~reg0 ; rr[3]~reg0 ; clk          ; clk         ; 1.000        ; -0.064     ; 3.280      ;
; -2.345 ; rr[6]~reg0 ; rr[5]~reg0 ; clk          ; clk         ; 1.000        ; -0.064     ; 3.276      ;
; -2.335 ; rr[7]~reg0 ; rr[4]~reg0 ; clk          ; clk         ; 1.000        ; -0.064     ; 3.266      ;
; -2.329 ; rr[7]~reg0 ; rr[5]~reg0 ; clk          ; clk         ; 1.000        ; -0.064     ; 3.260      ;
; -2.326 ; rr[3]~reg0 ; rr[1]~reg0 ; clk          ; clk         ; 1.000        ; -0.064     ; 3.257      ;
+--------+------------+------------+--------------+-------------+--------------+------------+------------+


+------------------------------------------------------------------------------------------------------------+
; Slow 1200mV 85C Model Hold: 'clk'                                                                          ;
+-------+------------+-----------------+--------------+-------------+--------------+------------+------------+
; Slack ; From Node  ; To Node         ; Launch Clock ; Latch Clock ; Relationship ; Clock Skew ; Data Delay ;
+-------+------------+-----------------+--------------+-------------+--------------+------------+------------+
; 0.356 ; RB[3]      ; RB[3]           ; clk          ; clk         ; 0.000        ; 0.064      ; 0.577      ;
; 0.544 ; rr[5]~reg0 ; rr[6]~reg0      ; clk          ; clk         ; 0.000        ; 0.064      ; 0.765      ;
; 0.555 ; rr[0]~reg0 ; rr[1]~reg0      ; clk          ; clk         ; 0.000        ; 0.064      ; 0.776      ;
; 0.555 ; rr[2]~reg0 ; rr[3]~reg0      ; clk          ; clk         ; 0.000        ; 0.064      ; 0.776      ;
; 0.681 ; rr[6]~reg0 ; rr[7]~reg0      ; clk          ; clk         ; 0.000        ; 0.064      ; 0.902      ;
; 0.685 ; rr[2]~reg0 ; priznak[1]~reg0 ; clk          ; clk         ; 0.000        ; 0.064      ; 0.906      ;
; 0.688 ; rr[3]~reg0 ; rr[4]~reg0      ; clk          ; clk         ; 0.000        ; 0.064      ; 0.909      ;
; 0.699 ; rr[1]~reg0 ; rr[2]~reg0      ; clk          ; clk         ; 0.000        ; 0.064      ; 0.920      ;
; 0.741 ; rr[3]~reg0 ; priznak[0]~reg0 ; clk          ; clk         ; 0.000        ; 0.064      ; 0.962      ;
; 0.752 ; rr[3]~reg0 ; priznak[1]~reg0 ; clk          ; clk         ; 0.000        ; 0.064      ; 0.973      ;
; 0.895 ; rr[7]~reg0 ; rr[0]~reg0      ; clk          ; clk         ; 0.000        ; 0.064      ; 1.116      ;
; 0.895 ; rr[4]~reg0 ; priznak[0]~reg0 ; clk          ; clk         ; 0.000        ; 0.064      ; 1.116      ;
; 0.985 ; rr[4]~reg0 ; priznak[1]~reg0 ; clk          ; clk         ; 0.000        ; 0.064      ; 1.206      ;
; 1.117 ; rr[4]~reg0 ; rr[5]~reg0      ; clk          ; clk         ; 0.000        ; 0.064      ; 1.338      ;
; 1.244 ; rr[0]~reg0 ; priznak[1]~reg0 ; clk          ; clk         ; 0.000        ; 0.064      ; 1.465      ;
; 1.336 ; rr[1]~reg0 ; priznak[1]~reg0 ; clk          ; clk         ; 0.000        ; 0.064      ; 1.557      ;
; 1.405 ; RB[1]      ; RB[2]           ; clk          ; clk         ; 0.000        ; 0.064      ; 1.626      ;
; 1.472 ; RA[2]      ; rr[2]~reg0      ; clk          ; clk         ; 0.000        ; 0.064      ; 1.693      ;
; 1.475 ; RA[3]      ; rr[7]~reg0      ; clk          ; clk         ; 0.000        ; 0.064      ; 1.696      ;
; 1.502 ; RB[1]      ; rr[1]~reg0      ; clk          ; clk         ; 0.000        ; 0.064      ; 1.723      ;
; 1.503 ; RA[3]      ; rr[6]~reg0      ; clk          ; clk         ; 0.000        ; 0.064      ; 1.724      ;
; 1.504 ; RA[3]      ; rr[4]~reg0      ; clk          ; clk         ; 0.000        ; 0.064      ; 1.725      ;
; 1.599 ; RA[3]      ; rr[3]~reg0      ; clk          ; clk         ; 0.000        ; 0.064      ; 1.820      ;
; 1.600 ; RA[3]      ; rr[5]~reg0      ; clk          ; clk         ; 0.000        ; 0.064      ; 1.821      ;
; 1.617 ; rr[3]~reg0 ; rr[3]~reg0      ; clk          ; clk         ; 0.000        ; 0.064      ; 1.838      ;
; 1.618 ; rr[7]~reg0 ; rr[7]~reg0      ; clk          ; clk         ; 0.000        ; 0.064      ; 1.839      ;
; 1.630 ; RA[1]      ; rr[1]~reg0      ; clk          ; clk         ; 0.000        ; 0.064      ; 1.851      ;
; 1.649 ; rr[6]~reg0 ; rr[6]~reg0      ; clk          ; clk         ; 0.000        ; 0.064      ; 1.870      ;
; 1.651 ; RA[0]      ; rr[0]~reg0      ; clk          ; clk         ; 0.000        ; 0.064      ; 1.872      ;
; 1.651 ; RB[0]      ; rr[0]~reg0      ; clk          ; clk         ; 0.000        ; 0.064      ; 1.872      ;
; 1.652 ; rr[4]~reg0 ; rr[4]~reg0      ; clk          ; clk         ; 0.000        ; 0.064      ; 1.873      ;
; 1.713 ; RA[2]      ; rr[3]~reg0      ; clk          ; clk         ; 0.000        ; 0.064      ; 1.934      ;
; 1.738 ; RB[0]      ; rr[1]~reg0      ; clk          ; clk         ; 0.000        ; 0.064      ; 1.959      ;
; 1.742 ; RA[0]      ; rr[1]~reg0      ; clk          ; clk         ; 0.000        ; 0.064      ; 1.963      ;
; 1.752 ; RB[3]      ; rr[7]~reg0      ; clk          ; clk         ; 0.000        ; 0.064      ; 1.973      ;
; 1.754 ; RB[3]      ; rr[3]~reg0      ; clk          ; clk         ; 0.000        ; 0.064      ; 1.975      ;
; 1.760 ; RB[0]      ; rr[2]~reg0      ; clk          ; clk         ; 0.000        ; 0.064      ; 1.981      ;
; 1.761 ; RA[2]      ; rr[4]~reg0      ; clk          ; clk         ; 0.000        ; 0.064      ; 1.982      ;
; 1.769 ; RB[2]      ; rr[2]~reg0      ; clk          ; clk         ; 0.000        ; 0.064      ; 1.990      ;
; 1.776 ; RB[1]      ; rr[2]~reg0      ; clk          ; clk         ; 0.000        ; 0.064      ; 1.997      ;
; 1.783 ; RB[3]      ; rr[6]~reg0      ; clk          ; clk         ; 0.000        ; 0.064      ; 2.004      ;
; 1.786 ; RB[3]      ; rr[4]~reg0      ; clk          ; clk         ; 0.000        ; 0.064      ; 2.007      ;
; 1.798 ; RA[3]      ; rr[0]~reg0      ; clk          ; clk         ; 0.000        ; 0.064      ; 2.019      ;
; 1.811 ; rr[1]~reg0 ; rr[1]~reg0      ; clk          ; clk         ; 0.000        ; 0.064      ; 2.032      ;
; 1.820 ; RA[0]      ; rr[2]~reg0      ; clk          ; clk         ; 0.000        ; 0.064      ; 2.041      ;
; 1.821 ; RB[0]      ; rr[3]~reg0      ; clk          ; clk         ; 0.000        ; 0.064      ; 2.042      ;
; 1.825 ; RA[0]      ; rr[3]~reg0      ; clk          ; clk         ; 0.000        ; 0.064      ; 2.046      ;
; 1.826 ; RA[2]      ; rr[5]~reg0      ; clk          ; clk         ; 0.000        ; 0.064      ; 2.047      ;
; 1.858 ; RB[1]      ; rr[3]~reg0      ; clk          ; clk         ; 0.000        ; 0.064      ; 2.079      ;
; 1.869 ; RB[0]      ; rr[4]~reg0      ; clk          ; clk         ; 0.000        ; 0.064      ; 2.090      ;
; 1.873 ; RA[2]      ; rr[6]~reg0      ; clk          ; clk         ; 0.000        ; 0.064      ; 2.094      ;
; 1.887 ; RB[1]      ; rr[4]~reg0      ; clk          ; clk         ; 0.000        ; 0.064      ; 2.108      ;
; 1.892 ; RA[1]      ; rr[3]~reg0      ; clk          ; clk         ; 0.000        ; 0.064      ; 2.113      ;
; 1.902 ; RA[1]      ; rr[2]~reg0      ; clk          ; clk         ; 0.000        ; 0.064      ; 2.123      ;
; 1.921 ; RB[3]      ; rr[5]~reg0      ; clk          ; clk         ; 0.000        ; 0.064      ; 2.142      ;
; 1.929 ; RA[0]      ; rr[4]~reg0      ; clk          ; clk         ; 0.000        ; 0.064      ; 2.150      ;
; 1.931 ; RB[0]      ; RB[1]           ; clk          ; clk         ; 0.000        ; 0.064      ; 2.152      ;
; 1.934 ; RB[0]      ; rr[5]~reg0      ; clk          ; clk         ; 0.000        ; 0.064      ; 2.155      ;
; 1.938 ; RA[2]      ; rr[7]~reg0      ; clk          ; clk         ; 0.000        ; 0.064      ; 2.159      ;
; 1.938 ; RA[0]      ; rr[5]~reg0      ; clk          ; clk         ; 0.000        ; 0.064      ; 2.159      ;
; 1.941 ; rr[4]~reg0 ; rr[6]~reg0      ; clk          ; clk         ; 0.000        ; 0.064      ; 2.162      ;
; 1.948 ; rr[6]~reg0 ; rr[0]~reg0      ; clk          ; clk         ; 0.000        ; 0.064      ; 2.169      ;
; 1.971 ; RB[1]      ; rr[5]~reg0      ; clk          ; clk         ; 0.000        ; 0.064      ; 2.192      ;
; 1.973 ; rr[2]~reg0 ; rr[2]~reg0      ; clk          ; clk         ; 0.000        ; 0.064      ; 2.194      ;
; 1.980 ; rr[5]~reg0 ; rr[5]~reg0      ; clk          ; clk         ; 0.000        ; 0.064      ; 2.201      ;
; 1.981 ; RB[0]      ; rr[6]~reg0      ; clk          ; clk         ; 0.000        ; 0.064      ; 2.202      ;
; 1.990 ; rr[3]~reg0 ; rr[5]~reg0      ; clk          ; clk         ; 0.000        ; 0.064      ; 2.211      ;
; 1.999 ; RB[1]      ; rr[6]~reg0      ; clk          ; clk         ; 0.000        ; 0.064      ; 2.220      ;
; 2.003 ; rr[3]~reg0 ; rr[6]~reg0      ; clk          ; clk         ; 0.000        ; 0.064      ; 2.224      ;
; 2.005 ; RA[1]      ; rr[5]~reg0      ; clk          ; clk         ; 0.000        ; 0.064      ; 2.226      ;
; 2.007 ; rr[0]~reg0 ; rr[0]~reg0      ; clk          ; clk         ; 0.000        ; 0.064      ; 2.228      ;
; 2.011 ; RA[1]      ; rr[4]~reg0      ; clk          ; clk         ; 0.000        ; 0.064      ; 2.232      ;
; 2.013 ; rr[4]~reg0 ; rr[7]~reg0      ; clk          ; clk         ; 0.000        ; 0.064      ; 2.234      ;
; 2.027 ; RB[2]      ; rr[3]~reg0      ; clk          ; clk         ; 0.000        ; 0.064      ; 2.248      ;
; 2.041 ; RA[0]      ; rr[6]~reg0      ; clk          ; clk         ; 0.000        ; 0.064      ; 2.262      ;
; 2.046 ; RB[0]      ; rr[7]~reg0      ; clk          ; clk         ; 0.000        ; 0.064      ; 2.267      ;
; 2.050 ; RA[0]      ; rr[7]~reg0      ; clk          ; clk         ; 0.000        ; 0.064      ; 2.271      ;
; 2.051 ; RA[3]      ; rr[1]~reg0      ; clk          ; clk         ; 0.000        ; 0.064      ; 2.272      ;
; 2.056 ; RB[2]      ; rr[4]~reg0      ; clk          ; clk         ; 0.000        ; 0.064      ; 2.277      ;
; 2.058 ; RA[2]      ; rr[0]~reg0      ; clk          ; clk         ; 0.000        ; 0.064      ; 2.279      ;
; 2.063 ; RB[3]      ; rr[0]~reg0      ; clk          ; clk         ; 0.000        ; 0.064      ; 2.284      ;
; 2.063 ; rr[4]~reg0 ; rr[0]~reg0      ; clk          ; clk         ; 0.000        ; 0.064      ; 2.284      ;
; 2.071 ; RB[1]      ; rr[7]~reg0      ; clk          ; clk         ; 0.000        ; 0.064      ; 2.292      ;
; 2.078 ; RA[3]      ; rr[2]~reg0      ; clk          ; clk         ; 0.000        ; 0.064      ; 2.299      ;
; 2.102 ; rr[3]~reg0 ; rr[7]~reg0      ; clk          ; clk         ; 0.000        ; 0.064      ; 2.323      ;
; 2.116 ; rr[0]~reg0 ; rr[2]~reg0      ; clk          ; clk         ; 0.000        ; 0.064      ; 2.337      ;
; 2.117 ; RA[1]      ; rr[7]~reg0      ; clk          ; clk         ; 0.000        ; 0.064      ; 2.338      ;
; 2.121 ; RB[1]      ; rr[0]~reg0      ; clk          ; clk         ; 0.000        ; 0.064      ; 2.342      ;
; 2.123 ; RA[1]      ; rr[6]~reg0      ; clk          ; clk         ; 0.000        ; 0.064      ; 2.344      ;
; 2.140 ; RB[2]      ; rr[5]~reg0      ; clk          ; clk         ; 0.000        ; 0.064      ; 2.361      ;
; 2.154 ; rr[3]~reg0 ; rr[0]~reg0      ; clk          ; clk         ; 0.000        ; 0.064      ; 2.375      ;
; 2.167 ; rr[1]~reg0 ; rr[3]~reg0      ; clk          ; clk         ; 0.000        ; 0.064      ; 2.388      ;
; 2.168 ; RB[2]      ; rr[6]~reg0      ; clk          ; clk         ; 0.000        ; 0.064      ; 2.389      ;
; 2.196 ; rr[0]~reg0 ; rr[3]~reg0      ; clk          ; clk         ; 0.000        ; 0.064      ; 2.417      ;
; 2.196 ; rr[1]~reg0 ; rr[4]~reg0      ; clk          ; clk         ; 0.000        ; 0.064      ; 2.417      ;
; 2.207 ; rr[7]~reg0 ; rr[1]~reg0      ; clk          ; clk         ; 0.000        ; 0.064      ; 2.428      ;
; 2.209 ; rr[7]~reg0 ; rr[2]~reg0      ; clk          ; clk         ; 0.000        ; 0.064      ; 2.430      ;
; 2.225 ; rr[0]~reg0 ; rr[4]~reg0      ; clk          ; clk         ; 0.000        ; 0.064      ; 2.446      ;
; 2.226 ; rr[6]~reg0 ; rr[1]~reg0      ; clk          ; clk         ; 0.000        ; 0.064      ; 2.447      ;
; 2.228 ; rr[6]~reg0 ; rr[2]~reg0      ; clk          ; clk         ; 0.000        ; 0.064      ; 2.449      ;
+-------+------------+-----------------+--------------+-------------+--------------+------------+------------+


+------------------------------------------------------------------------------------------------------------+
; Slow 1200mV 85C Model Minimum Pulse Width: 'clk'                                                           ;
+--------+--------------+----------------+------------------+-------+------------+---------------------------+
; Slack  ; Actual Width ; Required Width ; Type             ; Clock ; Clock Edge ; Target                    ;
+--------+--------------+----------------+------------------+-------+------------+---------------------------+
; -3.000 ; 1.000        ; 4.000          ; Port Rate        ; clk   ; Rise       ; clk                       ;
; -1.000 ; 1.000        ; 2.000          ; Min Period       ; clk   ; Rise       ; RA[0]                     ;
; -1.000 ; 1.000        ; 2.000          ; Min Period       ; clk   ; Rise       ; RA[1]                     ;
; -1.000 ; 1.000        ; 2.000          ; Min Period       ; clk   ; Rise       ; RA[2]                     ;
; -1.000 ; 1.000        ; 2.000          ; Min Period       ; clk   ; Rise       ; RA[3]                     ;
; -1.000 ; 1.000        ; 2.000          ; Min Period       ; clk   ; Rise       ; RB[0]                     ;
; -1.000 ; 1.000        ; 2.000          ; Min Period       ; clk   ; Rise       ; RB[1]                     ;
; -1.000 ; 1.000        ; 2.000          ; Min Period       ; clk   ; Rise       ; RB[2]                     ;
; -1.000 ; 1.000        ; 2.000          ; Min Period       ; clk   ; Rise       ; RB[3]                     ;
; -1.000 ; 1.000        ; 2.000          ; Min Period       ; clk   ; Rise       ; priznak[0]~reg0           ;
; -1.000 ; 1.000        ; 2.000          ; Min Period       ; clk   ; Rise       ; priznak[1]~reg0           ;
; -1.000 ; 1.000        ; 2.000          ; Min Period       ; clk   ; Rise       ; rr[0]~reg0                ;
; -1.000 ; 1.000        ; 2.000          ; Min Period       ; clk   ; Rise       ; rr[1]~reg0                ;
; -1.000 ; 1.000        ; 2.000          ; Min Period       ; clk   ; Rise       ; rr[2]~reg0                ;
; -1.000 ; 1.000        ; 2.000          ; Min Period       ; clk   ; Rise       ; rr[3]~reg0                ;
; -1.000 ; 1.000        ; 2.000          ; Min Period       ; clk   ; Rise       ; rr[4]~reg0                ;
; -1.000 ; 1.000        ; 2.000          ; Min Period       ; clk   ; Rise       ; rr[5]~reg0                ;
; -1.000 ; 1.000        ; 2.000          ; Min Period       ; clk   ; Rise       ; rr[6]~reg0                ;
; -1.000 ; 1.000        ; 2.000          ; Min Period       ; clk   ; Rise       ; rr[7]~reg0                ;
; 0.216  ; 0.400        ; 0.184          ; Low Pulse Width  ; clk   ; Rise       ; RA[0]                     ;
; 0.216  ; 0.400        ; 0.184          ; Low Pulse Width  ; clk   ; Rise       ; RA[1]                     ;
; 0.216  ; 0.400        ; 0.184          ; Low Pulse Width  ; clk   ; Rise       ; RA[2]                     ;
; 0.216  ; 0.400        ; 0.184          ; Low Pulse Width  ; clk   ; Rise       ; RA[3]                     ;
; 0.216  ; 0.400        ; 0.184          ; Low Pulse Width  ; clk   ; Rise       ; RB[0]                     ;
; 0.216  ; 0.400        ; 0.184          ; Low Pulse Width  ; clk   ; Rise       ; RB[1]                     ;
; 0.216  ; 0.400        ; 0.184          ; Low Pulse Width  ; clk   ; Rise       ; RB[2]                     ;
; 0.216  ; 0.400        ; 0.184          ; Low Pulse Width  ; clk   ; Rise       ; RB[3]                     ;
; 0.216  ; 0.400        ; 0.184          ; Low Pulse Width  ; clk   ; Rise       ; priznak[0]~reg0           ;
; 0.216  ; 0.400        ; 0.184          ; Low Pulse Width  ; clk   ; Rise       ; priznak[1]~reg0           ;
; 0.216  ; 0.400        ; 0.184          ; Low Pulse Width  ; clk   ; Rise       ; rr[0]~reg0                ;
; 0.216  ; 0.400        ; 0.184          ; Low Pulse Width  ; clk   ; Rise       ; rr[1]~reg0                ;
; 0.216  ; 0.400        ; 0.184          ; Low Pulse Width  ; clk   ; Rise       ; rr[2]~reg0                ;
; 0.216  ; 0.400        ; 0.184          ; Low Pulse Width  ; clk   ; Rise       ; rr[3]~reg0                ;
; 0.216  ; 0.400        ; 0.184          ; Low Pulse Width  ; clk   ; Rise       ; rr[4]~reg0                ;
; 0.216  ; 0.400        ; 0.184          ; Low Pulse Width  ; clk   ; Rise       ; rr[5]~reg0                ;
; 0.216  ; 0.400        ; 0.184          ; Low Pulse Width  ; clk   ; Rise       ; rr[6]~reg0                ;
; 0.216  ; 0.400        ; 0.184          ; Low Pulse Width  ; clk   ; Rise       ; rr[7]~reg0                ;
; 0.326  ; 0.326        ; 0.000          ; Low Pulse Width  ; clk   ; Rise       ; clk~input|o               ;
; 0.337  ; 0.337        ; 0.000          ; Low Pulse Width  ; clk   ; Rise       ; clk~inputclkctrl|inclk[0] ;
; 0.337  ; 0.337        ; 0.000          ; Low Pulse Width  ; clk   ; Rise       ; clk~inputclkctrl|outclk   ;
; 0.376  ; 0.376        ; 0.000          ; Low Pulse Width  ; clk   ; Rise       ; RA[0]|clk                 ;
; 0.376  ; 0.376        ; 0.000          ; Low Pulse Width  ; clk   ; Rise       ; RA[1]|clk                 ;
; 0.376  ; 0.376        ; 0.000          ; Low Pulse Width  ; clk   ; Rise       ; RA[2]|clk                 ;
; 0.376  ; 0.376        ; 0.000          ; Low Pulse Width  ; clk   ; Rise       ; RA[3]|clk                 ;
; 0.376  ; 0.376        ; 0.000          ; Low Pulse Width  ; clk   ; Rise       ; RB[0]|clk                 ;
; 0.376  ; 0.376        ; 0.000          ; Low Pulse Width  ; clk   ; Rise       ; RB[1]|clk                 ;
; 0.376  ; 0.376        ; 0.000          ; Low Pulse Width  ; clk   ; Rise       ; RB[2]|clk                 ;
; 0.376  ; 0.376        ; 0.000          ; Low Pulse Width  ; clk   ; Rise       ; RB[3]|clk                 ;
; 0.376  ; 0.376        ; 0.000          ; Low Pulse Width  ; clk   ; Rise       ; priznak[0]~reg0|clk       ;
; 0.376  ; 0.376        ; 0.000          ; Low Pulse Width  ; clk   ; Rise       ; priznak[1]~reg0|clk       ;
; 0.376  ; 0.376        ; 0.000          ; Low Pulse Width  ; clk   ; Rise       ; rr[0]~reg0|clk            ;
; 0.376  ; 0.376        ; 0.000          ; Low Pulse Width  ; clk   ; Rise       ; rr[1]~reg0|clk            ;
; 0.376  ; 0.376        ; 0.000          ; Low Pulse Width  ; clk   ; Rise       ; rr[2]~reg0|clk            ;
; 0.376  ; 0.376        ; 0.000          ; Low Pulse Width  ; clk   ; Rise       ; rr[3]~reg0|clk            ;
; 0.376  ; 0.376        ; 0.000          ; Low Pulse Width  ; clk   ; Rise       ; rr[4]~reg0|clk            ;
; 0.376  ; 0.376        ; 0.000          ; Low Pulse Width  ; clk   ; Rise       ; rr[5]~reg0|clk            ;
; 0.376  ; 0.376        ; 0.000          ; Low Pulse Width  ; clk   ; Rise       ; rr[6]~reg0|clk            ;
; 0.376  ; 0.376        ; 0.000          ; Low Pulse Width  ; clk   ; Rise       ; rr[7]~reg0|clk            ;
; 0.383  ; 0.599        ; 0.216          ; High Pulse Width ; clk   ; Rise       ; RB[3]                     ;
; 0.383  ; 0.599        ; 0.216          ; High Pulse Width ; clk   ; Rise       ; priznak[0]~reg0           ;
; 0.383  ; 0.599        ; 0.216          ; High Pulse Width ; clk   ; Rise       ; priznak[1]~reg0           ;
; 0.383  ; 0.599        ; 0.216          ; High Pulse Width ; clk   ; Rise       ; rr[0]~reg0                ;
; 0.383  ; 0.599        ; 0.216          ; High Pulse Width ; clk   ; Rise       ; rr[1]~reg0                ;
; 0.383  ; 0.599        ; 0.216          ; High Pulse Width ; clk   ; Rise       ; rr[2]~reg0                ;
; 0.383  ; 0.599        ; 0.216          ; High Pulse Width ; clk   ; Rise       ; rr[3]~reg0                ;
; 0.383  ; 0.599        ; 0.216          ; High Pulse Width ; clk   ; Rise       ; rr[4]~reg0                ;
; 0.383  ; 0.599        ; 0.216          ; High Pulse Width ; clk   ; Rise       ; rr[5]~reg0                ;
; 0.383  ; 0.599        ; 0.216          ; High Pulse Width ; clk   ; Rise       ; rr[6]~reg0                ;
; 0.383  ; 0.599        ; 0.216          ; High Pulse Width ; clk   ; Rise       ; rr[7]~reg0                ;
; 0.384  ; 0.600        ; 0.216          ; High Pulse Width ; clk   ; Rise       ; RA[0]                     ;
; 0.384  ; 0.600        ; 0.216          ; High Pulse Width ; clk   ; Rise       ; RA[1]                     ;
; 0.384  ; 0.600        ; 0.216          ; High Pulse Width ; clk   ; Rise       ; RA[2]                     ;
; 0.384  ; 0.600        ; 0.216          ; High Pulse Width ; clk   ; Rise       ; RA[3]                     ;
; 0.384  ; 0.600        ; 0.216          ; High Pulse Width ; clk   ; Rise       ; RB[0]                     ;
; 0.384  ; 0.600        ; 0.216          ; High Pulse Width ; clk   ; Rise       ; RB[1]                     ;
; 0.384  ; 0.600        ; 0.216          ; High Pulse Width ; clk   ; Rise       ; RB[2]                     ;
; 0.500  ; 0.500        ; 0.000          ; High Pulse Width ; clk   ; Rise       ; clk~input|i               ;
; 0.500  ; 0.500        ; 0.000          ; Low Pulse Width  ; clk   ; Rise       ; clk~input|i               ;
; 0.621  ; 0.621        ; 0.000          ; High Pulse Width ; clk   ; Rise       ; RB[3]|clk                 ;
; 0.621  ; 0.621        ; 0.000          ; High Pulse Width ; clk   ; Rise       ; priznak[0]~reg0|clk       ;
; 0.621  ; 0.621        ; 0.000          ; High Pulse Width ; clk   ; Rise       ; priznak[1]~reg0|clk       ;
; 0.621  ; 0.621        ; 0.000          ; High Pulse Width ; clk   ; Rise       ; rr[0]~reg0|clk            ;
; 0.621  ; 0.621        ; 0.000          ; High Pulse Width ; clk   ; Rise       ; rr[1]~reg0|clk            ;
; 0.621  ; 0.621        ; 0.000          ; High Pulse Width ; clk   ; Rise       ; rr[2]~reg0|clk            ;
; 0.621  ; 0.621        ; 0.000          ; High Pulse Width ; clk   ; Rise       ; rr[3]~reg0|clk            ;
; 0.621  ; 0.621        ; 0.000          ; High Pulse Width ; clk   ; Rise       ; rr[4]~reg0|clk            ;
; 0.621  ; 0.621        ; 0.000          ; High Pulse Width ; clk   ; Rise       ; rr[5]~reg0|clk            ;
; 0.621  ; 0.621        ; 0.000          ; High Pulse Width ; clk   ; Rise       ; rr[6]~reg0|clk            ;
; 0.621  ; 0.621        ; 0.000          ; High Pulse Width ; clk   ; Rise       ; rr[7]~reg0|clk            ;
; 0.622  ; 0.622        ; 0.000          ; High Pulse Width ; clk   ; Rise       ; RA[0]|clk                 ;
; 0.622  ; 0.622        ; 0.000          ; High Pulse Width ; clk   ; Rise       ; RA[1]|clk                 ;
; 0.622  ; 0.622        ; 0.000          ; High Pulse Width ; clk   ; Rise       ; RA[2]|clk                 ;
; 0.622  ; 0.622        ; 0.000          ; High Pulse Width ; clk   ; Rise       ; RA[3]|clk                 ;
; 0.622  ; 0.622        ; 0.000          ; High Pulse Width ; clk   ; Rise       ; RB[0]|clk                 ;
; 0.622  ; 0.622        ; 0.000          ; High Pulse Width ; clk   ; Rise       ; RB[1]|clk                 ;
; 0.622  ; 0.622        ; 0.000          ; High Pulse Width ; clk   ; Rise       ; RB[2]|clk                 ;
; 0.662  ; 0.662        ; 0.000          ; High Pulse Width ; clk   ; Rise       ; clk~inputclkctrl|inclk[0] ;
; 0.662  ; 0.662        ; 0.000          ; High Pulse Width ; clk   ; Rise       ; clk~inputclkctrl|outclk   ;
; 0.674  ; 0.674        ; 0.000          ; High Pulse Width ; clk   ; Rise       ; clk~input|o               ;
+--------+--------------+----------------+------------------+-------+------------+---------------------------+


+-------------------------------------------------------------------------+
; Setup Times                                                             ;
+-----------+------------+--------+--------+------------+-----------------+
; Data Port ; Clock Port ; Rise   ; Fall   ; Clock Edge ; Clock Reference ;
+-----------+------------+--------+--------+------------+-----------------+
; a[*]      ; clk        ; 2.541  ; 2.989  ; Rise       ; clk             ;
;  a[0]     ; clk        ; 2.541  ; 2.989  ; Rise       ; clk             ;
;  a[1]     ; clk        ; 1.714  ; 2.164  ; Rise       ; clk             ;
;  a[2]     ; clk        ; 2.270  ; 2.733  ; Rise       ; clk             ;
;  a[3]     ; clk        ; 2.239  ; 2.697  ; Rise       ; clk             ;
; b[*]      ; clk        ; 2.998  ; 3.424  ; Rise       ; clk             ;
;  b[0]     ; clk        ; -0.111 ; 0.074  ; Rise       ; clk             ;
;  b[1]     ; clk        ; 2.998  ; 3.424  ; Rise       ; clk             ;
;  b[2]     ; clk        ; 0.117  ; 0.279  ; Rise       ; clk             ;
;  b[3]     ; clk        ; 2.162  ; 2.616  ; Rise       ; clk             ;
; y[*]      ; clk        ; 5.166  ; 5.649  ; Rise       ; clk             ;
;  y[1]     ; clk        ; -0.037 ; 0.115  ; Rise       ; clk             ;
;  y[2]     ; clk        ; 2.840  ; 3.278  ; Rise       ; clk             ;
;  y[3]     ; clk        ; -0.215 ; -0.075 ; Rise       ; clk             ;
;  y[4]     ; clk        ; 5.166  ; 5.649  ; Rise       ; clk             ;
;  y[5]     ; clk        ; 5.046  ; 5.539  ; Rise       ; clk             ;
;  y[6]     ; clk        ; 2.192  ; 2.617  ; Rise       ; clk             ;
;  y[7]     ; clk        ; 3.044  ; 3.486  ; Rise       ; clk             ;
;  y[8]     ; clk        ; 2.871  ; 3.326  ; Rise       ; clk             ;
;  y[9]     ; clk        ; 5.061  ; 5.544  ; Rise       ; clk             ;
;  y[10]    ; clk        ; 2.214  ; 2.678  ; Rise       ; clk             ;
+-----------+------------+--------+--------+------------+-----------------+


+-------------------------------------------------------------------------+
; Hold Times                                                              ;
+-----------+------------+--------+--------+------------+-----------------+
; Data Port ; Clock Port ; Rise   ; Fall   ; Clock Edge ; Clock Reference ;
+-----------+------------+--------+--------+------------+-----------------+
; a[*]      ; clk        ; -1.339 ; -1.775 ; Rise       ; clk             ;
;  a[0]     ; clk        ; -2.133 ; -2.567 ; Rise       ; clk             ;
;  a[1]     ; clk        ; -1.339 ; -1.775 ; Rise       ; clk             ;
;  a[2]     ; clk        ; -1.873 ; -2.322 ; Rise       ; clk             ;
;  a[3]     ; clk        ; -1.843 ; -2.287 ; Rise       ; clk             ;
; b[*]      ; clk        ; 0.409  ; 0.226  ; Rise       ; clk             ;
;  b[0]     ; clk        ; 0.409  ; 0.226  ; Rise       ; clk             ;
;  b[1]     ; clk        ; -2.557 ; -2.960 ; Rise       ; clk             ;
;  b[2]     ; clk        ; 0.189  ; 0.028  ; Rise       ; clk             ;
;  b[3]     ; clk        ; -1.758 ; -2.187 ; Rise       ; clk             ;
; y[*]      ; clk        ; 0.615  ; 0.424  ; Rise       ; clk             ;
;  y[1]     ; clk        ; 0.228  ; 0.077  ; Rise       ; clk             ;
;  y[2]     ; clk        ; -1.620 ; -2.079 ; Rise       ; clk             ;
;  y[3]     ; clk        ; 0.615  ; 0.424  ; Rise       ; clk             ;
;  y[4]     ; clk        ; -2.865 ; -3.332 ; Rise       ; clk             ;
;  y[5]     ; clk        ; -2.665 ; -3.166 ; Rise       ; clk             ;
;  y[6]     ; clk        ; -1.734 ; -2.197 ; Rise       ; clk             ;
;  y[7]     ; clk        ; -2.727 ; -3.152 ; Rise       ; clk             ;
;  y[8]     ; clk        ; -1.685 ; -2.083 ; Rise       ; clk             ;
;  y[9]     ; clk        ; -2.485 ; -2.923 ; Rise       ; clk             ;
;  y[10]    ; clk        ; -1.924 ; -2.374 ; Rise       ; clk             ;
+-----------+------------+--------+--------+------------+-----------------+


+-------------------------------------------------------------------------+
; Clock to Output Times                                                   ;
+-------------+------------+-------+-------+------------+-----------------+
; Data Port   ; Clock Port ; Rise  ; Fall  ; Clock Edge ; Clock Reference ;
+-------------+------------+-------+-------+------------+-----------------+
; f[*]        ; clk        ; 7.736 ; 7.713 ; Rise       ; clk             ;
;  f[1]       ; clk        ; 6.645 ; 6.624 ; Rise       ; clk             ;
;  f[2]       ; clk        ; 6.649 ; 6.613 ; Rise       ; clk             ;
;  f[3]       ; clk        ; 7.736 ; 7.713 ; Rise       ; clk             ;
; priznak[*]  ; clk        ; 6.510 ; 6.441 ; Rise       ; clk             ;
;  priznak[0] ; clk        ; 6.510 ; 6.441 ; Rise       ; clk             ;
;  priznak[1] ; clk        ; 6.434 ; 6.440 ; Rise       ; clk             ;
; rr[*]       ; clk        ; 6.966 ; 6.934 ; Rise       ; clk             ;
;  rr[0]      ; clk        ; 6.788 ; 6.785 ; Rise       ; clk             ;
;  rr[1]      ; clk        ; 6.159 ; 6.125 ; Rise       ; clk             ;
;  rr[2]      ; clk        ; 6.072 ; 6.031 ; Rise       ; clk             ;
;  rr[3]      ; clk        ; 6.610 ; 6.534 ; Rise       ; clk             ;
;  rr[4]      ; clk        ; 6.273 ; 6.233 ; Rise       ; clk             ;
;  rr[5]      ; clk        ; 6.022 ; 5.939 ; Rise       ; clk             ;
;  rr[6]      ; clk        ; 6.864 ; 6.815 ; Rise       ; clk             ;
;  rr[7]      ; clk        ; 6.966 ; 6.934 ; Rise       ; clk             ;
+-------------+------------+-------+-------+------------+-----------------+


+-------------------------------------------------------------------------+
; Minimum Clock to Output Times                                           ;
+-------------+------------+-------+-------+------------+-----------------+
; Data Port   ; Clock Port ; Rise  ; Fall  ; Clock Edge ; Clock Reference ;
+-------------+------------+-------+-------+------------+-----------------+
; f[*]        ; clk        ; 6.429 ; 6.392 ; Rise       ; clk             ;
;  f[1]       ; clk        ; 6.429 ; 6.405 ; Rise       ; clk             ;
;  f[2]       ; clk        ; 6.429 ; 6.392 ; Rise       ; clk             ;
;  f[3]       ; clk        ; 6.973 ; 6.953 ; Rise       ; clk             ;
; priznak[*]  ; clk        ; 6.222 ; 6.219 ; Rise       ; clk             ;
;  priznak[0] ; clk        ; 6.289 ; 6.219 ; Rise       ; clk             ;
;  priznak[1] ; clk        ; 6.222 ; 6.224 ; Rise       ; clk             ;
; rr[*]       ; clk        ; 5.822 ; 5.738 ; Rise       ; clk             ;
;  rr[0]      ; clk        ; 6.590 ; 6.585 ; Rise       ; clk             ;
;  rr[1]      ; clk        ; 5.960 ; 5.925 ; Rise       ; clk             ;
;  rr[2]      ; clk        ; 5.876 ; 5.834 ; Rise       ; clk             ;
;  rr[3]      ; clk        ; 6.391 ; 6.315 ; Rise       ; clk             ;
;  rr[4]      ; clk        ; 6.067 ; 6.025 ; Rise       ; clk             ;
;  rr[5]      ; clk        ; 5.822 ; 5.738 ; Rise       ; clk             ;
;  rr[6]      ; clk        ; 6.640 ; 6.588 ; Rise       ; clk             ;
;  rr[7]      ; clk        ; 6.736 ; 6.702 ; Rise       ; clk             ;
+-------------+------------+-------+-------+------------+-----------------+


----------------------------------------------
; Slow 1200mV 85C Model Metastability Report ;
----------------------------------------------
No synchronizer chains to report.


+----------------------------------------------------------------------------------------------------------+
; Slow 1200mV 0C Model Fmax Summary                                                                        ;
+-----------+-----------------+------------+---------------------------------------------------------------+
; Fmax      ; Restricted Fmax ; Clock Name ; Note                                                          ;
+-----------+-----------------+------------+---------------------------------------------------------------+
; 274.2 MHz ; 250.0 MHz       ; clk        ; limit due to minimum period restriction (max I/O toggle rate) ;
+-----------+-----------------+------------+---------------------------------------------------------------+
This panel reports FMAX for every clock in the design, regardless of the user-specified clock periods.  FMAX is only computed for paths where the source and destination registers or ports are driven by the same clock.  Paths of different clocks, including generated clocks, are ignored.  For paths between a clock and its inversion, FMAX is computed as if the rising and falling edges are scaled along with FMAX, such that the duty cycle (in terms of a percentage) is maintained. Altera recommends that you always use clock constraints and other slack reports for sign-off analysis.


+------------------------------------+
; Slow 1200mV 0C Model Setup Summary ;
+-------+--------+-------------------+
; Clock ; Slack  ; End Point TNS     ;
+-------+--------+-------------------+
; clk   ; -2.647 ; -21.911           ;
+-------+--------+-------------------+


+-----------------------------------+
; Slow 1200mV 0C Model Hold Summary ;
+-------+-------+-------------------+
; Clock ; Slack ; End Point TNS     ;
+-------+-------+-------------------+
; clk   ; 0.310 ; 0.000             ;
+-------+-------+-------------------+


-----------------------------------------
; Slow 1200mV 0C Model Recovery Summary ;
-----------------------------------------
No paths to report.


----------------------------------------
; Slow 1200mV 0C Model Removal Summary ;
----------------------------------------
No paths to report.


+--------------------------------------------------+
; Slow 1200mV 0C Model Minimum Pulse Width Summary ;
+-------+--------+---------------------------------+
; Clock ; Slack  ; End Point TNS                   ;
+-------+--------+---------------------------------+
; clk   ; -3.000 ; -21.000                         ;
+-------+--------+---------------------------------+


+--------------------------------------------------------------------------------------------------------+
; Slow 1200mV 0C Model Setup: 'clk'                                                                      ;
+--------+------------+------------+--------------+-------------+--------------+------------+------------+
; Slack  ; From Node  ; To Node    ; Launch Clock ; Latch Clock ; Relationship ; Clock Skew ; Data Delay ;
+--------+------------+------------+--------------+-------------+--------------+------------+------------+
; -2.647 ; rr[2]~reg0 ; rr[7]~reg0 ; clk          ; clk         ; 1.000        ; -0.057     ; 3.585      ;
; -2.585 ; rr[1]~reg0 ; rr[6]~reg0 ; clk          ; clk         ; 1.000        ; -0.057     ; 3.523      ;
; -2.577 ; rr[0]~reg0 ; rr[7]~reg0 ; clk          ; clk         ; 1.000        ; -0.057     ; 3.515      ;
; -2.569 ; rr[5]~reg0 ; rr[6]~reg0 ; clk          ; clk         ; 1.000        ; -0.057     ; 3.507      ;
; -2.567 ; rr[1]~reg0 ; rr[7]~reg0 ; clk          ; clk         ; 1.000        ; -0.057     ; 3.505      ;
; -2.562 ; rr[2]~reg0 ; rr[6]~reg0 ; clk          ; clk         ; 1.000        ; -0.057     ; 3.500      ;
; -2.551 ; rr[5]~reg0 ; rr[7]~reg0 ; clk          ; clk         ; 1.000        ; -0.057     ; 3.489      ;
; -2.547 ; rr[2]~reg0 ; rr[5]~reg0 ; clk          ; clk         ; 1.000        ; -0.057     ; 3.485      ;
; -2.485 ; rr[1]~reg0 ; rr[4]~reg0 ; clk          ; clk         ; 1.000        ; -0.057     ; 3.423      ;
; -2.478 ; rr[0]~reg0 ; rr[6]~reg0 ; clk          ; clk         ; 1.000        ; -0.057     ; 3.416      ;
; -2.477 ; rr[0]~reg0 ; rr[5]~reg0 ; clk          ; clk         ; 1.000        ; -0.057     ; 3.415      ;
; -2.469 ; rr[5]~reg0 ; rr[4]~reg0 ; clk          ; clk         ; 1.000        ; -0.057     ; 3.407      ;
; -2.467 ; rr[1]~reg0 ; rr[5]~reg0 ; clk          ; clk         ; 1.000        ; -0.057     ; 3.405      ;
; -2.462 ; rr[2]~reg0 ; rr[4]~reg0 ; clk          ; clk         ; 1.000        ; -0.057     ; 3.400      ;
; -2.458 ; RB[3]      ; rr[6]~reg0 ; clk          ; clk         ; 1.000        ; -0.057     ; 3.396      ;
; -2.451 ; rr[5]~reg0 ; rr[5]~reg0 ; clk          ; clk         ; 1.000        ; -0.057     ; 3.389      ;
; -2.447 ; rr[2]~reg0 ; rr[3]~reg0 ; clk          ; clk         ; 1.000        ; -0.057     ; 3.385      ;
; -2.440 ; RB[3]      ; rr[7]~reg0 ; clk          ; clk         ; 1.000        ; -0.057     ; 3.378      ;
; -2.417 ; RB[2]      ; rr[7]~reg0 ; clk          ; clk         ; 1.000        ; -0.057     ; 3.355      ;
; -2.385 ; rr[1]~reg0 ; rr[2]~reg0 ; clk          ; clk         ; 1.000        ; -0.057     ; 3.323      ;
; -2.378 ; rr[0]~reg0 ; rr[4]~reg0 ; clk          ; clk         ; 1.000        ; -0.057     ; 3.316      ;
; -2.377 ; rr[0]~reg0 ; rr[3]~reg0 ; clk          ; clk         ; 1.000        ; -0.057     ; 3.315      ;
; -2.369 ; rr[5]~reg0 ; rr[2]~reg0 ; clk          ; clk         ; 1.000        ; -0.057     ; 3.307      ;
; -2.367 ; rr[1]~reg0 ; rr[3]~reg0 ; clk          ; clk         ; 1.000        ; -0.057     ; 3.305      ;
; -2.362 ; rr[2]~reg0 ; rr[2]~reg0 ; clk          ; clk         ; 1.000        ; -0.057     ; 3.300      ;
; -2.358 ; RB[3]      ; rr[4]~reg0 ; clk          ; clk         ; 1.000        ; -0.057     ; 3.296      ;
; -2.351 ; rr[5]~reg0 ; rr[3]~reg0 ; clk          ; clk         ; 1.000        ; -0.057     ; 3.289      ;
; -2.347 ; rr[2]~reg0 ; rr[1]~reg0 ; clk          ; clk         ; 1.000        ; -0.057     ; 3.285      ;
; -2.340 ; RB[3]      ; rr[5]~reg0 ; clk          ; clk         ; 1.000        ; -0.057     ; 3.278      ;
; -2.317 ; RB[2]      ; rr[5]~reg0 ; clk          ; clk         ; 1.000        ; -0.057     ; 3.255      ;
; -2.299 ; RB[2]      ; rr[6]~reg0 ; clk          ; clk         ; 1.000        ; -0.057     ; 3.237      ;
; -2.295 ; RA[0]      ; rr[7]~reg0 ; clk          ; clk         ; 1.000        ; -0.057     ; 3.233      ;
; -2.279 ; RA[1]      ; rr[6]~reg0 ; clk          ; clk         ; 1.000        ; -0.057     ; 3.217      ;
; -2.278 ; rr[0]~reg0 ; rr[2]~reg0 ; clk          ; clk         ; 1.000        ; -0.057     ; 3.216      ;
; -2.277 ; rr[0]~reg0 ; rr[1]~reg0 ; clk          ; clk         ; 1.000        ; -0.057     ; 3.215      ;
; -2.275 ; RA[1]      ; rr[7]~reg0 ; clk          ; clk         ; 1.000        ; -0.057     ; 3.213      ;
; -2.267 ; rr[1]~reg0 ; rr[1]~reg0 ; clk          ; clk         ; 1.000        ; -0.057     ; 3.205      ;
; -2.258 ; RB[3]      ; rr[2]~reg0 ; clk          ; clk         ; 1.000        ; -0.057     ; 3.196      ;
; -2.251 ; rr[5]~reg0 ; rr[1]~reg0 ; clk          ; clk         ; 1.000        ; -0.057     ; 3.189      ;
; -2.243 ; rr[3]~reg0 ; rr[6]~reg0 ; clk          ; clk         ; 1.000        ; -0.057     ; 3.181      ;
; -2.240 ; RB[3]      ; rr[3]~reg0 ; clk          ; clk         ; 1.000        ; -0.057     ; 3.178      ;
; -2.231 ; RB[0]      ; rr[7]~reg0 ; clk          ; clk         ; 1.000        ; -0.057     ; 3.169      ;
; -2.229 ; RB[1]      ; rr[6]~reg0 ; clk          ; clk         ; 1.000        ; -0.057     ; 3.167      ;
; -2.225 ; rr[3]~reg0 ; rr[7]~reg0 ; clk          ; clk         ; 1.000        ; -0.057     ; 3.163      ;
; -2.217 ; RB[2]      ; rr[3]~reg0 ; clk          ; clk         ; 1.000        ; -0.057     ; 3.155      ;
; -2.211 ; RB[1]      ; rr[7]~reg0 ; clk          ; clk         ; 1.000        ; -0.057     ; 3.149      ;
; -2.202 ; rr[4]~reg0 ; rr[7]~reg0 ; clk          ; clk         ; 1.000        ; -0.057     ; 3.140      ;
; -2.199 ; RA[2]      ; rr[7]~reg0 ; clk          ; clk         ; 1.000        ; -0.057     ; 3.137      ;
; -2.199 ; RB[2]      ; rr[4]~reg0 ; clk          ; clk         ; 1.000        ; -0.057     ; 3.137      ;
; -2.195 ; RA[0]      ; rr[5]~reg0 ; clk          ; clk         ; 1.000        ; -0.057     ; 3.133      ;
; -2.179 ; RA[1]      ; rr[4]~reg0 ; clk          ; clk         ; 1.000        ; -0.057     ; 3.117      ;
; -2.178 ; RA[3]      ; rr[6]~reg0 ; clk          ; clk         ; 1.000        ; -0.057     ; 3.116      ;
; -2.177 ; RA[0]      ; rr[6]~reg0 ; clk          ; clk         ; 1.000        ; -0.057     ; 3.115      ;
; -2.175 ; RA[1]      ; rr[5]~reg0 ; clk          ; clk         ; 1.000        ; -0.057     ; 3.113      ;
; -2.167 ; RA[3]      ; rr[7]~reg0 ; clk          ; clk         ; 1.000        ; -0.057     ; 3.105      ;
; -2.143 ; rr[3]~reg0 ; rr[4]~reg0 ; clk          ; clk         ; 1.000        ; -0.057     ; 3.081      ;
; -2.140 ; RB[3]      ; rr[1]~reg0 ; clk          ; clk         ; 1.000        ; -0.057     ; 3.078      ;
; -2.131 ; RB[0]      ; rr[5]~reg0 ; clk          ; clk         ; 1.000        ; -0.057     ; 3.069      ;
; -2.129 ; RB[1]      ; rr[4]~reg0 ; clk          ; clk         ; 1.000        ; -0.057     ; 3.067      ;
; -2.125 ; rr[3]~reg0 ; rr[5]~reg0 ; clk          ; clk         ; 1.000        ; -0.057     ; 3.063      ;
; -2.117 ; RB[2]      ; rr[1]~reg0 ; clk          ; clk         ; 1.000        ; -0.057     ; 3.055      ;
; -2.113 ; RB[0]      ; rr[6]~reg0 ; clk          ; clk         ; 1.000        ; -0.057     ; 3.051      ;
; -2.111 ; RB[1]      ; rr[5]~reg0 ; clk          ; clk         ; 1.000        ; -0.057     ; 3.049      ;
; -2.102 ; rr[4]~reg0 ; rr[5]~reg0 ; clk          ; clk         ; 1.000        ; -0.057     ; 3.040      ;
; -2.100 ; rr[6]~reg0 ; rr[7]~reg0 ; clk          ; clk         ; 1.000        ; -0.057     ; 3.038      ;
; -2.099 ; RA[2]      ; rr[5]~reg0 ; clk          ; clk         ; 1.000        ; -0.057     ; 3.037      ;
; -2.099 ; RB[2]      ; rr[2]~reg0 ; clk          ; clk         ; 1.000        ; -0.057     ; 3.037      ;
; -2.095 ; RA[0]      ; rr[3]~reg0 ; clk          ; clk         ; 1.000        ; -0.057     ; 3.033      ;
; -2.084 ; rr[4]~reg0 ; rr[6]~reg0 ; clk          ; clk         ; 1.000        ; -0.057     ; 3.022      ;
; -2.081 ; RA[2]      ; rr[6]~reg0 ; clk          ; clk         ; 1.000        ; -0.057     ; 3.019      ;
; -2.079 ; RA[1]      ; rr[2]~reg0 ; clk          ; clk         ; 1.000        ; -0.057     ; 3.017      ;
; -2.078 ; RA[3]      ; rr[4]~reg0 ; clk          ; clk         ; 1.000        ; -0.057     ; 3.016      ;
; -2.077 ; RA[0]      ; rr[4]~reg0 ; clk          ; clk         ; 1.000        ; -0.057     ; 3.015      ;
; -2.075 ; RA[1]      ; rr[3]~reg0 ; clk          ; clk         ; 1.000        ; -0.057     ; 3.013      ;
; -2.067 ; RA[3]      ; rr[5]~reg0 ; clk          ; clk         ; 1.000        ; -0.057     ; 3.005      ;
; -2.048 ; rr[7]~reg0 ; rr[6]~reg0 ; clk          ; clk         ; 1.000        ; -0.057     ; 2.986      ;
; -2.043 ; rr[3]~reg0 ; rr[2]~reg0 ; clk          ; clk         ; 1.000        ; -0.057     ; 2.981      ;
; -2.031 ; RB[0]      ; rr[3]~reg0 ; clk          ; clk         ; 1.000        ; -0.057     ; 2.969      ;
; -2.030 ; rr[7]~reg0 ; rr[7]~reg0 ; clk          ; clk         ; 1.000        ; -0.057     ; 2.968      ;
; -2.029 ; RB[1]      ; rr[2]~reg0 ; clk          ; clk         ; 1.000        ; -0.057     ; 2.967      ;
; -2.025 ; rr[3]~reg0 ; rr[3]~reg0 ; clk          ; clk         ; 1.000        ; -0.057     ; 2.963      ;
; -2.013 ; RB[0]      ; rr[4]~reg0 ; clk          ; clk         ; 1.000        ; -0.057     ; 2.951      ;
; -2.011 ; RB[1]      ; rr[3]~reg0 ; clk          ; clk         ; 1.000        ; -0.057     ; 2.949      ;
; -2.002 ; rr[4]~reg0 ; rr[3]~reg0 ; clk          ; clk         ; 1.000        ; -0.057     ; 2.940      ;
; -2.000 ; rr[6]~reg0 ; rr[5]~reg0 ; clk          ; clk         ; 1.000        ; -0.057     ; 2.938      ;
; -1.999 ; RA[2]      ; rr[3]~reg0 ; clk          ; clk         ; 1.000        ; -0.057     ; 2.937      ;
; -1.997 ; rr[1]~reg0 ; rr[0]~reg0 ; clk          ; clk         ; 1.000        ; -0.057     ; 2.935      ;
; -1.995 ; RA[0]      ; rr[1]~reg0 ; clk          ; clk         ; 1.000        ; -0.057     ; 2.933      ;
; -1.984 ; rr[4]~reg0 ; rr[4]~reg0 ; clk          ; clk         ; 1.000        ; -0.057     ; 2.922      ;
; -1.982 ; rr[6]~reg0 ; rr[6]~reg0 ; clk          ; clk         ; 1.000        ; -0.057     ; 2.920      ;
; -1.981 ; RA[2]      ; rr[4]~reg0 ; clk          ; clk         ; 1.000        ; -0.057     ; 2.919      ;
; -1.981 ; rr[5]~reg0 ; rr[0]~reg0 ; clk          ; clk         ; 1.000        ; -0.057     ; 2.919      ;
; -1.978 ; RA[3]      ; rr[2]~reg0 ; clk          ; clk         ; 1.000        ; -0.057     ; 2.916      ;
; -1.977 ; RA[0]      ; rr[2]~reg0 ; clk          ; clk         ; 1.000        ; -0.057     ; 2.915      ;
; -1.975 ; RA[1]      ; rr[1]~reg0 ; clk          ; clk         ; 1.000        ; -0.057     ; 2.913      ;
; -1.974 ; rr[2]~reg0 ; rr[0]~reg0 ; clk          ; clk         ; 1.000        ; -0.057     ; 2.912      ;
; -1.967 ; RA[3]      ; rr[3]~reg0 ; clk          ; clk         ; 1.000        ; -0.057     ; 2.905      ;
; -1.948 ; rr[7]~reg0 ; rr[4]~reg0 ; clk          ; clk         ; 1.000        ; -0.057     ; 2.886      ;
; -1.931 ; RB[0]      ; rr[1]~reg0 ; clk          ; clk         ; 1.000        ; -0.057     ; 2.869      ;
; -1.930 ; rr[7]~reg0 ; rr[5]~reg0 ; clk          ; clk         ; 1.000        ; -0.057     ; 2.868      ;
+--------+------------+------------+--------------+-------------+--------------+------------+------------+


+------------------------------------------------------------------------------------------------------------+
; Slow 1200mV 0C Model Hold: 'clk'                                                                           ;
+-------+------------+-----------------+--------------+-------------+--------------+------------+------------+
; Slack ; From Node  ; To Node         ; Launch Clock ; Latch Clock ; Relationship ; Clock Skew ; Data Delay ;
+-------+------------+-----------------+--------------+-------------+--------------+------------+------------+
; 0.310 ; RB[3]      ; RB[3]           ; clk          ; clk         ; 0.000        ; 0.057      ; 0.511      ;
; 0.492 ; rr[5]~reg0 ; rr[6]~reg0      ; clk          ; clk         ; 0.000        ; 0.057      ; 0.693      ;
; 0.502 ; rr[0]~reg0 ; rr[1]~reg0      ; clk          ; clk         ; 0.000        ; 0.057      ; 0.703      ;
; 0.502 ; rr[2]~reg0 ; rr[3]~reg0      ; clk          ; clk         ; 0.000        ; 0.057      ; 0.703      ;
; 0.619 ; rr[6]~reg0 ; rr[7]~reg0      ; clk          ; clk         ; 0.000        ; 0.057      ; 0.820      ;
; 0.626 ; rr[3]~reg0 ; rr[4]~reg0      ; clk          ; clk         ; 0.000        ; 0.057      ; 0.827      ;
; 0.628 ; rr[2]~reg0 ; priznak[1]~reg0 ; clk          ; clk         ; 0.000        ; 0.057      ; 0.829      ;
; 0.636 ; rr[1]~reg0 ; rr[2]~reg0      ; clk          ; clk         ; 0.000        ; 0.057      ; 0.837      ;
; 0.677 ; rr[3]~reg0 ; priznak[0]~reg0 ; clk          ; clk         ; 0.000        ; 0.057      ; 0.878      ;
; 0.689 ; rr[3]~reg0 ; priznak[1]~reg0 ; clk          ; clk         ; 0.000        ; 0.057      ; 0.890      ;
; 0.816 ; rr[7]~reg0 ; rr[0]~reg0      ; clk          ; clk         ; 0.000        ; 0.057      ; 1.017      ;
; 0.817 ; rr[4]~reg0 ; priznak[0]~reg0 ; clk          ; clk         ; 0.000        ; 0.057      ; 1.018      ;
; 0.898 ; rr[4]~reg0 ; priznak[1]~reg0 ; clk          ; clk         ; 0.000        ; 0.057      ; 1.099      ;
; 1.021 ; rr[4]~reg0 ; rr[5]~reg0      ; clk          ; clk         ; 0.000        ; 0.057      ; 1.222      ;
; 1.130 ; rr[0]~reg0 ; priznak[1]~reg0 ; clk          ; clk         ; 0.000        ; 0.057      ; 1.331      ;
; 1.208 ; rr[1]~reg0 ; priznak[1]~reg0 ; clk          ; clk         ; 0.000        ; 0.057      ; 1.409      ;
; 1.296 ; RB[1]      ; RB[2]           ; clk          ; clk         ; 0.000        ; 0.057      ; 1.497      ;
; 1.322 ; RA[3]      ; rr[7]~reg0      ; clk          ; clk         ; 0.000        ; 0.057      ; 1.523      ;
; 1.325 ; RA[2]      ; rr[2]~reg0      ; clk          ; clk         ; 0.000        ; 0.057      ; 1.526      ;
; 1.364 ; RA[3]      ; rr[4]~reg0      ; clk          ; clk         ; 0.000        ; 0.057      ; 1.565      ;
; 1.364 ; RA[3]      ; rr[6]~reg0      ; clk          ; clk         ; 0.000        ; 0.057      ; 1.565      ;
; 1.368 ; RB[1]      ; rr[1]~reg0      ; clk          ; clk         ; 0.000        ; 0.057      ; 1.569      ;
; 1.431 ; RA[3]      ; rr[3]~reg0      ; clk          ; clk         ; 0.000        ; 0.057      ; 1.632      ;
; 1.437 ; RA[3]      ; rr[5]~reg0      ; clk          ; clk         ; 0.000        ; 0.057      ; 1.638      ;
; 1.466 ; RA[1]      ; rr[1]~reg0      ; clk          ; clk         ; 0.000        ; 0.057      ; 1.667      ;
; 1.470 ; rr[7]~reg0 ; rr[7]~reg0      ; clk          ; clk         ; 0.000        ; 0.057      ; 1.671      ;
; 1.479 ; RA[0]      ; rr[0]~reg0      ; clk          ; clk         ; 0.000        ; 0.057      ; 1.680      ;
; 1.481 ; rr[3]~reg0 ; rr[3]~reg0      ; clk          ; clk         ; 0.000        ; 0.057      ; 1.682      ;
; 1.481 ; RB[0]      ; rr[0]~reg0      ; clk          ; clk         ; 0.000        ; 0.057      ; 1.682      ;
; 1.508 ; rr[6]~reg0 ; rr[6]~reg0      ; clk          ; clk         ; 0.000        ; 0.057      ; 1.709      ;
; 1.511 ; rr[4]~reg0 ; rr[4]~reg0      ; clk          ; clk         ; 0.000        ; 0.057      ; 1.712      ;
; 1.551 ; RA[2]      ; rr[3]~reg0      ; clk          ; clk         ; 0.000        ; 0.057      ; 1.752      ;
; 1.559 ; RB[0]      ; rr[1]~reg0      ; clk          ; clk         ; 0.000        ; 0.057      ; 1.760      ;
; 1.576 ; RA[0]      ; rr[1]~reg0      ; clk          ; clk         ; 0.000        ; 0.057      ; 1.777      ;
; 1.592 ; RB[0]      ; rr[2]~reg0      ; clk          ; clk         ; 0.000        ; 0.057      ; 1.793      ;
; 1.592 ; RB[3]      ; rr[7]~reg0      ; clk          ; clk         ; 0.000        ; 0.057      ; 1.793      ;
; 1.593 ; RA[2]      ; rr[4]~reg0      ; clk          ; clk         ; 0.000        ; 0.057      ; 1.794      ;
; 1.599 ; RA[3]      ; rr[0]~reg0      ; clk          ; clk         ; 0.000        ; 0.057      ; 1.800      ;
; 1.606 ; RB[3]      ; rr[3]~reg0      ; clk          ; clk         ; 0.000        ; 0.057      ; 1.807      ;
; 1.613 ; RB[1]      ; rr[2]~reg0      ; clk          ; clk         ; 0.000        ; 0.057      ; 1.814      ;
; 1.614 ; RB[2]      ; rr[2]~reg0      ; clk          ; clk         ; 0.000        ; 0.057      ; 1.815      ;
; 1.628 ; RB[0]      ; rr[3]~reg0      ; clk          ; clk         ; 0.000        ; 0.057      ; 1.829      ;
; 1.631 ; RB[3]      ; rr[6]~reg0      ; clk          ; clk         ; 0.000        ; 0.057      ; 1.832      ;
; 1.633 ; RB[3]      ; rr[4]~reg0      ; clk          ; clk         ; 0.000        ; 0.057      ; 1.834      ;
; 1.633 ; RA[0]      ; rr[2]~reg0      ; clk          ; clk         ; 0.000        ; 0.057      ; 1.834      ;
; 1.645 ; RA[0]      ; rr[3]~reg0      ; clk          ; clk         ; 0.000        ; 0.057      ; 1.846      ;
; 1.647 ; RA[2]      ; rr[5]~reg0      ; clk          ; clk         ; 0.000        ; 0.057      ; 1.848      ;
; 1.652 ; rr[1]~reg0 ; rr[1]~reg0      ; clk          ; clk         ; 0.000        ; 0.057      ; 1.853      ;
; 1.667 ; RB[1]      ; rr[3]~reg0      ; clk          ; clk         ; 0.000        ; 0.057      ; 1.868      ;
; 1.685 ; RB[0]      ; rr[4]~reg0      ; clk          ; clk         ; 0.000        ; 0.057      ; 1.886      ;
; 1.689 ; RA[2]      ; rr[6]~reg0      ; clk          ; clk         ; 0.000        ; 0.057      ; 1.890      ;
; 1.707 ; RA[1]      ; rr[2]~reg0      ; clk          ; clk         ; 0.000        ; 0.057      ; 1.908      ;
; 1.708 ; RB[1]      ; rr[4]~reg0      ; clk          ; clk         ; 0.000        ; 0.057      ; 1.909      ;
; 1.716 ; RA[1]      ; rr[3]~reg0      ; clk          ; clk         ; 0.000        ; 0.057      ; 1.917      ;
; 1.723 ; RB[0]      ; RB[1]           ; clk          ; clk         ; 0.000        ; 0.057      ; 1.924      ;
; 1.724 ; RB[0]      ; rr[5]~reg0      ; clk          ; clk         ; 0.000        ; 0.057      ; 1.925      ;
; 1.726 ; RA[0]      ; rr[4]~reg0      ; clk          ; clk         ; 0.000        ; 0.057      ; 1.927      ;
; 1.734 ; RA[2]      ; rr[7]~reg0      ; clk          ; clk         ; 0.000        ; 0.057      ; 1.935      ;
; 1.741 ; RA[0]      ; rr[5]~reg0      ; clk          ; clk         ; 0.000        ; 0.057      ; 1.942      ;
; 1.762 ; RB[3]      ; rr[5]~reg0      ; clk          ; clk         ; 0.000        ; 0.057      ; 1.963      ;
; 1.768 ; rr[4]~reg0 ; rr[6]~reg0      ; clk          ; clk         ; 0.000        ; 0.057      ; 1.969      ;
; 1.769 ; RB[1]      ; rr[5]~reg0      ; clk          ; clk         ; 0.000        ; 0.057      ; 1.970      ;
; 1.775 ; rr[6]~reg0 ; rr[0]~reg0      ; clk          ; clk         ; 0.000        ; 0.057      ; 1.976      ;
; 1.781 ; RB[0]      ; rr[6]~reg0      ; clk          ; clk         ; 0.000        ; 0.057      ; 1.982      ;
; 1.791 ; rr[3]~reg0 ; rr[5]~reg0      ; clk          ; clk         ; 0.000        ; 0.057      ; 1.992      ;
; 1.800 ; RA[1]      ; rr[4]~reg0      ; clk          ; clk         ; 0.000        ; 0.057      ; 2.001      ;
; 1.803 ; rr[2]~reg0 ; rr[2]~reg0      ; clk          ; clk         ; 0.000        ; 0.057      ; 2.004      ;
; 1.804 ; rr[4]~reg0 ; rr[7]~reg0      ; clk          ; clk         ; 0.000        ; 0.057      ; 2.005      ;
; 1.804 ; RB[1]      ; rr[6]~reg0      ; clk          ; clk         ; 0.000        ; 0.057      ; 2.005      ;
; 1.811 ; RB[0]      ; rr[7]~reg0      ; clk          ; clk         ; 0.000        ; 0.057      ; 2.012      ;
; 1.812 ; RA[1]      ; rr[5]~reg0      ; clk          ; clk         ; 0.000        ; 0.057      ; 2.013      ;
; 1.813 ; rr[0]~reg0 ; rr[0]~reg0      ; clk          ; clk         ; 0.000        ; 0.057      ; 2.014      ;
; 1.813 ; rr[5]~reg0 ; rr[5]~reg0      ; clk          ; clk         ; 0.000        ; 0.057      ; 2.014      ;
; 1.822 ; RA[0]      ; rr[6]~reg0      ; clk          ; clk         ; 0.000        ; 0.057      ; 2.023      ;
; 1.822 ; rr[3]~reg0 ; rr[6]~reg0      ; clk          ; clk         ; 0.000        ; 0.057      ; 2.023      ;
; 1.825 ; RB[2]      ; rr[3]~reg0      ; clk          ; clk         ; 0.000        ; 0.057      ; 2.026      ;
; 1.825 ; RA[3]      ; rr[1]~reg0      ; clk          ; clk         ; 0.000        ; 0.057      ; 2.026      ;
; 1.828 ; RA[0]      ; rr[7]~reg0      ; clk          ; clk         ; 0.000        ; 0.057      ; 2.029      ;
; 1.837 ; RA[2]      ; rr[0]~reg0      ; clk          ; clk         ; 0.000        ; 0.057      ; 2.038      ;
; 1.840 ; RB[1]      ; rr[7]~reg0      ; clk          ; clk         ; 0.000        ; 0.057      ; 2.041      ;
; 1.863 ; RA[3]      ; rr[2]~reg0      ; clk          ; clk         ; 0.000        ; 0.057      ; 2.064      ;
; 1.875 ; rr[4]~reg0 ; rr[0]~reg0      ; clk          ; clk         ; 0.000        ; 0.057      ; 2.076      ;
; 1.877 ; RB[2]      ; rr[4]~reg0      ; clk          ; clk         ; 0.000        ; 0.057      ; 2.078      ;
; 1.883 ; RB[3]      ; rr[0]~reg0      ; clk          ; clk         ; 0.000        ; 0.057      ; 2.084      ;
; 1.883 ; rr[3]~reg0 ; rr[7]~reg0      ; clk          ; clk         ; 0.000        ; 0.057      ; 2.084      ;
; 1.896 ; RA[1]      ; rr[6]~reg0      ; clk          ; clk         ; 0.000        ; 0.057      ; 2.097      ;
; 1.899 ; RA[1]      ; rr[7]~reg0      ; clk          ; clk         ; 0.000        ; 0.057      ; 2.100      ;
; 1.911 ; RB[1]      ; rr[0]~reg0      ; clk          ; clk         ; 0.000        ; 0.057      ; 2.112      ;
; 1.921 ; RB[2]      ; rr[5]~reg0      ; clk          ; clk         ; 0.000        ; 0.057      ; 2.122      ;
; 1.924 ; rr[0]~reg0 ; rr[2]~reg0      ; clk          ; clk         ; 0.000        ; 0.057      ; 2.125      ;
; 1.951 ; rr[1]~reg0 ; rr[3]~reg0      ; clk          ; clk         ; 0.000        ; 0.057      ; 2.152      ;
; 1.954 ; rr[3]~reg0 ; rr[0]~reg0      ; clk          ; clk         ; 0.000        ; 0.057      ; 2.155      ;
; 1.973 ; RB[2]      ; rr[6]~reg0      ; clk          ; clk         ; 0.000        ; 0.057      ; 2.174      ;
; 1.976 ; rr[0]~reg0 ; rr[3]~reg0      ; clk          ; clk         ; 0.000        ; 0.057      ; 2.177      ;
; 1.992 ; rr[1]~reg0 ; rr[4]~reg0      ; clk          ; clk         ; 0.000        ; 0.057      ; 2.193      ;
; 2.000 ; rr[7]~reg0 ; rr[1]~reg0      ; clk          ; clk         ; 0.000        ; 0.057      ; 2.201      ;
; 2.003 ; RA[1]      ; rr[0]~reg0      ; clk          ; clk         ; 0.000        ; 0.057      ; 2.204      ;
; 2.007 ; rr[7]~reg0 ; rr[2]~reg0      ; clk          ; clk         ; 0.000        ; 0.057      ; 2.208      ;
; 2.008 ; RB[2]      ; rr[7]~reg0      ; clk          ; clk         ; 0.000        ; 0.057      ; 2.209      ;
; 2.014 ; rr[6]~reg0 ; rr[1]~reg0      ; clk          ; clk         ; 0.000        ; 0.057      ; 2.215      ;
+-------+------------+-----------------+--------------+-------------+--------------+------------+------------+


+------------------------------------------------------------------------------------------------------------+
; Slow 1200mV 0C Model Minimum Pulse Width: 'clk'                                                            ;
+--------+--------------+----------------+------------------+-------+------------+---------------------------+
; Slack  ; Actual Width ; Required Width ; Type             ; Clock ; Clock Edge ; Target                    ;
+--------+--------------+----------------+------------------+-------+------------+---------------------------+
; -3.000 ; 1.000        ; 4.000          ; Port Rate        ; clk   ; Rise       ; clk                       ;
; -1.000 ; 1.000        ; 2.000          ; Min Period       ; clk   ; Rise       ; RA[0]                     ;
; -1.000 ; 1.000        ; 2.000          ; Min Period       ; clk   ; Rise       ; RA[1]                     ;
; -1.000 ; 1.000        ; 2.000          ; Min Period       ; clk   ; Rise       ; RA[2]                     ;
; -1.000 ; 1.000        ; 2.000          ; Min Period       ; clk   ; Rise       ; RA[3]                     ;
; -1.000 ; 1.000        ; 2.000          ; Min Period       ; clk   ; Rise       ; RB[0]                     ;
; -1.000 ; 1.000        ; 2.000          ; Min Period       ; clk   ; Rise       ; RB[1]                     ;
; -1.000 ; 1.000        ; 2.000          ; Min Period       ; clk   ; Rise       ; RB[2]                     ;
; -1.000 ; 1.000        ; 2.000          ; Min Period       ; clk   ; Rise       ; RB[3]                     ;
; -1.000 ; 1.000        ; 2.000          ; Min Period       ; clk   ; Rise       ; priznak[0]~reg0           ;
; -1.000 ; 1.000        ; 2.000          ; Min Period       ; clk   ; Rise       ; priznak[1]~reg0           ;
; -1.000 ; 1.000        ; 2.000          ; Min Period       ; clk   ; Rise       ; rr[0]~reg0                ;
; -1.000 ; 1.000        ; 2.000          ; Min Period       ; clk   ; Rise       ; rr[1]~reg0                ;
; -1.000 ; 1.000        ; 2.000          ; Min Period       ; clk   ; Rise       ; rr[2]~reg0                ;
; -1.000 ; 1.000        ; 2.000          ; Min Period       ; clk   ; Rise       ; rr[3]~reg0                ;
; -1.000 ; 1.000        ; 2.000          ; Min Period       ; clk   ; Rise       ; rr[4]~reg0                ;
; -1.000 ; 1.000        ; 2.000          ; Min Period       ; clk   ; Rise       ; rr[5]~reg0                ;
; -1.000 ; 1.000        ; 2.000          ; Min Period       ; clk   ; Rise       ; rr[6]~reg0                ;
; -1.000 ; 1.000        ; 2.000          ; Min Period       ; clk   ; Rise       ; rr[7]~reg0                ;
; 0.216  ; 0.400        ; 0.184          ; Low Pulse Width  ; clk   ; Rise       ; RA[0]                     ;
; 0.216  ; 0.400        ; 0.184          ; Low Pulse Width  ; clk   ; Rise       ; RA[1]                     ;
; 0.216  ; 0.400        ; 0.184          ; Low Pulse Width  ; clk   ; Rise       ; RA[2]                     ;
; 0.216  ; 0.400        ; 0.184          ; Low Pulse Width  ; clk   ; Rise       ; RA[3]                     ;
; 0.216  ; 0.400        ; 0.184          ; Low Pulse Width  ; clk   ; Rise       ; RB[0]                     ;
; 0.216  ; 0.400        ; 0.184          ; Low Pulse Width  ; clk   ; Rise       ; RB[1]                     ;
; 0.216  ; 0.400        ; 0.184          ; Low Pulse Width  ; clk   ; Rise       ; RB[2]                     ;
; 0.216  ; 0.400        ; 0.184          ; Low Pulse Width  ; clk   ; Rise       ; RB[3]                     ;
; 0.216  ; 0.400        ; 0.184          ; Low Pulse Width  ; clk   ; Rise       ; rr[0]~reg0                ;
; 0.216  ; 0.400        ; 0.184          ; Low Pulse Width  ; clk   ; Rise       ; rr[1]~reg0                ;
; 0.216  ; 0.400        ; 0.184          ; Low Pulse Width  ; clk   ; Rise       ; rr[2]~reg0                ;
; 0.216  ; 0.400        ; 0.184          ; Low Pulse Width  ; clk   ; Rise       ; rr[3]~reg0                ;
; 0.216  ; 0.400        ; 0.184          ; Low Pulse Width  ; clk   ; Rise       ; rr[4]~reg0                ;
; 0.216  ; 0.400        ; 0.184          ; Low Pulse Width  ; clk   ; Rise       ; rr[5]~reg0                ;
; 0.216  ; 0.400        ; 0.184          ; Low Pulse Width  ; clk   ; Rise       ; rr[6]~reg0                ;
; 0.216  ; 0.400        ; 0.184          ; Low Pulse Width  ; clk   ; Rise       ; rr[7]~reg0                ;
; 0.217  ; 0.401        ; 0.184          ; Low Pulse Width  ; clk   ; Rise       ; priznak[0]~reg0           ;
; 0.217  ; 0.401        ; 0.184          ; Low Pulse Width  ; clk   ; Rise       ; priznak[1]~reg0           ;
; 0.344  ; 0.344        ; 0.000          ; Low Pulse Width  ; clk   ; Rise       ; clk~input|o               ;
; 0.346  ; 0.346        ; 0.000          ; Low Pulse Width  ; clk   ; Rise       ; clk~inputclkctrl|inclk[0] ;
; 0.346  ; 0.346        ; 0.000          ; Low Pulse Width  ; clk   ; Rise       ; clk~inputclkctrl|outclk   ;
; 0.376  ; 0.376        ; 0.000          ; Low Pulse Width  ; clk   ; Rise       ; RA[0]|clk                 ;
; 0.376  ; 0.376        ; 0.000          ; Low Pulse Width  ; clk   ; Rise       ; RA[1]|clk                 ;
; 0.376  ; 0.376        ; 0.000          ; Low Pulse Width  ; clk   ; Rise       ; RA[2]|clk                 ;
; 0.376  ; 0.376        ; 0.000          ; Low Pulse Width  ; clk   ; Rise       ; RA[3]|clk                 ;
; 0.376  ; 0.376        ; 0.000          ; Low Pulse Width  ; clk   ; Rise       ; RB[0]|clk                 ;
; 0.376  ; 0.376        ; 0.000          ; Low Pulse Width  ; clk   ; Rise       ; RB[1]|clk                 ;
; 0.376  ; 0.376        ; 0.000          ; Low Pulse Width  ; clk   ; Rise       ; RB[2]|clk                 ;
; 0.376  ; 0.376        ; 0.000          ; Low Pulse Width  ; clk   ; Rise       ; RB[3]|clk                 ;
; 0.376  ; 0.376        ; 0.000          ; Low Pulse Width  ; clk   ; Rise       ; rr[0]~reg0|clk            ;
; 0.376  ; 0.376        ; 0.000          ; Low Pulse Width  ; clk   ; Rise       ; rr[1]~reg0|clk            ;
; 0.376  ; 0.376        ; 0.000          ; Low Pulse Width  ; clk   ; Rise       ; rr[2]~reg0|clk            ;
; 0.376  ; 0.376        ; 0.000          ; Low Pulse Width  ; clk   ; Rise       ; rr[3]~reg0|clk            ;
; 0.376  ; 0.376        ; 0.000          ; Low Pulse Width  ; clk   ; Rise       ; rr[4]~reg0|clk            ;
; 0.376  ; 0.376        ; 0.000          ; Low Pulse Width  ; clk   ; Rise       ; rr[5]~reg0|clk            ;
; 0.376  ; 0.376        ; 0.000          ; Low Pulse Width  ; clk   ; Rise       ; rr[6]~reg0|clk            ;
; 0.376  ; 0.376        ; 0.000          ; Low Pulse Width  ; clk   ; Rise       ; rr[7]~reg0|clk            ;
; 0.377  ; 0.377        ; 0.000          ; Low Pulse Width  ; clk   ; Rise       ; priznak[0]~reg0|clk       ;
; 0.377  ; 0.377        ; 0.000          ; Low Pulse Width  ; clk   ; Rise       ; priznak[1]~reg0|clk       ;
; 0.382  ; 0.598        ; 0.216          ; High Pulse Width ; clk   ; Rise       ; RB[3]                     ;
; 0.382  ; 0.598        ; 0.216          ; High Pulse Width ; clk   ; Rise       ; priznak[0]~reg0           ;
; 0.382  ; 0.598        ; 0.216          ; High Pulse Width ; clk   ; Rise       ; priznak[1]~reg0           ;
; 0.382  ; 0.598        ; 0.216          ; High Pulse Width ; clk   ; Rise       ; rr[0]~reg0                ;
; 0.382  ; 0.598        ; 0.216          ; High Pulse Width ; clk   ; Rise       ; rr[1]~reg0                ;
; 0.382  ; 0.598        ; 0.216          ; High Pulse Width ; clk   ; Rise       ; rr[2]~reg0                ;
; 0.382  ; 0.598        ; 0.216          ; High Pulse Width ; clk   ; Rise       ; rr[3]~reg0                ;
; 0.382  ; 0.598        ; 0.216          ; High Pulse Width ; clk   ; Rise       ; rr[4]~reg0                ;
; 0.382  ; 0.598        ; 0.216          ; High Pulse Width ; clk   ; Rise       ; rr[5]~reg0                ;
; 0.382  ; 0.598        ; 0.216          ; High Pulse Width ; clk   ; Rise       ; rr[6]~reg0                ;
; 0.382  ; 0.598        ; 0.216          ; High Pulse Width ; clk   ; Rise       ; rr[7]~reg0                ;
; 0.383  ; 0.599        ; 0.216          ; High Pulse Width ; clk   ; Rise       ; RA[0]                     ;
; 0.383  ; 0.599        ; 0.216          ; High Pulse Width ; clk   ; Rise       ; RA[1]                     ;
; 0.383  ; 0.599        ; 0.216          ; High Pulse Width ; clk   ; Rise       ; RA[2]                     ;
; 0.383  ; 0.599        ; 0.216          ; High Pulse Width ; clk   ; Rise       ; RA[3]                     ;
; 0.383  ; 0.599        ; 0.216          ; High Pulse Width ; clk   ; Rise       ; RB[0]                     ;
; 0.383  ; 0.599        ; 0.216          ; High Pulse Width ; clk   ; Rise       ; RB[1]                     ;
; 0.383  ; 0.599        ; 0.216          ; High Pulse Width ; clk   ; Rise       ; RB[2]                     ;
; 0.500  ; 0.500        ; 0.000          ; High Pulse Width ; clk   ; Rise       ; clk~input|i               ;
; 0.500  ; 0.500        ; 0.000          ; Low Pulse Width  ; clk   ; Rise       ; clk~input|i               ;
; 0.622  ; 0.622        ; 0.000          ; High Pulse Width ; clk   ; Rise       ; RB[3]|clk                 ;
; 0.622  ; 0.622        ; 0.000          ; High Pulse Width ; clk   ; Rise       ; priznak[0]~reg0|clk       ;
; 0.622  ; 0.622        ; 0.000          ; High Pulse Width ; clk   ; Rise       ; priznak[1]~reg0|clk       ;
; 0.622  ; 0.622        ; 0.000          ; High Pulse Width ; clk   ; Rise       ; rr[0]~reg0|clk            ;
; 0.622  ; 0.622        ; 0.000          ; High Pulse Width ; clk   ; Rise       ; rr[1]~reg0|clk            ;
; 0.622  ; 0.622        ; 0.000          ; High Pulse Width ; clk   ; Rise       ; rr[2]~reg0|clk            ;
; 0.622  ; 0.622        ; 0.000          ; High Pulse Width ; clk   ; Rise       ; rr[3]~reg0|clk            ;
; 0.622  ; 0.622        ; 0.000          ; High Pulse Width ; clk   ; Rise       ; rr[4]~reg0|clk            ;
; 0.622  ; 0.622        ; 0.000          ; High Pulse Width ; clk   ; Rise       ; rr[5]~reg0|clk            ;
; 0.622  ; 0.622        ; 0.000          ; High Pulse Width ; clk   ; Rise       ; rr[6]~reg0|clk            ;
; 0.622  ; 0.622        ; 0.000          ; High Pulse Width ; clk   ; Rise       ; rr[7]~reg0|clk            ;
; 0.623  ; 0.623        ; 0.000          ; High Pulse Width ; clk   ; Rise       ; RA[0]|clk                 ;
; 0.623  ; 0.623        ; 0.000          ; High Pulse Width ; clk   ; Rise       ; RA[1]|clk                 ;
; 0.623  ; 0.623        ; 0.000          ; High Pulse Width ; clk   ; Rise       ; RA[2]|clk                 ;
; 0.623  ; 0.623        ; 0.000          ; High Pulse Width ; clk   ; Rise       ; RA[3]|clk                 ;
; 0.623  ; 0.623        ; 0.000          ; High Pulse Width ; clk   ; Rise       ; RB[0]|clk                 ;
; 0.623  ; 0.623        ; 0.000          ; High Pulse Width ; clk   ; Rise       ; RB[1]|clk                 ;
; 0.623  ; 0.623        ; 0.000          ; High Pulse Width ; clk   ; Rise       ; RB[2]|clk                 ;
; 0.654  ; 0.654        ; 0.000          ; High Pulse Width ; clk   ; Rise       ; clk~inputclkctrl|inclk[0] ;
; 0.654  ; 0.654        ; 0.000          ; High Pulse Width ; clk   ; Rise       ; clk~inputclkctrl|outclk   ;
; 0.656  ; 0.656        ; 0.000          ; High Pulse Width ; clk   ; Rise       ; clk~input|o               ;
+--------+--------------+----------------+------------------+-------+------------+---------------------------+


+-------------------------------------------------------------------------+
; Setup Times                                                             ;
+-----------+------------+--------+--------+------------+-----------------+
; Data Port ; Clock Port ; Rise   ; Fall   ; Clock Edge ; Clock Reference ;
+-----------+------------+--------+--------+------------+-----------------+
; a[*]      ; clk        ; 2.220  ; 2.561  ; Rise       ; clk             ;
;  a[0]     ; clk        ; 2.220  ; 2.561  ; Rise       ; clk             ;
;  a[1]     ; clk        ; 1.460  ; 1.819  ; Rise       ; clk             ;
;  a[2]     ; clk        ; 1.969  ; 2.335  ; Rise       ; clk             ;
;  a[3]     ; clk        ; 1.942  ; 2.296  ; Rise       ; clk             ;
; b[*]      ; clk        ; 2.641  ; 2.936  ; Rise       ; clk             ;
;  b[0]     ; clk        ; -0.069 ; 0.087  ; Rise       ; clk             ;
;  b[1]     ; clk        ; 2.641  ; 2.936  ; Rise       ; clk             ;
;  b[2]     ; clk        ; 0.133  ; 0.287  ; Rise       ; clk             ;
;  b[3]     ; clk        ; 1.868  ; 2.214  ; Rise       ; clk             ;
; y[*]      ; clk        ; 4.532  ; 4.902  ; Rise       ; clk             ;
;  y[1]     ; clk        ; -0.014 ; 0.146  ; Rise       ; clk             ;
;  y[2]     ; clk        ; 2.495  ; 2.842  ; Rise       ; clk             ;
;  y[3]     ; clk        ; -0.191 ; -0.031 ; Rise       ; clk             ;
;  y[4]     ; clk        ; 4.532  ; 4.902  ; Rise       ; clk             ;
;  y[5]     ; clk        ; 4.407  ; 4.801  ; Rise       ; clk             ;
;  y[6]     ; clk        ; 1.902  ; 2.235  ; Rise       ; clk             ;
;  y[7]     ; clk        ; 2.679  ; 3.018  ; Rise       ; clk             ;
;  y[8]     ; clk        ; 2.518  ; 2.873  ; Rise       ; clk             ;
;  y[9]     ; clk        ; 4.416  ; 4.784  ; Rise       ; clk             ;
;  y[10]    ; clk        ; 1.910  ; 2.289  ; Rise       ; clk             ;
+-----------+------------+--------+--------+------------+-----------------+


+-------------------------------------------------------------------------+
; Hold Times                                                              ;
+-----------+------------+--------+--------+------------+-----------------+
; Data Port ; Clock Port ; Rise   ; Fall   ; Clock Edge ; Clock Reference ;
+-----------+------------+--------+--------+------------+-----------------+
; a[*]      ; clk        ; -1.125 ; -1.474 ; Rise       ; clk             ;
;  a[0]     ; clk        ; -1.855 ; -2.188 ; Rise       ; clk             ;
;  a[1]     ; clk        ; -1.125 ; -1.474 ; Rise       ; clk             ;
;  a[2]     ; clk        ; -1.613 ; -1.970 ; Rise       ; clk             ;
;  a[3]     ; clk        ; -1.588 ; -1.933 ; Rise       ; clk             ;
; b[*]      ; clk        ; 0.339  ; 0.181  ; Rise       ; clk             ;
;  b[0]     ; clk        ; 0.339  ; 0.181  ; Rise       ; clk             ;
;  b[1]     ; clk        ; -2.243 ; -2.525 ; Rise       ; clk             ;
;  b[2]     ; clk        ; 0.144  ; -0.012 ; Rise       ; clk             ;
;  b[3]     ; clk        ; -1.505 ; -1.838 ; Rise       ; clk             ;
; y[*]      ; clk        ; 0.545  ; 0.354  ; Rise       ; clk             ;
;  y[1]     ; clk        ; 0.188  ; 0.029  ; Rise       ; clk             ;
;  y[2]     ; clk        ; -1.377 ; -1.740 ; Rise       ; clk             ;
;  y[3]     ; clk        ; 0.545  ; 0.354  ; Rise       ; clk             ;
;  y[4]     ; clk        ; -2.507 ; -2.861 ; Rise       ; clk             ;
;  y[5]     ; clk        ; -2.332 ; -2.706 ; Rise       ; clk             ;
;  y[6]     ; clk        ; -1.487 ; -1.855 ; Rise       ; clk             ;
;  y[7]     ; clk        ; -2.392 ; -2.723 ; Rise       ; clk             ;
;  y[8]     ; clk        ; -1.444 ; -1.762 ; Rise       ; clk             ;
;  y[9]     ; clk        ; -2.155 ; -2.501 ; Rise       ; clk             ;
;  y[10]    ; clk        ; -1.652 ; -2.021 ; Rise       ; clk             ;
+-----------+------------+--------+--------+------------+-----------------+


+-------------------------------------------------------------------------+
; Clock to Output Times                                                   ;
+-------------+------------+-------+-------+------------+-----------------+
; Data Port   ; Clock Port ; Rise  ; Fall  ; Clock Edge ; Clock Reference ;
+-------------+------------+-------+-------+------------+-----------------+
; f[*]        ; clk        ; 6.979 ; 6.873 ; Rise       ; clk             ;
;  f[1]       ; clk        ; 5.981 ; 5.908 ; Rise       ; clk             ;
;  f[2]       ; clk        ; 5.977 ; 5.890 ; Rise       ; clk             ;
;  f[3]       ; clk        ; 6.979 ; 6.873 ; Rise       ; clk             ;
; priznak[*]  ; clk        ; 5.825 ; 5.751 ; Rise       ; clk             ;
;  priznak[0] ; clk        ; 5.825 ; 5.751 ; Rise       ; clk             ;
;  priznak[1] ; clk        ; 5.786 ; 5.729 ; Rise       ; clk             ;
; rr[*]       ; clk        ; 6.274 ; 6.194 ; Rise       ; clk             ;
;  rr[0]      ; clk        ; 6.043 ; 6.018 ; Rise       ; clk             ;
;  rr[1]      ; clk        ; 5.526 ; 5.448 ; Rise       ; clk             ;
;  rr[2]      ; clk        ; 5.450 ; 5.365 ; Rise       ; clk             ;
;  rr[3]      ; clk        ; 5.918 ; 5.832 ; Rise       ; clk             ;
;  rr[4]      ; clk        ; 5.613 ; 5.560 ; Rise       ; clk             ;
;  rr[5]      ; clk        ; 5.382 ; 5.299 ; Rise       ; clk             ;
;  rr[6]      ; clk        ; 6.172 ; 6.088 ; Rise       ; clk             ;
;  rr[7]      ; clk        ; 6.274 ; 6.194 ; Rise       ; clk             ;
+-------------+------------+-------+-------+------------+-----------------+


+-------------------------------------------------------------------------+
; Minimum Clock to Output Times                                           ;
+-------------+------------+-------+-------+------------+-----------------+
; Data Port   ; Clock Port ; Rise  ; Fall  ; Clock Edge ; Clock Reference ;
+-------------+------------+-------+-------+------------+-----------------+
; f[*]        ; clk        ; 5.781 ; 5.694 ; Rise       ; clk             ;
;  f[1]       ; clk        ; 5.784 ; 5.709 ; Rise       ; clk             ;
;  f[2]       ; clk        ; 5.781 ; 5.694 ; Rise       ; clk             ;
;  f[3]       ; clk        ; 6.287 ; 6.196 ; Rise       ; clk             ;
; priznak[*]  ; clk        ; 5.597 ; 5.539 ; Rise       ; clk             ;
;  priznak[0] ; clk        ; 5.629 ; 5.555 ; Rise       ; clk             ;
;  priznak[1] ; clk        ; 5.597 ; 5.539 ; Rise       ; clk             ;
; rr[*]       ; clk        ; 5.204 ; 5.122 ; Rise       ; clk             ;
;  rr[0]      ; clk        ; 5.867 ; 5.841 ; Rise       ; clk             ;
;  rr[1]      ; clk        ; 5.349 ; 5.271 ; Rise       ; clk             ;
;  rr[2]      ; clk        ; 5.276 ; 5.190 ; Rise       ; clk             ;
;  rr[3]      ; clk        ; 5.719 ; 5.634 ; Rise       ; clk             ;
;  rr[4]      ; clk        ; 5.426 ; 5.372 ; Rise       ; clk             ;
;  rr[5]      ; clk        ; 5.204 ; 5.122 ; Rise       ; clk             ;
;  rr[6]      ; clk        ; 5.968 ; 5.883 ; Rise       ; clk             ;
;  rr[7]      ; clk        ; 6.066 ; 5.984 ; Rise       ; clk             ;
+-------------+------------+-------+-------+------------+-----------------+


---------------------------------------------
; Slow 1200mV 0C Model Metastability Report ;
---------------------------------------------
No synchronizer chains to report.


+------------------------------------+
; Fast 1200mV 0C Model Setup Summary ;
+-------+--------+-------------------+
; Clock ; Slack  ; End Point TNS     ;
+-------+--------+-------------------+
; clk   ; -1.294 ; -9.669            ;
+-------+--------+-------------------+


+-----------------------------------+
; Fast 1200mV 0C Model Hold Summary ;
+-------+-------+-------------------+
; Clock ; Slack ; End Point TNS     ;
+-------+-------+-------------------+
; clk   ; 0.186 ; 0.000             ;
+-------+-------+-------------------+


-----------------------------------------
; Fast 1200mV 0C Model Recovery Summary ;
-----------------------------------------
No paths to report.


----------------------------------------
; Fast 1200mV 0C Model Removal Summary ;
----------------------------------------
No paths to report.


+--------------------------------------------------+
; Fast 1200mV 0C Model Minimum Pulse Width Summary ;
+-------+--------+---------------------------------+
; Clock ; Slack  ; End Point TNS                   ;
+-------+--------+---------------------------------+
; clk   ; -3.000 ; -21.488                         ;
+-------+--------+---------------------------------+


+--------------------------------------------------------------------------------------------------------+
; Fast 1200mV 0C Model Setup: 'clk'                                                                      ;
+--------+------------+------------+--------------+-------------+--------------+------------+------------+
; Slack  ; From Node  ; To Node    ; Launch Clock ; Latch Clock ; Relationship ; Clock Skew ; Data Delay ;
+--------+------------+------------+--------------+-------------+--------------+------------+------------+
; -1.294 ; rr[1]~reg0 ; rr[7]~reg0 ; clk          ; clk         ; 1.000        ; -0.037     ; 2.244      ;
; -1.290 ; rr[1]~reg0 ; rr[6]~reg0 ; clk          ; clk         ; 1.000        ; -0.037     ; 2.240      ;
; -1.284 ; rr[5]~reg0 ; rr[7]~reg0 ; clk          ; clk         ; 1.000        ; -0.037     ; 2.234      ;
; -1.280 ; rr[5]~reg0 ; rr[6]~reg0 ; clk          ; clk         ; 1.000        ; -0.037     ; 2.230      ;
; -1.271 ; rr[2]~reg0 ; rr[7]~reg0 ; clk          ; clk         ; 1.000        ; -0.037     ; 2.221      ;
; -1.267 ; rr[2]~reg0 ; rr[6]~reg0 ; clk          ; clk         ; 1.000        ; -0.037     ; 2.217      ;
; -1.226 ; rr[1]~reg0 ; rr[5]~reg0 ; clk          ; clk         ; 1.000        ; -0.037     ; 2.176      ;
; -1.223 ; rr[0]~reg0 ; rr[7]~reg0 ; clk          ; clk         ; 1.000        ; -0.037     ; 2.173      ;
; -1.222 ; rr[1]~reg0 ; rr[4]~reg0 ; clk          ; clk         ; 1.000        ; -0.037     ; 2.172      ;
; -1.219 ; rr[0]~reg0 ; rr[6]~reg0 ; clk          ; clk         ; 1.000        ; -0.037     ; 2.169      ;
; -1.216 ; rr[5]~reg0 ; rr[5]~reg0 ; clk          ; clk         ; 1.000        ; -0.037     ; 2.166      ;
; -1.212 ; rr[5]~reg0 ; rr[4]~reg0 ; clk          ; clk         ; 1.000        ; -0.037     ; 2.162      ;
; -1.208 ; RB[3]      ; rr[7]~reg0 ; clk          ; clk         ; 1.000        ; -0.037     ; 2.158      ;
; -1.204 ; RB[3]      ; rr[6]~reg0 ; clk          ; clk         ; 1.000        ; -0.037     ; 2.154      ;
; -1.203 ; rr[2]~reg0 ; rr[5]~reg0 ; clk          ; clk         ; 1.000        ; -0.037     ; 2.153      ;
; -1.199 ; rr[2]~reg0 ; rr[4]~reg0 ; clk          ; clk         ; 1.000        ; -0.037     ; 2.149      ;
; -1.158 ; rr[1]~reg0 ; rr[3]~reg0 ; clk          ; clk         ; 1.000        ; -0.037     ; 2.108      ;
; -1.155 ; rr[0]~reg0 ; rr[5]~reg0 ; clk          ; clk         ; 1.000        ; -0.037     ; 2.105      ;
; -1.154 ; rr[1]~reg0 ; rr[2]~reg0 ; clk          ; clk         ; 1.000        ; -0.037     ; 2.104      ;
; -1.151 ; rr[0]~reg0 ; rr[4]~reg0 ; clk          ; clk         ; 1.000        ; -0.037     ; 2.101      ;
; -1.148 ; rr[5]~reg0 ; rr[3]~reg0 ; clk          ; clk         ; 1.000        ; -0.037     ; 2.098      ;
; -1.144 ; rr[5]~reg0 ; rr[2]~reg0 ; clk          ; clk         ; 1.000        ; -0.037     ; 2.094      ;
; -1.140 ; RB[3]      ; rr[5]~reg0 ; clk          ; clk         ; 1.000        ; -0.037     ; 2.090      ;
; -1.136 ; RB[3]      ; rr[4]~reg0 ; clk          ; clk         ; 1.000        ; -0.037     ; 2.086      ;
; -1.135 ; rr[2]~reg0 ; rr[3]~reg0 ; clk          ; clk         ; 1.000        ; -0.037     ; 2.085      ;
; -1.131 ; rr[2]~reg0 ; rr[2]~reg0 ; clk          ; clk         ; 1.000        ; -0.037     ; 2.081      ;
; -1.094 ; RB[2]      ; rr[7]~reg0 ; clk          ; clk         ; 1.000        ; -0.037     ; 2.044      ;
; -1.090 ; rr[1]~reg0 ; rr[1]~reg0 ; clk          ; clk         ; 1.000        ; -0.037     ; 2.040      ;
; -1.090 ; RB[2]      ; rr[6]~reg0 ; clk          ; clk         ; 1.000        ; -0.037     ; 2.040      ;
; -1.087 ; rr[0]~reg0 ; rr[3]~reg0 ; clk          ; clk         ; 1.000        ; -0.037     ; 2.037      ;
; -1.083 ; rr[0]~reg0 ; rr[2]~reg0 ; clk          ; clk         ; 1.000        ; -0.037     ; 2.033      ;
; -1.080 ; rr[5]~reg0 ; rr[1]~reg0 ; clk          ; clk         ; 1.000        ; -0.037     ; 2.030      ;
; -1.074 ; rr[3]~reg0 ; rr[7]~reg0 ; clk          ; clk         ; 1.000        ; -0.037     ; 2.024      ;
; -1.072 ; RB[3]      ; rr[3]~reg0 ; clk          ; clk         ; 1.000        ; -0.037     ; 2.022      ;
; -1.070 ; RA[0]      ; rr[7]~reg0 ; clk          ; clk         ; 1.000        ; -0.037     ; 2.020      ;
; -1.070 ; rr[3]~reg0 ; rr[6]~reg0 ; clk          ; clk         ; 1.000        ; -0.037     ; 2.020      ;
; -1.068 ; RB[1]      ; rr[7]~reg0 ; clk          ; clk         ; 1.000        ; -0.037     ; 2.018      ;
; -1.068 ; RB[3]      ; rr[2]~reg0 ; clk          ; clk         ; 1.000        ; -0.037     ; 2.018      ;
; -1.067 ; rr[2]~reg0 ; rr[1]~reg0 ; clk          ; clk         ; 1.000        ; -0.037     ; 2.017      ;
; -1.064 ; RB[1]      ; rr[6]~reg0 ; clk          ; clk         ; 1.000        ; -0.037     ; 2.014      ;
; -1.062 ; RA[1]      ; rr[7]~reg0 ; clk          ; clk         ; 1.000        ; -0.037     ; 2.012      ;
; -1.058 ; RA[1]      ; rr[6]~reg0 ; clk          ; clk         ; 1.000        ; -0.037     ; 2.008      ;
; -1.026 ; RB[2]      ; rr[5]~reg0 ; clk          ; clk         ; 1.000        ; -0.037     ; 1.976      ;
; -1.022 ; RB[2]      ; rr[4]~reg0 ; clk          ; clk         ; 1.000        ; -0.037     ; 1.972      ;
; -1.019 ; rr[0]~reg0 ; rr[1]~reg0 ; clk          ; clk         ; 1.000        ; -0.037     ; 1.969      ;
; -1.006 ; RA[0]      ; rr[6]~reg0 ; clk          ; clk         ; 1.000        ; -0.037     ; 1.956      ;
; -1.006 ; rr[3]~reg0 ; rr[5]~reg0 ; clk          ; clk         ; 1.000        ; -0.037     ; 1.956      ;
; -1.005 ; RA[2]      ; rr[7]~reg0 ; clk          ; clk         ; 1.000        ; -0.037     ; 1.955      ;
; -1.005 ; RB[0]      ; rr[7]~reg0 ; clk          ; clk         ; 1.000        ; -0.037     ; 1.955      ;
; -1.004 ; RB[3]      ; rr[1]~reg0 ; clk          ; clk         ; 1.000        ; -0.037     ; 1.954      ;
; -1.002 ; RA[0]      ; rr[5]~reg0 ; clk          ; clk         ; 1.000        ; -0.037     ; 1.952      ;
; -1.002 ; rr[3]~reg0 ; rr[4]~reg0 ; clk          ; clk         ; 1.000        ; -0.037     ; 1.952      ;
; -1.000 ; RB[1]      ; rr[5]~reg0 ; clk          ; clk         ; 1.000        ; -0.037     ; 1.950      ;
; -0.997 ; RA[3]      ; rr[7]~reg0 ; clk          ; clk         ; 1.000        ; -0.037     ; 1.947      ;
; -0.996 ; RB[1]      ; rr[4]~reg0 ; clk          ; clk         ; 1.000        ; -0.037     ; 1.946      ;
; -0.994 ; RA[1]      ; rr[5]~reg0 ; clk          ; clk         ; 1.000        ; -0.037     ; 1.944      ;
; -0.993 ; RA[3]      ; rr[6]~reg0 ; clk          ; clk         ; 1.000        ; -0.037     ; 1.943      ;
; -0.990 ; RA[1]      ; rr[4]~reg0 ; clk          ; clk         ; 1.000        ; -0.037     ; 1.940      ;
; -0.980 ; RB[0]      ; rr[6]~reg0 ; clk          ; clk         ; 1.000        ; -0.037     ; 1.930      ;
; -0.964 ; rr[4]~reg0 ; rr[7]~reg0 ; clk          ; clk         ; 1.000        ; -0.037     ; 1.914      ;
; -0.960 ; rr[4]~reg0 ; rr[6]~reg0 ; clk          ; clk         ; 1.000        ; -0.037     ; 1.910      ;
; -0.958 ; RB[2]      ; rr[3]~reg0 ; clk          ; clk         ; 1.000        ; -0.037     ; 1.908      ;
; -0.954 ; RB[2]      ; rr[2]~reg0 ; clk          ; clk         ; 1.000        ; -0.037     ; 1.904      ;
; -0.941 ; RA[2]      ; rr[6]~reg0 ; clk          ; clk         ; 1.000        ; -0.037     ; 1.891      ;
; -0.940 ; rr[7]~reg0 ; rr[7]~reg0 ; clk          ; clk         ; 1.000        ; -0.037     ; 1.890      ;
; -0.938 ; RA[0]      ; rr[4]~reg0 ; clk          ; clk         ; 1.000        ; -0.037     ; 1.888      ;
; -0.938 ; rr[3]~reg0 ; rr[3]~reg0 ; clk          ; clk         ; 1.000        ; -0.037     ; 1.888      ;
; -0.937 ; RA[2]      ; rr[5]~reg0 ; clk          ; clk         ; 1.000        ; -0.037     ; 1.887      ;
; -0.937 ; RB[0]      ; rr[5]~reg0 ; clk          ; clk         ; 1.000        ; -0.037     ; 1.887      ;
; -0.936 ; rr[7]~reg0 ; rr[6]~reg0 ; clk          ; clk         ; 1.000        ; -0.037     ; 1.886      ;
; -0.934 ; RA[0]      ; rr[3]~reg0 ; clk          ; clk         ; 1.000        ; -0.037     ; 1.884      ;
; -0.934 ; rr[3]~reg0 ; rr[2]~reg0 ; clk          ; clk         ; 1.000        ; -0.037     ; 1.884      ;
; -0.932 ; RB[1]      ; rr[3]~reg0 ; clk          ; clk         ; 1.000        ; -0.037     ; 1.882      ;
; -0.929 ; RA[3]      ; rr[5]~reg0 ; clk          ; clk         ; 1.000        ; -0.037     ; 1.879      ;
; -0.928 ; RB[1]      ; rr[2]~reg0 ; clk          ; clk         ; 1.000        ; -0.037     ; 1.878      ;
; -0.926 ; RA[1]      ; rr[3]~reg0 ; clk          ; clk         ; 1.000        ; -0.037     ; 1.876      ;
; -0.925 ; RA[3]      ; rr[4]~reg0 ; clk          ; clk         ; 1.000        ; -0.037     ; 1.875      ;
; -0.922 ; RA[1]      ; rr[2]~reg0 ; clk          ; clk         ; 1.000        ; -0.037     ; 1.872      ;
; -0.918 ; rr[1]~reg0 ; rr[0]~reg0 ; clk          ; clk         ; 1.000        ; -0.037     ; 1.868      ;
; -0.912 ; RB[0]      ; rr[4]~reg0 ; clk          ; clk         ; 1.000        ; -0.037     ; 1.862      ;
; -0.908 ; rr[5]~reg0 ; rr[0]~reg0 ; clk          ; clk         ; 1.000        ; -0.037     ; 1.858      ;
; -0.896 ; rr[4]~reg0 ; rr[5]~reg0 ; clk          ; clk         ; 1.000        ; -0.037     ; 1.846      ;
; -0.895 ; rr[2]~reg0 ; rr[0]~reg0 ; clk          ; clk         ; 1.000        ; -0.037     ; 1.845      ;
; -0.893 ; rr[6]~reg0 ; rr[7]~reg0 ; clk          ; clk         ; 1.000        ; -0.037     ; 1.843      ;
; -0.892 ; rr[4]~reg0 ; rr[4]~reg0 ; clk          ; clk         ; 1.000        ; -0.037     ; 1.842      ;
; -0.890 ; RB[2]      ; rr[1]~reg0 ; clk          ; clk         ; 1.000        ; -0.037     ; 1.840      ;
; -0.889 ; rr[6]~reg0 ; rr[6]~reg0 ; clk          ; clk         ; 1.000        ; -0.037     ; 1.839      ;
; -0.873 ; RA[2]      ; rr[4]~reg0 ; clk          ; clk         ; 1.000        ; -0.037     ; 1.823      ;
; -0.872 ; rr[7]~reg0 ; rr[5]~reg0 ; clk          ; clk         ; 1.000        ; -0.037     ; 1.822      ;
; -0.870 ; RA[0]      ; rr[2]~reg0 ; clk          ; clk         ; 1.000        ; -0.037     ; 1.820      ;
; -0.870 ; rr[3]~reg0 ; rr[1]~reg0 ; clk          ; clk         ; 1.000        ; -0.037     ; 1.820      ;
; -0.869 ; RA[2]      ; rr[3]~reg0 ; clk          ; clk         ; 1.000        ; -0.037     ; 1.819      ;
; -0.869 ; RB[0]      ; rr[3]~reg0 ; clk          ; clk         ; 1.000        ; -0.037     ; 1.819      ;
; -0.868 ; rr[7]~reg0 ; rr[4]~reg0 ; clk          ; clk         ; 1.000        ; -0.037     ; 1.818      ;
; -0.866 ; RA[0]      ; rr[1]~reg0 ; clk          ; clk         ; 1.000        ; -0.037     ; 1.816      ;
; -0.864 ; RB[1]      ; rr[1]~reg0 ; clk          ; clk         ; 1.000        ; -0.037     ; 1.814      ;
; -0.861 ; RA[3]      ; rr[3]~reg0 ; clk          ; clk         ; 1.000        ; -0.037     ; 1.811      ;
; -0.858 ; RA[1]      ; rr[1]~reg0 ; clk          ; clk         ; 1.000        ; -0.037     ; 1.808      ;
; -0.857 ; RA[3]      ; rr[2]~reg0 ; clk          ; clk         ; 1.000        ; -0.037     ; 1.807      ;
; -0.847 ; rr[0]~reg0 ; rr[0]~reg0 ; clk          ; clk         ; 1.000        ; -0.037     ; 1.797      ;
+--------+------------+------------+--------------+-------------+--------------+------------+------------+


+------------------------------------------------------------------------------------------------------------+
; Fast 1200mV 0C Model Hold: 'clk'                                                                           ;
+-------+------------+-----------------+--------------+-------------+--------------+------------+------------+
; Slack ; From Node  ; To Node         ; Launch Clock ; Latch Clock ; Relationship ; Clock Skew ; Data Delay ;
+-------+------------+-----------------+--------------+-------------+--------------+------------+------------+
; 0.186 ; RB[3]      ; RB[3]           ; clk          ; clk         ; 0.000        ; 0.037      ; 0.307      ;
; 0.283 ; rr[5]~reg0 ; rr[6]~reg0      ; clk          ; clk         ; 0.000        ; 0.037      ; 0.404      ;
; 0.291 ; rr[0]~reg0 ; rr[1]~reg0      ; clk          ; clk         ; 0.000        ; 0.037      ; 0.412      ;
; 0.291 ; rr[2]~reg0 ; rr[3]~reg0      ; clk          ; clk         ; 0.000        ; 0.037      ; 0.412      ;
; 0.350 ; rr[6]~reg0 ; rr[7]~reg0      ; clk          ; clk         ; 0.000        ; 0.037      ; 0.471      ;
; 0.355 ; rr[3]~reg0 ; rr[4]~reg0      ; clk          ; clk         ; 0.000        ; 0.037      ; 0.476      ;
; 0.360 ; rr[2]~reg0 ; priznak[1]~reg0 ; clk          ; clk         ; 0.000        ; 0.036      ; 0.480      ;
; 0.362 ; rr[1]~reg0 ; rr[2]~reg0      ; clk          ; clk         ; 0.000        ; 0.037      ; 0.483      ;
; 0.394 ; rr[3]~reg0 ; priznak[0]~reg0 ; clk          ; clk         ; 0.000        ; 0.036      ; 0.514      ;
; 0.400 ; rr[3]~reg0 ; priznak[1]~reg0 ; clk          ; clk         ; 0.000        ; 0.036      ; 0.520      ;
; 0.462 ; rr[7]~reg0 ; rr[0]~reg0      ; clk          ; clk         ; 0.000        ; 0.037      ; 0.583      ;
; 0.470 ; rr[4]~reg0 ; priznak[0]~reg0 ; clk          ; clk         ; 0.000        ; 0.036      ; 0.590      ;
; 0.519 ; rr[4]~reg0 ; priznak[1]~reg0 ; clk          ; clk         ; 0.000        ; 0.036      ; 0.639      ;
; 0.576 ; rr[4]~reg0 ; rr[5]~reg0      ; clk          ; clk         ; 0.000        ; 0.037      ; 0.697      ;
; 0.671 ; rr[0]~reg0 ; priznak[1]~reg0 ; clk          ; clk         ; 0.000        ; 0.036      ; 0.791      ;
; 0.723 ; rr[1]~reg0 ; priznak[1]~reg0 ; clk          ; clk         ; 0.000        ; 0.036      ; 0.843      ;
; 0.726 ; RB[1]      ; RB[2]           ; clk          ; clk         ; 0.000        ; 0.037      ; 0.847      ;
; 0.778 ; RA[2]      ; rr[2]~reg0      ; clk          ; clk         ; 0.000        ; 0.037      ; 0.899      ;
; 0.779 ; RA[3]      ; rr[7]~reg0      ; clk          ; clk         ; 0.000        ; 0.037      ; 0.900      ;
; 0.795 ; RB[1]      ; rr[1]~reg0      ; clk          ; clk         ; 0.000        ; 0.037      ; 0.916      ;
; 0.800 ; RA[3]      ; rr[4]~reg0      ; clk          ; clk         ; 0.000        ; 0.037      ; 0.921      ;
; 0.800 ; RA[3]      ; rr[6]~reg0      ; clk          ; clk         ; 0.000        ; 0.037      ; 0.921      ;
; 0.842 ; rr[7]~reg0 ; rr[7]~reg0      ; clk          ; clk         ; 0.000        ; 0.037      ; 0.963      ;
; 0.847 ; RA[3]      ; rr[5]~reg0      ; clk          ; clk         ; 0.000        ; 0.037      ; 0.968      ;
; 0.848 ; RA[3]      ; rr[3]~reg0      ; clk          ; clk         ; 0.000        ; 0.037      ; 0.969      ;
; 0.852 ; rr[3]~reg0 ; rr[3]~reg0      ; clk          ; clk         ; 0.000        ; 0.037      ; 0.973      ;
; 0.855 ; RA[1]      ; rr[1]~reg0      ; clk          ; clk         ; 0.000        ; 0.037      ; 0.976      ;
; 0.863 ; rr[6]~reg0 ; rr[6]~reg0      ; clk          ; clk         ; 0.000        ; 0.037      ; 0.984      ;
; 0.865 ; rr[4]~reg0 ; rr[4]~reg0      ; clk          ; clk         ; 0.000        ; 0.037      ; 0.986      ;
; 0.871 ; RA[0]      ; rr[0]~reg0      ; clk          ; clk         ; 0.000        ; 0.037      ; 0.992      ;
; 0.872 ; RB[0]      ; rr[0]~reg0      ; clk          ; clk         ; 0.000        ; 0.037      ; 0.993      ;
; 0.914 ; RA[2]      ; rr[3]~reg0      ; clk          ; clk         ; 0.000        ; 0.037      ; 1.035      ;
; 0.921 ; RB[3]      ; rr[7]~reg0      ; clk          ; clk         ; 0.000        ; 0.037      ; 1.042      ;
; 0.924 ; RA[0]      ; rr[1]~reg0      ; clk          ; clk         ; 0.000        ; 0.037      ; 1.045      ;
; 0.926 ; RB[2]      ; rr[2]~reg0      ; clk          ; clk         ; 0.000        ; 0.037      ; 1.047      ;
; 0.933 ; RB[3]      ; rr[3]~reg0      ; clk          ; clk         ; 0.000        ; 0.037      ; 1.054      ;
; 0.935 ; RB[0]      ; rr[1]~reg0      ; clk          ; clk         ; 0.000        ; 0.037      ; 1.056      ;
; 0.939 ; RB[0]      ; rr[2]~reg0      ; clk          ; clk         ; 0.000        ; 0.037      ; 1.060      ;
; 0.939 ; RA[2]      ; rr[4]~reg0      ; clk          ; clk         ; 0.000        ; 0.037      ; 1.060      ;
; 0.942 ; RB[3]      ; rr[6]~reg0      ; clk          ; clk         ; 0.000        ; 0.037      ; 1.063      ;
; 0.943 ; RB[3]      ; rr[4]~reg0      ; clk          ; clk         ; 0.000        ; 0.037      ; 1.064      ;
; 0.944 ; RB[1]      ; rr[2]~reg0      ; clk          ; clk         ; 0.000        ; 0.037      ; 1.065      ;
; 0.958 ; rr[1]~reg0 ; rr[1]~reg0      ; clk          ; clk         ; 0.000        ; 0.037      ; 1.079      ;
; 0.977 ; RA[3]      ; rr[0]~reg0      ; clk          ; clk         ; 0.000        ; 0.037      ; 1.098      ;
; 0.979 ; RA[0]      ; rr[3]~reg0      ; clk          ; clk         ; 0.000        ; 0.037      ; 1.100      ;
; 0.980 ; RA[2]      ; rr[5]~reg0      ; clk          ; clk         ; 0.000        ; 0.037      ; 1.101      ;
; 0.988 ; RA[0]      ; rr[2]~reg0      ; clk          ; clk         ; 0.000        ; 0.037      ; 1.109      ;
; 0.990 ; RB[0]      ; rr[3]~reg0      ; clk          ; clk         ; 0.000        ; 0.037      ; 1.111      ;
; 0.994 ; RB[0]      ; RB[1]           ; clk          ; clk         ; 0.000        ; 0.037      ; 1.115      ;
; 0.996 ; RB[1]      ; rr[3]~reg0      ; clk          ; clk         ; 0.000        ; 0.037      ; 1.117      ;
; 1.003 ; RB[0]      ; rr[4]~reg0      ; clk          ; clk         ; 0.000        ; 0.037      ; 1.124      ;
; 1.004 ; RA[1]      ; rr[2]~reg0      ; clk          ; clk         ; 0.000        ; 0.037      ; 1.125      ;
; 1.005 ; RA[2]      ; rr[6]~reg0      ; clk          ; clk         ; 0.000        ; 0.037      ; 1.126      ;
; 1.006 ; RA[1]      ; rr[3]~reg0      ; clk          ; clk         ; 0.000        ; 0.037      ; 1.127      ;
; 1.009 ; RB[1]      ; rr[4]~reg0      ; clk          ; clk         ; 0.000        ; 0.037      ; 1.130      ;
; 1.021 ; RB[3]      ; rr[5]~reg0      ; clk          ; clk         ; 0.000        ; 0.037      ; 1.142      ;
; 1.026 ; rr[4]~reg0 ; rr[6]~reg0      ; clk          ; clk         ; 0.000        ; 0.037      ; 1.147      ;
; 1.030 ; rr[6]~reg0 ; rr[0]~reg0      ; clk          ; clk         ; 0.000        ; 0.037      ; 1.151      ;
; 1.038 ; RA[2]      ; rr[7]~reg0      ; clk          ; clk         ; 0.000        ; 0.037      ; 1.159      ;
; 1.044 ; rr[2]~reg0 ; rr[2]~reg0      ; clk          ; clk         ; 0.000        ; 0.037      ; 1.165      ;
; 1.045 ; RA[0]      ; rr[5]~reg0      ; clk          ; clk         ; 0.000        ; 0.037      ; 1.166      ;
; 1.052 ; RA[0]      ; rr[4]~reg0      ; clk          ; clk         ; 0.000        ; 0.037      ; 1.173      ;
; 1.053 ; rr[5]~reg0 ; rr[5]~reg0      ; clk          ; clk         ; 0.000        ; 0.037      ; 1.174      ;
; 1.056 ; RB[0]      ; rr[5]~reg0      ; clk          ; clk         ; 0.000        ; 0.037      ; 1.177      ;
; 1.062 ; RB[1]      ; rr[5]~reg0      ; clk          ; clk         ; 0.000        ; 0.037      ; 1.183      ;
; 1.063 ; rr[0]~reg0 ; rr[0]~reg0      ; clk          ; clk         ; 0.000        ; 0.037      ; 1.184      ;
; 1.064 ; rr[3]~reg0 ; rr[5]~reg0      ; clk          ; clk         ; 0.000        ; 0.037      ; 1.185      ;
; 1.067 ; rr[3]~reg0 ; rr[6]~reg0      ; clk          ; clk         ; 0.000        ; 0.037      ; 1.188      ;
; 1.070 ; RA[1]      ; rr[4]~reg0      ; clk          ; clk         ; 0.000        ; 0.037      ; 1.191      ;
; 1.070 ; RB[0]      ; rr[6]~reg0      ; clk          ; clk         ; 0.000        ; 0.037      ; 1.191      ;
; 1.071 ; rr[4]~reg0 ; rr[7]~reg0      ; clk          ; clk         ; 0.000        ; 0.037      ; 1.192      ;
; 1.072 ; RB[2]      ; rr[3]~reg0      ; clk          ; clk         ; 0.000        ; 0.037      ; 1.193      ;
; 1.072 ; RA[1]      ; rr[5]~reg0      ; clk          ; clk         ; 0.000        ; 0.037      ; 1.193      ;
; 1.076 ; RB[1]      ; rr[6]~reg0      ; clk          ; clk         ; 0.000        ; 0.037      ; 1.197      ;
; 1.085 ; RB[2]      ; rr[4]~reg0      ; clk          ; clk         ; 0.000        ; 0.037      ; 1.206      ;
; 1.095 ; RB[3]      ; rr[0]~reg0      ; clk          ; clk         ; 0.000        ; 0.037      ; 1.216      ;
; 1.099 ; rr[4]~reg0 ; rr[0]~reg0      ; clk          ; clk         ; 0.000        ; 0.037      ; 1.220      ;
; 1.103 ; RA[0]      ; rr[7]~reg0      ; clk          ; clk         ; 0.000        ; 0.037      ; 1.224      ;
; 1.114 ; RB[0]      ; rr[7]~reg0      ; clk          ; clk         ; 0.000        ; 0.037      ; 1.235      ;
; 1.119 ; RA[0]      ; rr[6]~reg0      ; clk          ; clk         ; 0.000        ; 0.037      ; 1.240      ;
; 1.120 ; RB[1]      ; rr[7]~reg0      ; clk          ; clk         ; 0.000        ; 0.037      ; 1.241      ;
; 1.122 ; rr[3]~reg0 ; rr[7]~reg0      ; clk          ; clk         ; 0.000        ; 0.037      ; 1.243      ;
; 1.130 ; rr[0]~reg0 ; rr[2]~reg0      ; clk          ; clk         ; 0.000        ; 0.037      ; 1.251      ;
; 1.130 ; RA[3]      ; rr[1]~reg0      ; clk          ; clk         ; 0.000        ; 0.037      ; 1.251      ;
; 1.130 ; RA[1]      ; rr[7]~reg0      ; clk          ; clk         ; 0.000        ; 0.037      ; 1.251      ;
; 1.133 ; RA[3]      ; rr[2]~reg0      ; clk          ; clk         ; 0.000        ; 0.037      ; 1.254      ;
; 1.133 ; RA[2]      ; rr[0]~reg0      ; clk          ; clk         ; 0.000        ; 0.037      ; 1.254      ;
; 1.136 ; RA[1]      ; rr[6]~reg0      ; clk          ; clk         ; 0.000        ; 0.037      ; 1.257      ;
; 1.138 ; RB[2]      ; rr[5]~reg0      ; clk          ; clk         ; 0.000        ; 0.037      ; 1.259      ;
; 1.148 ; RB[1]      ; rr[0]~reg0      ; clk          ; clk         ; 0.000        ; 0.037      ; 1.269      ;
; 1.150 ; rr[3]~reg0 ; rr[0]~reg0      ; clk          ; clk         ; 0.000        ; 0.037      ; 1.271      ;
; 1.152 ; RB[2]      ; rr[6]~reg0      ; clk          ; clk         ; 0.000        ; 0.037      ; 1.273      ;
; 1.159 ; rr[1]~reg0 ; rr[3]~reg0      ; clk          ; clk         ; 0.000        ; 0.037      ; 1.280      ;
; 1.169 ; rr[7]~reg0 ; rr[1]~reg0      ; clk          ; clk         ; 0.000        ; 0.037      ; 1.290      ;
; 1.172 ; rr[1]~reg0 ; rr[4]~reg0      ; clk          ; clk         ; 0.000        ; 0.037      ; 1.293      ;
; 1.172 ; rr[7]~reg0 ; rr[2]~reg0      ; clk          ; clk         ; 0.000        ; 0.037      ; 1.293      ;
; 1.181 ; rr[0]~reg0 ; rr[3]~reg0      ; clk          ; clk         ; 0.000        ; 0.037      ; 1.302      ;
; 1.183 ; rr[6]~reg0 ; rr[1]~reg0      ; clk          ; clk         ; 0.000        ; 0.037      ; 1.304      ;
; 1.186 ; rr[6]~reg0 ; rr[2]~reg0      ; clk          ; clk         ; 0.000        ; 0.037      ; 1.307      ;
; 1.194 ; rr[0]~reg0 ; rr[4]~reg0      ; clk          ; clk         ; 0.000        ; 0.037      ; 1.315      ;
+-------+------------+-----------------+--------------+-------------+--------------+------------+------------+


+------------------------------------------------------------------------------------------------------------+
; Fast 1200mV 0C Model Minimum Pulse Width: 'clk'                                                            ;
+--------+--------------+----------------+------------------+-------+------------+---------------------------+
; Slack  ; Actual Width ; Required Width ; Type             ; Clock ; Clock Edge ; Target                    ;
+--------+--------------+----------------+------------------+-------+------------+---------------------------+
; -3.000 ; 1.000        ; 4.000          ; Port Rate        ; clk   ; Rise       ; clk                       ;
; -1.000 ; 1.000        ; 2.000          ; Min Period       ; clk   ; Rise       ; RA[0]                     ;
; -1.000 ; 1.000        ; 2.000          ; Min Period       ; clk   ; Rise       ; RA[1]                     ;
; -1.000 ; 1.000        ; 2.000          ; Min Period       ; clk   ; Rise       ; RA[2]                     ;
; -1.000 ; 1.000        ; 2.000          ; Min Period       ; clk   ; Rise       ; RA[3]                     ;
; -1.000 ; 1.000        ; 2.000          ; Min Period       ; clk   ; Rise       ; RB[0]                     ;
; -1.000 ; 1.000        ; 2.000          ; Min Period       ; clk   ; Rise       ; RB[1]                     ;
; -1.000 ; 1.000        ; 2.000          ; Min Period       ; clk   ; Rise       ; RB[2]                     ;
; -1.000 ; 1.000        ; 2.000          ; Min Period       ; clk   ; Rise       ; RB[3]                     ;
; -1.000 ; 1.000        ; 2.000          ; Min Period       ; clk   ; Rise       ; priznak[0]~reg0           ;
; -1.000 ; 1.000        ; 2.000          ; Min Period       ; clk   ; Rise       ; priznak[1]~reg0           ;
; -1.000 ; 1.000        ; 2.000          ; Min Period       ; clk   ; Rise       ; rr[0]~reg0                ;
; -1.000 ; 1.000        ; 2.000          ; Min Period       ; clk   ; Rise       ; rr[1]~reg0                ;
; -1.000 ; 1.000        ; 2.000          ; Min Period       ; clk   ; Rise       ; rr[2]~reg0                ;
; -1.000 ; 1.000        ; 2.000          ; Min Period       ; clk   ; Rise       ; rr[3]~reg0                ;
; -1.000 ; 1.000        ; 2.000          ; Min Period       ; clk   ; Rise       ; rr[4]~reg0                ;
; -1.000 ; 1.000        ; 2.000          ; Min Period       ; clk   ; Rise       ; rr[5]~reg0                ;
; -1.000 ; 1.000        ; 2.000          ; Min Period       ; clk   ; Rise       ; rr[6]~reg0                ;
; -1.000 ; 1.000        ; 2.000          ; Min Period       ; clk   ; Rise       ; rr[7]~reg0                ;
; -0.028 ; 0.156        ; 0.184          ; Low Pulse Width  ; clk   ; Rise       ; priznak[0]~reg0           ;
; -0.028 ; 0.156        ; 0.184          ; Low Pulse Width  ; clk   ; Rise       ; priznak[1]~reg0           ;
; -0.027 ; 0.157        ; 0.184          ; Low Pulse Width  ; clk   ; Rise       ; RA[0]                     ;
; -0.027 ; 0.157        ; 0.184          ; Low Pulse Width  ; clk   ; Rise       ; RA[1]                     ;
; -0.027 ; 0.157        ; 0.184          ; Low Pulse Width  ; clk   ; Rise       ; RA[2]                     ;
; -0.027 ; 0.157        ; 0.184          ; Low Pulse Width  ; clk   ; Rise       ; RA[3]                     ;
; -0.027 ; 0.157        ; 0.184          ; Low Pulse Width  ; clk   ; Rise       ; RB[0]                     ;
; -0.027 ; 0.157        ; 0.184          ; Low Pulse Width  ; clk   ; Rise       ; RB[1]                     ;
; -0.027 ; 0.157        ; 0.184          ; Low Pulse Width  ; clk   ; Rise       ; RB[2]                     ;
; -0.027 ; 0.157        ; 0.184          ; Low Pulse Width  ; clk   ; Rise       ; RB[3]                     ;
; -0.027 ; 0.157        ; 0.184          ; Low Pulse Width  ; clk   ; Rise       ; rr[0]~reg0                ;
; -0.027 ; 0.157        ; 0.184          ; Low Pulse Width  ; clk   ; Rise       ; rr[1]~reg0                ;
; -0.027 ; 0.157        ; 0.184          ; Low Pulse Width  ; clk   ; Rise       ; rr[2]~reg0                ;
; -0.027 ; 0.157        ; 0.184          ; Low Pulse Width  ; clk   ; Rise       ; rr[3]~reg0                ;
; -0.027 ; 0.157        ; 0.184          ; Low Pulse Width  ; clk   ; Rise       ; rr[4]~reg0                ;
; -0.027 ; 0.157        ; 0.184          ; Low Pulse Width  ; clk   ; Rise       ; rr[5]~reg0                ;
; -0.027 ; 0.157        ; 0.184          ; Low Pulse Width  ; clk   ; Rise       ; rr[6]~reg0                ;
; -0.027 ; 0.157        ; 0.184          ; Low Pulse Width  ; clk   ; Rise       ; rr[7]~reg0                ;
; 0.125  ; 0.125        ; 0.000          ; Low Pulse Width  ; clk   ; Rise       ; clk~input|o               ;
; 0.139  ; 0.139        ; 0.000          ; Low Pulse Width  ; clk   ; Rise       ; clk~inputclkctrl|inclk[0] ;
; 0.139  ; 0.139        ; 0.000          ; Low Pulse Width  ; clk   ; Rise       ; clk~inputclkctrl|outclk   ;
; 0.152  ; 0.152        ; 0.000          ; Low Pulse Width  ; clk   ; Rise       ; RA[0]|clk                 ;
; 0.152  ; 0.152        ; 0.000          ; Low Pulse Width  ; clk   ; Rise       ; RA[1]|clk                 ;
; 0.152  ; 0.152        ; 0.000          ; Low Pulse Width  ; clk   ; Rise       ; RA[2]|clk                 ;
; 0.152  ; 0.152        ; 0.000          ; Low Pulse Width  ; clk   ; Rise       ; RA[3]|clk                 ;
; 0.152  ; 0.152        ; 0.000          ; Low Pulse Width  ; clk   ; Rise       ; RB[0]|clk                 ;
; 0.152  ; 0.152        ; 0.000          ; Low Pulse Width  ; clk   ; Rise       ; RB[1]|clk                 ;
; 0.152  ; 0.152        ; 0.000          ; Low Pulse Width  ; clk   ; Rise       ; RB[2]|clk                 ;
; 0.152  ; 0.152        ; 0.000          ; Low Pulse Width  ; clk   ; Rise       ; RB[3]|clk                 ;
; 0.152  ; 0.152        ; 0.000          ; Low Pulse Width  ; clk   ; Rise       ; priznak[0]~reg0|clk       ;
; 0.152  ; 0.152        ; 0.000          ; Low Pulse Width  ; clk   ; Rise       ; priznak[1]~reg0|clk       ;
; 0.152  ; 0.152        ; 0.000          ; Low Pulse Width  ; clk   ; Rise       ; rr[0]~reg0|clk            ;
; 0.152  ; 0.152        ; 0.000          ; Low Pulse Width  ; clk   ; Rise       ; rr[1]~reg0|clk            ;
; 0.152  ; 0.152        ; 0.000          ; Low Pulse Width  ; clk   ; Rise       ; rr[2]~reg0|clk            ;
; 0.152  ; 0.152        ; 0.000          ; Low Pulse Width  ; clk   ; Rise       ; rr[3]~reg0|clk            ;
; 0.152  ; 0.152        ; 0.000          ; Low Pulse Width  ; clk   ; Rise       ; rr[4]~reg0|clk            ;
; 0.152  ; 0.152        ; 0.000          ; Low Pulse Width  ; clk   ; Rise       ; rr[5]~reg0|clk            ;
; 0.152  ; 0.152        ; 0.000          ; Low Pulse Width  ; clk   ; Rise       ; rr[6]~reg0|clk            ;
; 0.152  ; 0.152        ; 0.000          ; Low Pulse Width  ; clk   ; Rise       ; rr[7]~reg0|clk            ;
; 0.500  ; 0.500        ; 0.000          ; High Pulse Width ; clk   ; Rise       ; clk~input|i               ;
; 0.500  ; 0.500        ; 0.000          ; Low Pulse Width  ; clk   ; Rise       ; clk~input|i               ;
; 0.626  ; 0.842        ; 0.216          ; High Pulse Width ; clk   ; Rise       ; RA[0]                     ;
; 0.626  ; 0.842        ; 0.216          ; High Pulse Width ; clk   ; Rise       ; RA[1]                     ;
; 0.626  ; 0.842        ; 0.216          ; High Pulse Width ; clk   ; Rise       ; RA[2]                     ;
; 0.626  ; 0.842        ; 0.216          ; High Pulse Width ; clk   ; Rise       ; RA[3]                     ;
; 0.626  ; 0.842        ; 0.216          ; High Pulse Width ; clk   ; Rise       ; RB[0]                     ;
; 0.626  ; 0.842        ; 0.216          ; High Pulse Width ; clk   ; Rise       ; RB[1]                     ;
; 0.626  ; 0.842        ; 0.216          ; High Pulse Width ; clk   ; Rise       ; RB[2]                     ;
; 0.626  ; 0.842        ; 0.216          ; High Pulse Width ; clk   ; Rise       ; RB[3]                     ;
; 0.626  ; 0.842        ; 0.216          ; High Pulse Width ; clk   ; Rise       ; priznak[0]~reg0           ;
; 0.626  ; 0.842        ; 0.216          ; High Pulse Width ; clk   ; Rise       ; priznak[1]~reg0           ;
; 0.626  ; 0.842        ; 0.216          ; High Pulse Width ; clk   ; Rise       ; rr[0]~reg0                ;
; 0.626  ; 0.842        ; 0.216          ; High Pulse Width ; clk   ; Rise       ; rr[1]~reg0                ;
; 0.626  ; 0.842        ; 0.216          ; High Pulse Width ; clk   ; Rise       ; rr[2]~reg0                ;
; 0.626  ; 0.842        ; 0.216          ; High Pulse Width ; clk   ; Rise       ; rr[3]~reg0                ;
; 0.626  ; 0.842        ; 0.216          ; High Pulse Width ; clk   ; Rise       ; rr[4]~reg0                ;
; 0.626  ; 0.842        ; 0.216          ; High Pulse Width ; clk   ; Rise       ; rr[5]~reg0                ;
; 0.626  ; 0.842        ; 0.216          ; High Pulse Width ; clk   ; Rise       ; rr[6]~reg0                ;
; 0.626  ; 0.842        ; 0.216          ; High Pulse Width ; clk   ; Rise       ; rr[7]~reg0                ;
; 0.847  ; 0.847        ; 0.000          ; High Pulse Width ; clk   ; Rise       ; RA[0]|clk                 ;
; 0.847  ; 0.847        ; 0.000          ; High Pulse Width ; clk   ; Rise       ; RA[1]|clk                 ;
; 0.847  ; 0.847        ; 0.000          ; High Pulse Width ; clk   ; Rise       ; RA[2]|clk                 ;
; 0.847  ; 0.847        ; 0.000          ; High Pulse Width ; clk   ; Rise       ; RA[3]|clk                 ;
; 0.847  ; 0.847        ; 0.000          ; High Pulse Width ; clk   ; Rise       ; RB[0]|clk                 ;
; 0.847  ; 0.847        ; 0.000          ; High Pulse Width ; clk   ; Rise       ; RB[1]|clk                 ;
; 0.847  ; 0.847        ; 0.000          ; High Pulse Width ; clk   ; Rise       ; RB[2]|clk                 ;
; 0.847  ; 0.847        ; 0.000          ; High Pulse Width ; clk   ; Rise       ; RB[3]|clk                 ;
; 0.847  ; 0.847        ; 0.000          ; High Pulse Width ; clk   ; Rise       ; rr[0]~reg0|clk            ;
; 0.847  ; 0.847        ; 0.000          ; High Pulse Width ; clk   ; Rise       ; rr[1]~reg0|clk            ;
; 0.847  ; 0.847        ; 0.000          ; High Pulse Width ; clk   ; Rise       ; rr[2]~reg0|clk            ;
; 0.847  ; 0.847        ; 0.000          ; High Pulse Width ; clk   ; Rise       ; rr[3]~reg0|clk            ;
; 0.847  ; 0.847        ; 0.000          ; High Pulse Width ; clk   ; Rise       ; rr[4]~reg0|clk            ;
; 0.847  ; 0.847        ; 0.000          ; High Pulse Width ; clk   ; Rise       ; rr[5]~reg0|clk            ;
; 0.847  ; 0.847        ; 0.000          ; High Pulse Width ; clk   ; Rise       ; rr[6]~reg0|clk            ;
; 0.847  ; 0.847        ; 0.000          ; High Pulse Width ; clk   ; Rise       ; rr[7]~reg0|clk            ;
; 0.848  ; 0.848        ; 0.000          ; High Pulse Width ; clk   ; Rise       ; priznak[0]~reg0|clk       ;
; 0.848  ; 0.848        ; 0.000          ; High Pulse Width ; clk   ; Rise       ; priznak[1]~reg0|clk       ;
; 0.861  ; 0.861        ; 0.000          ; High Pulse Width ; clk   ; Rise       ; clk~inputclkctrl|inclk[0] ;
; 0.861  ; 0.861        ; 0.000          ; High Pulse Width ; clk   ; Rise       ; clk~inputclkctrl|outclk   ;
; 0.875  ; 0.875        ; 0.000          ; High Pulse Width ; clk   ; Rise       ; clk~input|o               ;
+--------+--------------+----------------+------------------+-------+------------+---------------------------+


+------------------------------------------------------------------------+
; Setup Times                                                            ;
+-----------+------------+--------+-------+------------+-----------------+
; Data Port ; Clock Port ; Rise   ; Fall  ; Clock Edge ; Clock Reference ;
+-----------+------------+--------+-------+------------+-----------------+
; a[*]      ; clk        ; 1.418  ; 2.036 ; Rise       ; clk             ;
;  a[0]     ; clk        ; 1.418  ; 2.036 ; Rise       ; clk             ;
;  a[1]     ; clk        ; 0.947  ; 1.515 ; Rise       ; clk             ;
;  a[2]     ; clk        ; 1.273  ; 1.885 ; Rise       ; clk             ;
;  a[3]     ; clk        ; 1.242  ; 1.846 ; Rise       ; clk             ;
; b[*]      ; clk        ; 1.621  ; 2.250 ; Rise       ; clk             ;
;  b[0]     ; clk        ; -0.143 ; 0.273 ; Rise       ; clk             ;
;  b[1]     ; clk        ; 1.621  ; 2.250 ; Rise       ; clk             ;
;  b[2]     ; clk        ; 0.016  ; 0.370 ; Rise       ; clk             ;
;  b[3]     ; clk        ; 1.207  ; 1.820 ; Rise       ; clk             ;
; y[*]      ; clk        ; 2.889  ; 3.507 ; Rise       ; clk             ;
;  y[1]     ; clk        ; -0.039 ; 0.280 ; Rise       ; clk             ;
;  y[2]     ; clk        ; 1.570  ; 2.149 ; Rise       ; clk             ;
;  y[3]     ; clk        ; -0.143 ; 0.183 ; Rise       ; clk             ;
;  y[4]     ; clk        ; 2.889  ; 3.507 ; Rise       ; clk             ;
;  y[5]     ; clk        ; 2.817  ; 3.441 ; Rise       ; clk             ;
;  y[6]     ; clk        ; 1.217  ; 1.774 ; Rise       ; clk             ;
;  y[7]     ; clk        ; 1.691  ; 2.321 ; Rise       ; clk             ;
;  y[8]     ; clk        ; 1.582  ; 2.201 ; Rise       ; clk             ;
;  y[9]     ; clk        ; 2.821  ; 3.444 ; Rise       ; clk             ;
;  y[10]    ; clk        ; 1.250  ; 1.841 ; Rise       ; clk             ;
+-----------+------------+--------+-------+------------+-----------------+


+-------------------------------------------------------------------------+
; Hold Times                                                              ;
+-----------+------------+--------+--------+------------+-----------------+
; Data Port ; Clock Port ; Rise   ; Fall   ; Clock Edge ; Clock Reference ;
+-----------+------------+--------+--------+------------+-----------------+
; a[*]      ; clk        ; -0.733 ; -1.293 ; Rise       ; clk             ;
;  a[0]     ; clk        ; -1.185 ; -1.793 ; Rise       ; clk             ;
;  a[1]     ; clk        ; -0.733 ; -1.293 ; Rise       ; clk             ;
;  a[2]     ; clk        ; -1.046 ; -1.649 ; Rise       ; clk             ;
;  a[3]     ; clk        ; -1.017 ; -1.611 ; Rise       ; clk             ;
; b[*]      ; clk        ; 0.309  ; -0.106 ; Rise       ; clk             ;
;  b[0]     ; clk        ; 0.309  ; -0.106 ; Rise       ; clk             ;
;  b[1]     ; clk        ; -1.373 ; -1.984 ; Rise       ; clk             ;
;  b[2]     ; clk        ; 0.156  ; -0.199 ; Rise       ; clk             ;
;  b[3]     ; clk        ; -0.978 ; -1.574 ; Rise       ; clk             ;
; y[*]      ; clk        ; 0.369  ; 0.015  ; Rise       ; clk             ;
;  y[1]     ; clk        ; 0.150  ; -0.171 ; Rise       ; clk             ;
;  y[2]     ; clk        ; -0.898 ; -1.498 ; Rise       ; clk             ;
;  y[3]     ; clk        ; 0.369  ; 0.015  ; Rise       ; clk             ;
;  y[4]     ; clk        ; -1.572 ; -2.180 ; Rise       ; clk             ;
;  y[5]     ; clk        ; -1.462 ; -2.093 ; Rise       ; clk             ;
;  y[6]     ; clk        ; -0.960 ; -1.538 ; Rise       ; clk             ;
;  y[7]     ; clk        ; -1.506 ; -2.125 ; Rise       ; clk             ;
;  y[8]     ; clk        ; -0.918 ; -1.466 ; Rise       ; clk             ;
;  y[9]     ; clk        ; -1.341 ; -1.904 ; Rise       ; clk             ;
;  y[10]    ; clk        ; -1.084 ; -1.666 ; Rise       ; clk             ;
+-----------+------------+--------+--------+------------+-----------------+


+-------------------------------------------------------------------------+
; Clock to Output Times                                                   ;
+-------------+------------+-------+-------+------------+-----------------+
; Data Port   ; Clock Port ; Rise  ; Fall  ; Clock Edge ; Clock Reference ;
+-------------+------------+-------+-------+------------+-----------------+
; f[*]        ; clk        ; 4.443 ; 4.597 ; Rise       ; clk             ;
;  f[1]       ; clk        ; 3.886 ; 3.994 ; Rise       ; clk             ;
;  f[2]       ; clk        ; 3.933 ; 3.984 ; Rise       ; clk             ;
;  f[3]       ; clk        ; 4.443 ; 4.597 ; Rise       ; clk             ;
; priznak[*]  ; clk        ; 3.819 ; 3.868 ; Rise       ; clk             ;
;  priznak[0] ; clk        ; 3.792 ; 3.868 ; Rise       ; clk             ;
;  priznak[1] ; clk        ; 3.819 ; 3.868 ; Rise       ; clk             ;
; rr[*]       ; clk        ; 4.089 ; 4.208 ; Rise       ; clk             ;
;  rr[0]      ; clk        ; 4.089 ; 4.138 ; Rise       ; clk             ;
;  rr[1]      ; clk        ; 3.658 ; 3.676 ; Rise       ; clk             ;
;  rr[2]      ; clk        ; 3.601 ; 3.608 ; Rise       ; clk             ;
;  rr[3]      ; clk        ; 3.845 ; 3.920 ; Rise       ; clk             ;
;  rr[4]      ; clk        ; 3.660 ; 3.728 ; Rise       ; clk             ;
;  rr[5]      ; clk        ; 3.513 ; 3.548 ; Rise       ; clk             ;
;  rr[6]      ; clk        ; 4.018 ; 4.136 ; Rise       ; clk             ;
;  rr[7]      ; clk        ; 4.079 ; 4.208 ; Rise       ; clk             ;
+-------------+------------+-------+-------+------------+-----------------+


+-------------------------------------------------------------------------+
; Minimum Clock to Output Times                                           ;
+-------------+------------+-------+-------+------------+-----------------+
; Data Port   ; Clock Port ; Rise  ; Fall  ; Clock Edge ; Clock Reference ;
+-------------+------------+-------+-------+------------+-----------------+
; f[*]        ; clk        ; 3.756 ; 3.851 ; Rise       ; clk             ;
;  f[1]       ; clk        ; 3.756 ; 3.860 ; Rise       ; clk             ;
;  f[2]       ; clk        ; 3.803 ; 3.851 ; Rise       ; clk             ;
;  f[3]       ; clk        ; 4.027 ; 4.159 ; Rise       ; clk             ;
; priznak[*]  ; clk        ; 3.662 ; 3.735 ; Rise       ; clk             ;
;  priznak[0] ; clk        ; 3.662 ; 3.735 ; Rise       ; clk             ;
;  priznak[1] ; clk        ; 3.694 ; 3.739 ; Rise       ; clk             ;
; rr[*]       ; clk        ; 3.394 ; 3.427 ; Rise       ; clk             ;
;  rr[0]      ; clk        ; 3.971 ; 4.018 ; Rise       ; clk             ;
;  rr[1]      ; clk        ; 3.540 ; 3.555 ; Rise       ; clk             ;
;  rr[2]      ; clk        ; 3.484 ; 3.490 ; Rise       ; clk             ;
;  rr[3]      ; clk        ; 3.715 ; 3.785 ; Rise       ; clk             ;
;  rr[4]      ; clk        ; 3.537 ; 3.601 ; Rise       ; clk             ;
;  rr[5]      ; clk        ; 3.394 ; 3.427 ; Rise       ; clk             ;
;  rr[6]      ; clk        ; 3.884 ; 3.996 ; Rise       ; clk             ;
;  rr[7]      ; clk        ; 3.941 ; 4.064 ; Rise       ; clk             ;
+-------------+------------+-------+-------+------------+-----------------+


---------------------------------------------
; Fast 1200mV 0C Model Metastability Report ;
---------------------------------------------
No synchronizer chains to report.


+-------------------------------------------------------------------------------+
; Multicorner Timing Analysis Summary                                           ;
+------------------+---------+-------+----------+---------+---------------------+
; Clock            ; Setup   ; Hold  ; Recovery ; Removal ; Minimum Pulse Width ;
+------------------+---------+-------+----------+---------+---------------------+
; Worst-case Slack ; -3.080  ; 0.186 ; N/A      ; N/A     ; -3.000              ;
;  clk             ; -3.080  ; 0.186 ; N/A      ; N/A     ; -3.000              ;
; Design-wide TNS  ; -26.052 ; 0.0   ; 0.0      ; 0.0     ; -21.488             ;
;  clk             ; -26.052 ; 0.000 ; N/A      ; N/A     ; -21.488             ;
+------------------+---------+-------+----------+---------+---------------------+


+------------------------------------------------------------------------+
; Setup Times                                                            ;
+-----------+------------+--------+-------+------------+-----------------+
; Data Port ; Clock Port ; Rise   ; Fall  ; Clock Edge ; Clock Reference ;
+-----------+------------+--------+-------+------------+-----------------+
; a[*]      ; clk        ; 2.541  ; 2.989 ; Rise       ; clk             ;
;  a[0]     ; clk        ; 2.541  ; 2.989 ; Rise       ; clk             ;
;  a[1]     ; clk        ; 1.714  ; 2.164 ; Rise       ; clk             ;
;  a[2]     ; clk        ; 2.270  ; 2.733 ; Rise       ; clk             ;
;  a[3]     ; clk        ; 2.239  ; 2.697 ; Rise       ; clk             ;
; b[*]      ; clk        ; 2.998  ; 3.424 ; Rise       ; clk             ;
;  b[0]     ; clk        ; -0.069 ; 0.273 ; Rise       ; clk             ;
;  b[1]     ; clk        ; 2.998  ; 3.424 ; Rise       ; clk             ;
;  b[2]     ; clk        ; 0.133  ; 0.370 ; Rise       ; clk             ;
;  b[3]     ; clk        ; 2.162  ; 2.616 ; Rise       ; clk             ;
; y[*]      ; clk        ; 5.166  ; 5.649 ; Rise       ; clk             ;
;  y[1]     ; clk        ; -0.014 ; 0.280 ; Rise       ; clk             ;
;  y[2]     ; clk        ; 2.840  ; 3.278 ; Rise       ; clk             ;
;  y[3]     ; clk        ; -0.143 ; 0.183 ; Rise       ; clk             ;
;  y[4]     ; clk        ; 5.166  ; 5.649 ; Rise       ; clk             ;
;  y[5]     ; clk        ; 5.046  ; 5.539 ; Rise       ; clk             ;
;  y[6]     ; clk        ; 2.192  ; 2.617 ; Rise       ; clk             ;
;  y[7]     ; clk        ; 3.044  ; 3.486 ; Rise       ; clk             ;
;  y[8]     ; clk        ; 2.871  ; 3.326 ; Rise       ; clk             ;
;  y[9]     ; clk        ; 5.061  ; 5.544 ; Rise       ; clk             ;
;  y[10]    ; clk        ; 2.214  ; 2.678 ; Rise       ; clk             ;
+-----------+------------+--------+-------+------------+-----------------+


+-------------------------------------------------------------------------+
; Hold Times                                                              ;
+-----------+------------+--------+--------+------------+-----------------+
; Data Port ; Clock Port ; Rise   ; Fall   ; Clock Edge ; Clock Reference ;
+-----------+------------+--------+--------+------------+-----------------+
; a[*]      ; clk        ; -0.733 ; -1.293 ; Rise       ; clk             ;
;  a[0]     ; clk        ; -1.185 ; -1.793 ; Rise       ; clk             ;
;  a[1]     ; clk        ; -0.733 ; -1.293 ; Rise       ; clk             ;
;  a[2]     ; clk        ; -1.046 ; -1.649 ; Rise       ; clk             ;
;  a[3]     ; clk        ; -1.017 ; -1.611 ; Rise       ; clk             ;
; b[*]      ; clk        ; 0.409  ; 0.226  ; Rise       ; clk             ;
;  b[0]     ; clk        ; 0.409  ; 0.226  ; Rise       ; clk             ;
;  b[1]     ; clk        ; -1.373 ; -1.984 ; Rise       ; clk             ;
;  b[2]     ; clk        ; 0.189  ; 0.028  ; Rise       ; clk             ;
;  b[3]     ; clk        ; -0.978 ; -1.574 ; Rise       ; clk             ;
; y[*]      ; clk        ; 0.615  ; 0.424  ; Rise       ; clk             ;
;  y[1]     ; clk        ; 0.228  ; 0.077  ; Rise       ; clk             ;
;  y[2]     ; clk        ; -0.898 ; -1.498 ; Rise       ; clk             ;
;  y[3]     ; clk        ; 0.615  ; 0.424  ; Rise       ; clk             ;
;  y[4]     ; clk        ; -1.572 ; -2.180 ; Rise       ; clk             ;
;  y[5]     ; clk        ; -1.462 ; -2.093 ; Rise       ; clk             ;
;  y[6]     ; clk        ; -0.960 ; -1.538 ; Rise       ; clk             ;
;  y[7]     ; clk        ; -1.506 ; -2.125 ; Rise       ; clk             ;
;  y[8]     ; clk        ; -0.918 ; -1.466 ; Rise       ; clk             ;
;  y[9]     ; clk        ; -1.341 ; -1.904 ; Rise       ; clk             ;
;  y[10]    ; clk        ; -1.084 ; -1.666 ; Rise       ; clk             ;
+-----------+------------+--------+--------+------------+-----------------+


+-------------------------------------------------------------------------+
; Clock to Output Times                                                   ;
+-------------+------------+-------+-------+------------+-----------------+
; Data Port   ; Clock Port ; Rise  ; Fall  ; Clock Edge ; Clock Reference ;
+-------------+------------+-------+-------+------------+-----------------+
; f[*]        ; clk        ; 7.736 ; 7.713 ; Rise       ; clk             ;
;  f[1]       ; clk        ; 6.645 ; 6.624 ; Rise       ; clk             ;
;  f[2]       ; clk        ; 6.649 ; 6.613 ; Rise       ; clk             ;
;  f[3]       ; clk        ; 7.736 ; 7.713 ; Rise       ; clk             ;
; priznak[*]  ; clk        ; 6.510 ; 6.441 ; Rise       ; clk             ;
;  priznak[0] ; clk        ; 6.510 ; 6.441 ; Rise       ; clk             ;
;  priznak[1] ; clk        ; 6.434 ; 6.440 ; Rise       ; clk             ;
; rr[*]       ; clk        ; 6.966 ; 6.934 ; Rise       ; clk             ;
;  rr[0]      ; clk        ; 6.788 ; 6.785 ; Rise       ; clk             ;
;  rr[1]      ; clk        ; 6.159 ; 6.125 ; Rise       ; clk             ;
;  rr[2]      ; clk        ; 6.072 ; 6.031 ; Rise       ; clk             ;
;  rr[3]      ; clk        ; 6.610 ; 6.534 ; Rise       ; clk             ;
;  rr[4]      ; clk        ; 6.273 ; 6.233 ; Rise       ; clk             ;
;  rr[5]      ; clk        ; 6.022 ; 5.939 ; Rise       ; clk             ;
;  rr[6]      ; clk        ; 6.864 ; 6.815 ; Rise       ; clk             ;
;  rr[7]      ; clk        ; 6.966 ; 6.934 ; Rise       ; clk             ;
+-------------+------------+-------+-------+------------+-----------------+


+-------------------------------------------------------------------------+
; Minimum Clock to Output Times                                           ;
+-------------+------------+-------+-------+------------+-----------------+
; Data Port   ; Clock Port ; Rise  ; Fall  ; Clock Edge ; Clock Reference ;
+-------------+------------+-------+-------+------------+-----------------+
; f[*]        ; clk        ; 3.756 ; 3.851 ; Rise       ; clk             ;
;  f[1]       ; clk        ; 3.756 ; 3.860 ; Rise       ; clk             ;
;  f[2]       ; clk        ; 3.803 ; 3.851 ; Rise       ; clk             ;
;  f[3]       ; clk        ; 4.027 ; 4.159 ; Rise       ; clk             ;
; priznak[*]  ; clk        ; 3.662 ; 3.735 ; Rise       ; clk             ;
;  priznak[0] ; clk        ; 3.662 ; 3.735 ; Rise       ; clk             ;
;  priznak[1] ; clk        ; 3.694 ; 3.739 ; Rise       ; clk             ;
; rr[*]       ; clk        ; 3.394 ; 3.427 ; Rise       ; clk             ;
;  rr[0]      ; clk        ; 3.971 ; 4.018 ; Rise       ; clk             ;
;  rr[1]      ; clk        ; 3.540 ; 3.555 ; Rise       ; clk             ;
;  rr[2]      ; clk        ; 3.484 ; 3.490 ; Rise       ; clk             ;
;  rr[3]      ; clk        ; 3.715 ; 3.785 ; Rise       ; clk             ;
;  rr[4]      ; clk        ; 3.537 ; 3.601 ; Rise       ; clk             ;
;  rr[5]      ; clk        ; 3.394 ; 3.427 ; Rise       ; clk             ;
;  rr[6]      ; clk        ; 3.884 ; 3.996 ; Rise       ; clk             ;
;  rr[7]      ; clk        ; 3.941 ; 4.064 ; Rise       ; clk             ;
+-------------+------------+-------+-------+------------+-----------------+


+------------------------------------------------------------------------------------------------------------------------------------------------------------------------------------------------------------------------------------------------------------------------------------------------------------------------------------------------------------------------------------------------------------------+
; Board Trace Model Assignments                                                                                                                                                                                                                                                                                                                                                                                    ;
+---------------+--------------+-------------------+-------------------------+-------------------------+---------------+---------------------+----------------+------------------+--------+------------------+------------------------+------------------------+--------------+---------------+-----------------+-------+---------------------+--------------------+---------------+-----------------+-------------+
; Pin           ; I/O Standard ; Near Tline Length ; Near Tline L per Length ; Near Tline C per Length ; Near Series R ; Near Differential R ; Near Pull-up R ; Near Pull-down R ; Near C ; Far Tline Length ; Far Tline L per Length ; Far Tline C per Length ; Far Series R ; Far Pull-up R ; Far Pull-down R ; Far C ; Termination Voltage ; Far Differential R ; EBD File Name ; EBD Signal Name ; EBD Far-end ;
+---------------+--------------+-------------------+-------------------------+-------------------------+---------------+---------------------+----------------+------------------+--------+------------------+------------------------+------------------------+--------------+---------------+-----------------+-------+---------------------+--------------------+---------------+-----------------+-------------+
; rr[0]         ; 2.5 V        ; 0 in              ; 0 H/in                  ; 0 F/in                  ; short         ; -                   ; open           ; open             ; open   ; 0 in             ; 0 H/in                 ; 0 F/in                 ; short        ; open          ; open            ; open  ; 0 V                 ; -                  ; n/a           ; n/a             ; n/a         ;
; rr[1]         ; 2.5 V        ; 0 in              ; 0 H/in                  ; 0 F/in                  ; short         ; -                   ; open           ; open             ; open   ; 0 in             ; 0 H/in                 ; 0 F/in                 ; short        ; open          ; open            ; open  ; 0 V                 ; -                  ; n/a           ; n/a             ; n/a         ;
; rr[2]         ; 2.5 V        ; 0 in              ; 0 H/in                  ; 0 F/in                  ; short         ; -                   ; open           ; open             ; open   ; 0 in             ; 0 H/in                 ; 0 F/in                 ; short        ; open          ; open            ; open  ; 0 V                 ; -                  ; n/a           ; n/a             ; n/a         ;
; rr[3]         ; 2.5 V        ; 0 in              ; 0 H/in                  ; 0 F/in                  ; short         ; -                   ; open           ; open             ; open   ; 0 in             ; 0 H/in                 ; 0 F/in                 ; short        ; open          ; open            ; open  ; 0 V                 ; -                  ; n/a           ; n/a             ; n/a         ;
; rr[4]         ; 2.5 V        ; 0 in              ; 0 H/in                  ; 0 F/in                  ; short         ; -                   ; open           ; open             ; open   ; 0 in             ; 0 H/in                 ; 0 F/in                 ; short        ; open          ; open            ; open  ; 0 V                 ; -                  ; n/a           ; n/a             ; n/a         ;
; rr[5]         ; 2.5 V        ; 0 in              ; 0 H/in                  ; 0 F/in                  ; short         ; -                   ; open           ; open             ; open   ; 0 in             ; 0 H/in                 ; 0 F/in                 ; short        ; open          ; open            ; open  ; 0 V                 ; -                  ; n/a           ; n/a             ; n/a         ;
; rr[6]         ; 2.5 V        ; 0 in              ; 0 H/in                  ; 0 F/in                  ; short         ; -                   ; open           ; open             ; open   ; 0 in             ; 0 H/in                 ; 0 F/in                 ; short        ; open          ; open            ; open  ; 0 V                 ; -                  ; n/a           ; n/a             ; n/a         ;
; rr[7]         ; 2.5 V        ; 0 in              ; 0 H/in                  ; 0 F/in                  ; short         ; -                   ; open           ; open             ; open   ; 0 in             ; 0 H/in                 ; 0 F/in                 ; short        ; open          ; open            ; open  ; 0 V                 ; -                  ; n/a           ; n/a             ; n/a         ;
; priznak[0]    ; 2.5 V        ; 0 in              ; 0 H/in                  ; 0 F/in                  ; short         ; -                   ; open           ; open             ; open   ; 0 in             ; 0 H/in                 ; 0 F/in                 ; short        ; open          ; open            ; open  ; 0 V                 ; -                  ; n/a           ; n/a             ; n/a         ;
; priznak[1]    ; 2.5 V        ; 0 in              ; 0 H/in                  ; 0 F/in                  ; short         ; -                   ; open           ; open             ; open   ; 0 in             ; 0 H/in                 ; 0 F/in                 ; short        ; open          ; open            ; open  ; 0 V                 ; -                  ; n/a           ; n/a             ; n/a         ;
; f[1]          ; 2.5 V        ; 0 in              ; 0 H/in                  ; 0 F/in                  ; short         ; -                   ; open           ; open             ; open   ; 0 in             ; 0 H/in                 ; 0 F/in                 ; short        ; open          ; open            ; open  ; 0 V                 ; -                  ; n/a           ; n/a             ; n/a         ;
; f[2]          ; 2.5 V        ; 0 in              ; 0 H/in                  ; 0 F/in                  ; short         ; -                   ; open           ; open             ; open   ; 0 in             ; 0 H/in                 ; 0 F/in                 ; short        ; open          ; open            ; open  ; 0 V                 ; -                  ; n/a           ; n/a             ; n/a         ;
; f[3]          ; 2.5 V        ; 0 in              ; 0 H/in                  ; 0 F/in                  ; short         ; -                   ; open           ; open             ; open   ; 0 in             ; 0 H/in                 ; 0 F/in                 ; short        ; open          ; open            ; open  ; 0 V                 ; -                  ; n/a           ; n/a             ; n/a         ;
; ~ALTERA_NCEO~ ; 2.5 V        ; 0 in              ; 0 H/in                  ; 0 F/in                  ; short         ; -                   ; open           ; open             ; open   ; 0 in             ; 0 H/in                 ; 0 F/in                 ; short        ; open          ; open            ; open  ; 0 V                 ; -                  ; n/a           ; n/a             ; n/a         ;
; ~ALTERA_DCLK~ ; 2.5 V        ; 0 in              ; 0 H/in                  ; 0 F/in                  ; short         ; -                   ; open           ; open             ; open   ; 0 in             ; 0 H/in                 ; 0 F/in                 ; short        ; open          ; open            ; open  ; 0 V                 ; -                  ; n/a           ; n/a             ; n/a         ;
+---------------+--------------+-------------------+-------------------------+-------------------------+---------------+---------------------+----------------+------------------+--------+------------------+------------------------+------------------------+--------------+---------------+-----------------+-------+---------------------+--------------------+---------------+-----------------+-------------+


+-------------------------------------------------------------------+
; Input Transition Times                                            ;
+----------------+--------------+-----------------+-----------------+
; Pin            ; I/O Standard ; 10-90 Rise Time ; 90-10 Fall Time ;
+----------------+--------------+-----------------+-----------------+
; clk            ; 2.5 V        ; 2000 ps         ; 2000 ps         ;
; y[5]           ; 2.5 V        ; 2000 ps         ; 2000 ps         ;
; y[4]           ; 2.5 V        ; 2000 ps         ; 2000 ps         ;
; y[9]           ; 2.5 V        ; 2000 ps         ; 2000 ps         ;
; y[8]           ; 2.5 V        ; 2000 ps         ; 2000 ps         ;
; y[6]           ; 2.5 V        ; 2000 ps         ; 2000 ps         ;
; y[7]           ; 2.5 V        ; 2000 ps         ; 2000 ps         ;
; y[10]          ; 2.5 V        ; 2000 ps         ; 2000 ps         ;
; b[3]           ; 2.5 V        ; 2000 ps         ; 2000 ps         ;
; y[2]           ; 2.5 V        ; 2000 ps         ; 2000 ps         ;
; y[3]           ; 2.5 V        ; 2000 ps         ; 2000 ps         ;
; b[2]           ; 2.5 V        ; 2000 ps         ; 2000 ps         ;
; a[0]           ; 2.5 V        ; 2000 ps         ; 2000 ps         ;
; y[1]           ; 2.5 V        ; 2000 ps         ; 2000 ps         ;
; b[0]           ; 2.5 V        ; 2000 ps         ; 2000 ps         ;
; a[3]           ; 2.5 V        ; 2000 ps         ; 2000 ps         ;
; a[2]           ; 2.5 V        ; 2000 ps         ; 2000 ps         ;
; a[1]           ; 2.5 V        ; 2000 ps         ; 2000 ps         ;
; b[1]           ; 2.5 V        ; 2000 ps         ; 2000 ps         ;
; ~ALTERA_DATA0~ ; 2.5 V        ; 2000 ps         ; 2000 ps         ;
; ~ALTERA_ASDO~  ; 2.5 V        ; 2000 ps         ; 2000 ps         ;
; ~ALTERA_NCSO~  ; 2.5 V        ; 2000 ps         ; 2000 ps         ;
+----------------+--------------+-----------------+-----------------+


+--------------------------------------------------------------------------------------------------------------------------------------------------------------------------------------------------------------------------------------------------------------------------------------------------------------------------------------------------------------------------------------------------------------------------------------------------------------------------------------------------------------------------------------------------------------------------------------------------------------------------------------------------------------------------------------------+
; Signal Integrity Metrics (Slow 1200mv 0c Model)                                                                                                                                                                                                                                                                                                                                                                                                                                                                                                                                                                                                                                            ;
+---------------+--------------+---------------------+---------------------+------------------------------+------------------------------+---------------------+---------------------+--------------------------------------+--------------------------------------+-----------------------------+-----------------------------+----------------------------+----------------------------+-----------------------------+-----------------------------+--------------------+--------------------+-------------------------------------+-------------------------------------+----------------------------+----------------------------+---------------------------+---------------------------+
; Pin           ; I/O Standard ; Board Delay on Rise ; Board Delay on Fall ; Steady State Voh at FPGA Pin ; Steady State Vol at FPGA Pin ; Voh Max at FPGA Pin ; Vol Min at FPGA Pin ; Ringback Voltage on Rise at FPGA Pin ; Ringback Voltage on Fall at FPGA Pin ; 10-90 Rise Time at FPGA Pin ; 90-10 Fall Time at FPGA Pin ; Monotonic Rise at FPGA Pin ; Monotonic Fall at FPGA Pin ; Steady State Voh at Far-end ; Steady State Vol at Far-end ; Voh Max at Far-end ; Vol Min at Far-end ; Ringback Voltage on Rise at Far-end ; Ringback Voltage on Fall at Far-end ; 10-90 Rise Time at Far-end ; 90-10 Fall Time at Far-end ; Monotonic Rise at Far-end ; Monotonic Fall at Far-end ;
+---------------+--------------+---------------------+---------------------+------------------------------+------------------------------+---------------------+---------------------+--------------------------------------+--------------------------------------+-----------------------------+-----------------------------+----------------------------+----------------------------+-----------------------------+-----------------------------+--------------------+--------------------+-------------------------------------+-------------------------------------+----------------------------+----------------------------+---------------------------+---------------------------+
; rr[0]         ; 2.5 V        ; 0 s                 ; 0 s                 ; 2.32 V                       ; 5.16e-09 V                   ; 2.34 V              ; -0.00633 V          ; 0.232 V                              ; 0.083 V                              ; 1.94e-09 s                  ; 1.83e-09 s                  ; No                         ; Yes                        ; 2.32 V                      ; 5.16e-09 V                  ; 2.34 V             ; -0.00633 V         ; 0.232 V                             ; 0.083 V                             ; 1.94e-09 s                 ; 1.83e-09 s                 ; No                        ; Yes                       ;
; rr[1]         ; 2.5 V        ; 0 s                 ; 0 s                 ; 2.32 V                       ; 5.16e-09 V                   ; 2.37 V              ; -0.00861 V          ; 0.168 V                              ; 0.038 V                              ; 6.79e-10 s                  ; 6.49e-10 s                  ; No                         ; Yes                        ; 2.32 V                      ; 5.16e-09 V                  ; 2.37 V             ; -0.00861 V         ; 0.168 V                             ; 0.038 V                             ; 6.79e-10 s                 ; 6.49e-10 s                 ; No                        ; Yes                       ;
; rr[2]         ; 2.5 V        ; 0 s                 ; 0 s                 ; 2.32 V                       ; 5.16e-09 V                   ; 2.37 V              ; -0.00861 V          ; 0.168 V                              ; 0.038 V                              ; 6.79e-10 s                  ; 6.49e-10 s                  ; No                         ; Yes                        ; 2.32 V                      ; 5.16e-09 V                  ; 2.37 V             ; -0.00861 V         ; 0.168 V                             ; 0.038 V                             ; 6.79e-10 s                 ; 6.49e-10 s                 ; No                        ; Yes                       ;
; rr[3]         ; 2.5 V        ; 0 s                 ; 0 s                 ; 2.32 V                       ; 7.29e-09 V                   ; 2.39 V              ; -0.00339 V          ; 0.206 V                              ; 0.007 V                              ; 2.77e-10 s                  ; 3.24e-10 s                  ; Yes                        ; Yes                        ; 2.32 V                      ; 7.29e-09 V                  ; 2.39 V             ; -0.00339 V         ; 0.206 V                             ; 0.007 V                             ; 2.77e-10 s                 ; 3.24e-10 s                 ; Yes                       ; Yes                       ;
; rr[4]         ; 2.5 V        ; 0 s                 ; 0 s                 ; 2.32 V                       ; 7.29e-09 V                   ; 2.39 V              ; -0.00339 V          ; 0.206 V                              ; 0.007 V                              ; 2.77e-10 s                  ; 3.24e-10 s                  ; Yes                        ; Yes                        ; 2.32 V                      ; 7.29e-09 V                  ; 2.39 V             ; -0.00339 V         ; 0.206 V                             ; 0.007 V                             ; 2.77e-10 s                 ; 3.24e-10 s                 ; Yes                       ; Yes                       ;
; rr[5]         ; 2.5 V        ; 0 s                 ; 0 s                 ; 2.32 V                       ; 5.16e-09 V                   ; 2.4 V               ; -0.00557 V          ; 0.238 V                              ; 0.014 V                              ; 2.9e-10 s                   ; 3.48e-10 s                  ; No                         ; Yes                        ; 2.32 V                      ; 5.16e-09 V                  ; 2.4 V              ; -0.00557 V         ; 0.238 V                             ; 0.014 V                             ; 2.9e-10 s                  ; 3.48e-10 s                 ; No                        ; Yes                       ;
; rr[6]         ; 2.5 V        ; 0 s                 ; 0 s                 ; 2.32 V                       ; 7.29e-09 V                   ; 2.39 V              ; -0.00317 V          ; 0.179 V                              ; 0.007 V                              ; 4.7e-10 s                   ; 4.72e-10 s                  ; No                         ; Yes                        ; 2.32 V                      ; 7.29e-09 V                  ; 2.39 V             ; -0.00317 V         ; 0.179 V                             ; 0.007 V                             ; 4.7e-10 s                  ; 4.72e-10 s                 ; No                        ; Yes                       ;
; rr[7]         ; 2.5 V        ; 0 s                 ; 0 s                 ; 2.32 V                       ; 7.29e-09 V                   ; 2.39 V              ; -0.00317 V          ; 0.179 V                              ; 0.007 V                              ; 4.7e-10 s                   ; 4.72e-10 s                  ; No                         ; Yes                        ; 2.32 V                      ; 7.29e-09 V                  ; 2.39 V             ; -0.00317 V         ; 0.179 V                             ; 0.007 V                             ; 4.7e-10 s                  ; 4.72e-10 s                 ; No                        ; Yes                       ;
; priznak[0]    ; 2.5 V        ; 0 s                 ; 0 s                 ; 2.32 V                       ; 5.16e-09 V                   ; 2.4 V               ; -0.00557 V          ; 0.238 V                              ; 0.014 V                              ; 2.9e-10 s                   ; 3.48e-10 s                  ; No                         ; Yes                        ; 2.32 V                      ; 5.16e-09 V                  ; 2.4 V              ; -0.00557 V         ; 0.238 V                             ; 0.014 V                             ; 2.9e-10 s                  ; 3.48e-10 s                 ; No                        ; Yes                       ;
; priznak[1]    ; 2.5 V        ; 0 s                 ; 0 s                 ; 2.32 V                       ; 5.16e-09 V                   ; 2.37 V              ; -0.00861 V          ; 0.168 V                              ; 0.038 V                              ; 6.79e-10 s                  ; 6.49e-10 s                  ; No                         ; Yes                        ; 2.32 V                      ; 5.16e-09 V                  ; 2.37 V             ; -0.00861 V         ; 0.168 V                             ; 0.038 V                             ; 6.79e-10 s                 ; 6.49e-10 s                 ; No                        ; Yes                       ;
; f[1]          ; 2.5 V        ; 0 s                 ; 0 s                 ; 2.32 V                       ; 7.29e-09 V                   ; 2.39 V              ; -0.00317 V          ; 0.179 V                              ; 0.007 V                              ; 4.7e-10 s                   ; 4.72e-10 s                  ; No                         ; Yes                        ; 2.32 V                      ; 7.29e-09 V                  ; 2.39 V             ; -0.00317 V         ; 0.179 V                             ; 0.007 V                             ; 4.7e-10 s                  ; 4.72e-10 s                 ; No                        ; Yes                       ;
; f[2]          ; 2.5 V        ; 0 s                 ; 0 s                 ; 2.32 V                       ; 5.16e-09 V                   ; 2.37 V              ; -0.00861 V          ; 0.168 V                              ; 0.038 V                              ; 6.79e-10 s                  ; 6.49e-10 s                  ; No                         ; Yes                        ; 2.32 V                      ; 5.16e-09 V                  ; 2.37 V             ; -0.00861 V         ; 0.168 V                             ; 0.038 V                             ; 6.79e-10 s                 ; 6.49e-10 s                 ; No                        ; Yes                       ;
; f[3]          ; 2.5 V        ; 0 s                 ; 0 s                 ; 2.32 V                       ; 7.29e-09 V                   ; 2.39 V              ; -0.00317 V          ; 0.179 V                              ; 0.007 V                              ; 4.7e-10 s                   ; 4.72e-10 s                  ; No                         ; Yes                        ; 2.32 V                      ; 7.29e-09 V                  ; 2.39 V             ; -0.00317 V         ; 0.179 V                             ; 0.007 V                             ; 4.7e-10 s                  ; 4.72e-10 s                 ; No                        ; Yes                       ;
; ~ALTERA_NCEO~ ; 2.5 V        ; 0 s                 ; 0 s                 ; 2.32 V                       ; 4.76e-09 V                   ; 2.4 V               ; -0.034 V            ; 0.102 V                              ; 0.065 V                              ; 2.49e-10 s                  ; 3.49e-10 s                  ; Yes                        ; Yes                        ; 2.32 V                      ; 4.76e-09 V                  ; 2.4 V              ; -0.034 V           ; 0.102 V                             ; 0.065 V                             ; 2.49e-10 s                 ; 3.49e-10 s                 ; Yes                       ; Yes                       ;
; ~ALTERA_DCLK~ ; 2.5 V        ; 0 s                 ; 0 s                 ; 2.32 V                       ; 5.94e-09 V                   ; 2.39 V              ; -0.0344 V           ; 0.156 V                              ; 0.089 V                              ; 2.68e-10 s                  ; 2.6e-10 s                   ; Yes                        ; Yes                        ; 2.32 V                      ; 5.94e-09 V                  ; 2.39 V             ; -0.0344 V          ; 0.156 V                             ; 0.089 V                             ; 2.68e-10 s                 ; 2.6e-10 s                  ; Yes                       ; Yes                       ;
+---------------+--------------+---------------------+---------------------+------------------------------+------------------------------+---------------------+---------------------+--------------------------------------+--------------------------------------+-----------------------------+-----------------------------+----------------------------+----------------------------+-----------------------------+-----------------------------+--------------------+--------------------+-------------------------------------+-------------------------------------+----------------------------+----------------------------+---------------------------+---------------------------+


+--------------------------------------------------------------------------------------------------------------------------------------------------------------------------------------------------------------------------------------------------------------------------------------------------------------------------------------------------------------------------------------------------------------------------------------------------------------------------------------------------------------------------------------------------------------------------------------------------------------------------------------------------------------------------------------------+
; Signal Integrity Metrics (Slow 1200mv 85c Model)                                                                                                                                                                                                                                                                                                                                                                                                                                                                                                                                                                                                                                           ;
+---------------+--------------+---------------------+---------------------+------------------------------+------------------------------+---------------------+---------------------+--------------------------------------+--------------------------------------+-----------------------------+-----------------------------+----------------------------+----------------------------+-----------------------------+-----------------------------+--------------------+--------------------+-------------------------------------+-------------------------------------+----------------------------+----------------------------+---------------------------+---------------------------+
; Pin           ; I/O Standard ; Board Delay on Rise ; Board Delay on Fall ; Steady State Voh at FPGA Pin ; Steady State Vol at FPGA Pin ; Voh Max at FPGA Pin ; Vol Min at FPGA Pin ; Ringback Voltage on Rise at FPGA Pin ; Ringback Voltage on Fall at FPGA Pin ; 10-90 Rise Time at FPGA Pin ; 90-10 Fall Time at FPGA Pin ; Monotonic Rise at FPGA Pin ; Monotonic Fall at FPGA Pin ; Steady State Voh at Far-end ; Steady State Vol at Far-end ; Voh Max at Far-end ; Vol Min at Far-end ; Ringback Voltage on Rise at Far-end ; Ringback Voltage on Fall at Far-end ; 10-90 Rise Time at Far-end ; 90-10 Fall Time at Far-end ; Monotonic Rise at Far-end ; Monotonic Fall at Far-end ;
+---------------+--------------+---------------------+---------------------+------------------------------+------------------------------+---------------------+---------------------+--------------------------------------+--------------------------------------+-----------------------------+-----------------------------+----------------------------+----------------------------+-----------------------------+-----------------------------+--------------------+--------------------+-------------------------------------+-------------------------------------+----------------------------+----------------------------+---------------------------+---------------------------+
; rr[0]         ; 2.5 V        ; 0 s                 ; 0 s                 ; 2.32 V                       ; 8.13e-07 V                   ; 2.33 V              ; -0.00252 V          ; 0.203 V                              ; 0.046 V                              ; 2.34e-09 s                  ; 2.24e-09 s                  ; Yes                        ; Yes                        ; 2.32 V                      ; 8.13e-07 V                  ; 2.33 V             ; -0.00252 V         ; 0.203 V                             ; 0.046 V                             ; 2.34e-09 s                 ; 2.24e-09 s                 ; Yes                       ; Yes                       ;
; rr[1]         ; 2.5 V        ; 0 s                 ; 0 s                 ; 2.32 V                       ; 8.13e-07 V                   ; 2.35 V              ; -0.00662 V          ; 0.129 V                              ; 0.049 V                              ; 8.55e-10 s                  ; 8.01e-10 s                  ; No                         ; Yes                        ; 2.32 V                      ; 8.13e-07 V                  ; 2.35 V             ; -0.00662 V         ; 0.129 V                             ; 0.049 V                             ; 8.55e-10 s                 ; 8.01e-10 s                 ; No                        ; Yes                       ;
; rr[2]         ; 2.5 V        ; 0 s                 ; 0 s                 ; 2.32 V                       ; 8.13e-07 V                   ; 2.35 V              ; -0.00662 V          ; 0.129 V                              ; 0.049 V                              ; 8.55e-10 s                  ; 8.01e-10 s                  ; No                         ; Yes                        ; 2.32 V                      ; 8.13e-07 V                  ; 2.35 V             ; -0.00662 V         ; 0.129 V                             ; 0.049 V                             ; 8.55e-10 s                 ; 8.01e-10 s                 ; No                        ; Yes                       ;
; rr[3]         ; 2.5 V        ; 0 s                 ; 0 s                 ; 2.32 V                       ; 1.21e-06 V                   ; 2.37 V              ; -0.00606 V          ; 0.107 V                              ; 0.021 V                              ; 4.26e-10 s                  ; 4.03e-10 s                  ; Yes                        ; Yes                        ; 2.32 V                      ; 1.21e-06 V                  ; 2.37 V             ; -0.00606 V         ; 0.107 V                             ; 0.021 V                             ; 4.26e-10 s                 ; 4.03e-10 s                 ; Yes                       ; Yes                       ;
; rr[4]         ; 2.5 V        ; 0 s                 ; 0 s                 ; 2.32 V                       ; 1.21e-06 V                   ; 2.37 V              ; -0.00606 V          ; 0.107 V                              ; 0.021 V                              ; 4.26e-10 s                  ; 4.03e-10 s                  ; Yes                        ; Yes                        ; 2.32 V                      ; 1.21e-06 V                  ; 2.37 V             ; -0.00606 V         ; 0.107 V                             ; 0.021 V                             ; 4.26e-10 s                 ; 4.03e-10 s                 ; Yes                       ; Yes                       ;
; rr[5]         ; 2.5 V        ; 0 s                 ; 0 s                 ; 2.32 V                       ; 8.13e-07 V                   ; 2.36 V              ; -0.00623 V          ; 0.121 V                              ; 0.03 V                               ; 4.4e-10 s                   ; 4.28e-10 s                  ; Yes                        ; Yes                        ; 2.32 V                      ; 8.13e-07 V                  ; 2.36 V             ; -0.00623 V         ; 0.121 V                             ; 0.03 V                              ; 4.4e-10 s                  ; 4.28e-10 s                 ; Yes                       ; Yes                       ;
; rr[6]         ; 2.5 V        ; 0 s                 ; 0 s                 ; 2.32 V                       ; 1.21e-06 V                   ; 2.36 V              ; -0.00833 V          ; 0.113 V                              ; 0.035 V                              ; 6.32e-10 s                  ; 5.89e-10 s                  ; No                         ; Yes                        ; 2.32 V                      ; 1.21e-06 V                  ; 2.36 V             ; -0.00833 V         ; 0.113 V                             ; 0.035 V                             ; 6.32e-10 s                 ; 5.89e-10 s                 ; No                        ; Yes                       ;
; rr[7]         ; 2.5 V        ; 0 s                 ; 0 s                 ; 2.32 V                       ; 1.21e-06 V                   ; 2.36 V              ; -0.00833 V          ; 0.113 V                              ; 0.035 V                              ; 6.32e-10 s                  ; 5.89e-10 s                  ; No                         ; Yes                        ; 2.32 V                      ; 1.21e-06 V                  ; 2.36 V             ; -0.00833 V         ; 0.113 V                             ; 0.035 V                             ; 6.32e-10 s                 ; 5.89e-10 s                 ; No                        ; Yes                       ;
; priznak[0]    ; 2.5 V        ; 0 s                 ; 0 s                 ; 2.32 V                       ; 8.13e-07 V                   ; 2.36 V              ; -0.00623 V          ; 0.121 V                              ; 0.03 V                               ; 4.4e-10 s                   ; 4.28e-10 s                  ; Yes                        ; Yes                        ; 2.32 V                      ; 8.13e-07 V                  ; 2.36 V             ; -0.00623 V         ; 0.121 V                             ; 0.03 V                              ; 4.4e-10 s                  ; 4.28e-10 s                 ; Yes                       ; Yes                       ;
; priznak[1]    ; 2.5 V        ; 0 s                 ; 0 s                 ; 2.32 V                       ; 8.13e-07 V                   ; 2.35 V              ; -0.00662 V          ; 0.129 V                              ; 0.049 V                              ; 8.55e-10 s                  ; 8.01e-10 s                  ; No                         ; Yes                        ; 2.32 V                      ; 8.13e-07 V                  ; 2.35 V             ; -0.00662 V         ; 0.129 V                             ; 0.049 V                             ; 8.55e-10 s                 ; 8.01e-10 s                 ; No                        ; Yes                       ;
; f[1]          ; 2.5 V        ; 0 s                 ; 0 s                 ; 2.32 V                       ; 1.21e-06 V                   ; 2.36 V              ; -0.00833 V          ; 0.113 V                              ; 0.035 V                              ; 6.32e-10 s                  ; 5.89e-10 s                  ; No                         ; Yes                        ; 2.32 V                      ; 1.21e-06 V                  ; 2.36 V             ; -0.00833 V         ; 0.113 V                             ; 0.035 V                             ; 6.32e-10 s                 ; 5.89e-10 s                 ; No                        ; Yes                       ;
; f[2]          ; 2.5 V        ; 0 s                 ; 0 s                 ; 2.32 V                       ; 8.13e-07 V                   ; 2.35 V              ; -0.00662 V          ; 0.129 V                              ; 0.049 V                              ; 8.55e-10 s                  ; 8.01e-10 s                  ; No                         ; Yes                        ; 2.32 V                      ; 8.13e-07 V                  ; 2.35 V             ; -0.00662 V         ; 0.129 V                             ; 0.049 V                             ; 8.55e-10 s                 ; 8.01e-10 s                 ; No                        ; Yes                       ;
; f[3]          ; 2.5 V        ; 0 s                 ; 0 s                 ; 2.32 V                       ; 1.21e-06 V                   ; 2.36 V              ; -0.00833 V          ; 0.113 V                              ; 0.035 V                              ; 6.32e-10 s                  ; 5.89e-10 s                  ; No                         ; Yes                        ; 2.32 V                      ; 1.21e-06 V                  ; 2.36 V             ; -0.00833 V         ; 0.113 V                             ; 0.035 V                             ; 6.32e-10 s                 ; 5.89e-10 s                 ; No                        ; Yes                       ;
; ~ALTERA_NCEO~ ; 2.5 V        ; 0 s                 ; 0 s                 ; 2.32 V                       ; 7.93e-07 V                   ; 2.37 V              ; -0.0278 V           ; 0.106 V                              ; 0.115 V                              ; 2.69e-10 s                  ; 4.05e-10 s                  ; Yes                        ; Yes                        ; 2.32 V                      ; 7.93e-07 V                  ; 2.37 V             ; -0.0278 V          ; 0.106 V                             ; 0.115 V                             ; 2.69e-10 s                 ; 4.05e-10 s                 ; Yes                       ; Yes                       ;
; ~ALTERA_DCLK~ ; 2.5 V        ; 0 s                 ; 0 s                 ; 2.32 V                       ; 9.76e-07 V                   ; 2.36 V              ; -0.00439 V          ; 0.088 V                              ; 0.007 V                              ; 4.05e-10 s                  ; 3.35e-10 s                  ; Yes                        ; Yes                        ; 2.32 V                      ; 9.76e-07 V                  ; 2.36 V             ; -0.00439 V         ; 0.088 V                             ; 0.007 V                             ; 4.05e-10 s                 ; 3.35e-10 s                 ; Yes                       ; Yes                       ;
+---------------+--------------+---------------------+---------------------+------------------------------+------------------------------+---------------------+---------------------+--------------------------------------+--------------------------------------+-----------------------------+-----------------------------+----------------------------+----------------------------+-----------------------------+-----------------------------+--------------------+--------------------+-------------------------------------+-------------------------------------+----------------------------+----------------------------+---------------------------+---------------------------+


+--------------------------------------------------------------------------------------------------------------------------------------------------------------------------------------------------------------------------------------------------------------------------------------------------------------------------------------------------------------------------------------------------------------------------------------------------------------------------------------------------------------------------------------------------------------------------------------------------------------------------------------------------------------------------------------------+
; Signal Integrity Metrics (Fast 1200mv 0c Model)                                                                                                                                                                                                                                                                                                                                                                                                                                                                                                                                                                                                                                            ;
+---------------+--------------+---------------------+---------------------+------------------------------+------------------------------+---------------------+---------------------+--------------------------------------+--------------------------------------+-----------------------------+-----------------------------+----------------------------+----------------------------+-----------------------------+-----------------------------+--------------------+--------------------+-------------------------------------+-------------------------------------+----------------------------+----------------------------+---------------------------+---------------------------+
; Pin           ; I/O Standard ; Board Delay on Rise ; Board Delay on Fall ; Steady State Voh at FPGA Pin ; Steady State Vol at FPGA Pin ; Voh Max at FPGA Pin ; Vol Min at FPGA Pin ; Ringback Voltage on Rise at FPGA Pin ; Ringback Voltage on Fall at FPGA Pin ; 10-90 Rise Time at FPGA Pin ; 90-10 Fall Time at FPGA Pin ; Monotonic Rise at FPGA Pin ; Monotonic Fall at FPGA Pin ; Steady State Voh at Far-end ; Steady State Vol at Far-end ; Voh Max at Far-end ; Vol Min at Far-end ; Ringback Voltage on Rise at Far-end ; Ringback Voltage on Fall at Far-end ; 10-90 Rise Time at Far-end ; 90-10 Fall Time at Far-end ; Monotonic Rise at Far-end ; Monotonic Fall at Far-end ;
+---------------+--------------+---------------------+---------------------+------------------------------+------------------------------+---------------------+---------------------+--------------------------------------+--------------------------------------+-----------------------------+-----------------------------+----------------------------+----------------------------+-----------------------------+-----------------------------+--------------------+--------------------+-------------------------------------+-------------------------------------+----------------------------+----------------------------+---------------------------+---------------------------+
; rr[0]         ; 2.5 V        ; 0 s                 ; 0 s                 ; 2.62 V                       ; 3.16e-08 V                   ; 2.65 V              ; -0.0109 V           ; 0.234 V                              ; 0.125 V                              ; 1.64e-09 s                  ; 1.59e-09 s                  ; No                         ; Yes                        ; 2.62 V                      ; 3.16e-08 V                  ; 2.65 V             ; -0.0109 V          ; 0.234 V                             ; 0.125 V                             ; 1.64e-09 s                 ; 1.59e-09 s                 ; No                        ; Yes                       ;
; rr[1]         ; 2.5 V        ; 0 s                 ; 0 s                 ; 2.62 V                       ; 3.16e-08 V                   ; 2.71 V              ; -0.0171 V           ; 0.273 V                              ; 0.065 V                              ; 4.95e-10 s                  ; 5.37e-10 s                  ; No                         ; Yes                        ; 2.62 V                      ; 3.16e-08 V                  ; 2.71 V             ; -0.0171 V          ; 0.273 V                             ; 0.065 V                             ; 4.95e-10 s                 ; 5.37e-10 s                 ; No                        ; Yes                       ;
; rr[2]         ; 2.5 V        ; 0 s                 ; 0 s                 ; 2.62 V                       ; 3.16e-08 V                   ; 2.71 V              ; -0.0171 V           ; 0.273 V                              ; 0.065 V                              ; 4.95e-10 s                  ; 5.37e-10 s                  ; No                         ; Yes                        ; 2.62 V                      ; 3.16e-08 V                  ; 2.71 V             ; -0.0171 V          ; 0.273 V                             ; 0.065 V                             ; 4.95e-10 s                 ; 5.37e-10 s                 ; No                        ; Yes                       ;
; rr[3]         ; 2.5 V        ; 0 s                 ; 0 s                 ; 2.62 V                       ; 4.66e-08 V                   ; 2.73 V              ; -0.0205 V           ; 0.17 V                               ; 0.027 V                              ; 2.58e-10 s                  ; 2.57e-10 s                  ; Yes                        ; Yes                        ; 2.62 V                      ; 4.66e-08 V                  ; 2.73 V             ; -0.0205 V          ; 0.17 V                              ; 0.027 V                             ; 2.58e-10 s                 ; 2.57e-10 s                 ; Yes                       ; Yes                       ;
; rr[4]         ; 2.5 V        ; 0 s                 ; 0 s                 ; 2.62 V                       ; 4.66e-08 V                   ; 2.73 V              ; -0.0205 V           ; 0.17 V                               ; 0.027 V                              ; 2.58e-10 s                  ; 2.57e-10 s                  ; Yes                        ; Yes                        ; 2.62 V                      ; 4.66e-08 V                  ; 2.73 V             ; -0.0205 V          ; 0.17 V                              ; 0.027 V                             ; 2.58e-10 s                 ; 2.57e-10 s                 ; Yes                       ; Yes                       ;
; rr[5]         ; 2.5 V        ; 0 s                 ; 0 s                 ; 2.62 V                       ; 3.16e-08 V                   ; 2.72 V              ; -0.0199 V           ; 0.186 V                              ; 0.027 V                              ; 2.63e-10 s                  ; 2.76e-10 s                  ; Yes                        ; Yes                        ; 2.62 V                      ; 3.16e-08 V                  ; 2.72 V             ; -0.0199 V          ; 0.186 V                             ; 0.027 V                             ; 2.63e-10 s                 ; 2.76e-10 s                 ; Yes                       ; Yes                       ;
; rr[6]         ; 2.5 V        ; 0 s                 ; 0 s                 ; 2.62 V                       ; 4.66e-08 V                   ; 2.72 V              ; -0.0215 V           ; 0.161 V                              ; 0.061 V                              ; 4.44e-10 s                  ; 4.06e-10 s                  ; No                         ; Yes                        ; 2.62 V                      ; 4.66e-08 V                  ; 2.72 V             ; -0.0215 V          ; 0.161 V                             ; 0.061 V                             ; 4.44e-10 s                 ; 4.06e-10 s                 ; No                        ; Yes                       ;
; rr[7]         ; 2.5 V        ; 0 s                 ; 0 s                 ; 2.62 V                       ; 4.66e-08 V                   ; 2.72 V              ; -0.0215 V           ; 0.161 V                              ; 0.061 V                              ; 4.44e-10 s                  ; 4.06e-10 s                  ; No                         ; Yes                        ; 2.62 V                      ; 4.66e-08 V                  ; 2.72 V             ; -0.0215 V          ; 0.161 V                             ; 0.061 V                             ; 4.44e-10 s                 ; 4.06e-10 s                 ; No                        ; Yes                       ;
; priznak[0]    ; 2.5 V        ; 0 s                 ; 0 s                 ; 2.62 V                       ; 3.16e-08 V                   ; 2.72 V              ; -0.0199 V           ; 0.186 V                              ; 0.027 V                              ; 2.63e-10 s                  ; 2.76e-10 s                  ; Yes                        ; Yes                        ; 2.62 V                      ; 3.16e-08 V                  ; 2.72 V             ; -0.0199 V          ; 0.186 V                             ; 0.027 V                             ; 2.63e-10 s                 ; 2.76e-10 s                 ; Yes                       ; Yes                       ;
; priznak[1]    ; 2.5 V        ; 0 s                 ; 0 s                 ; 2.62 V                       ; 3.16e-08 V                   ; 2.71 V              ; -0.0171 V           ; 0.273 V                              ; 0.065 V                              ; 4.95e-10 s                  ; 5.37e-10 s                  ; No                         ; Yes                        ; 2.62 V                      ; 3.16e-08 V                  ; 2.71 V             ; -0.0171 V          ; 0.273 V                             ; 0.065 V                             ; 4.95e-10 s                 ; 5.37e-10 s                 ; No                        ; Yes                       ;
; f[1]          ; 2.5 V        ; 0 s                 ; 0 s                 ; 2.62 V                       ; 4.66e-08 V                   ; 2.72 V              ; -0.0215 V           ; 0.161 V                              ; 0.061 V                              ; 4.44e-10 s                  ; 4.06e-10 s                  ; No                         ; Yes                        ; 2.62 V                      ; 4.66e-08 V                  ; 2.72 V             ; -0.0215 V          ; 0.161 V                             ; 0.061 V                             ; 4.44e-10 s                 ; 4.06e-10 s                 ; No                        ; Yes                       ;
; f[2]          ; 2.5 V        ; 0 s                 ; 0 s                 ; 2.62 V                       ; 3.16e-08 V                   ; 2.71 V              ; -0.0171 V           ; 0.273 V                              ; 0.065 V                              ; 4.95e-10 s                  ; 5.37e-10 s                  ; No                         ; Yes                        ; 2.62 V                      ; 3.16e-08 V                  ; 2.71 V             ; -0.0171 V          ; 0.273 V                             ; 0.065 V                             ; 4.95e-10 s                 ; 5.37e-10 s                 ; No                        ; Yes                       ;
; f[3]          ; 2.5 V        ; 0 s                 ; 0 s                 ; 2.62 V                       ; 4.66e-08 V                   ; 2.72 V              ; -0.0215 V           ; 0.161 V                              ; 0.061 V                              ; 4.44e-10 s                  ; 4.06e-10 s                  ; No                         ; Yes                        ; 2.62 V                      ; 4.66e-08 V                  ; 2.72 V             ; -0.0215 V          ; 0.161 V                             ; 0.061 V                             ; 4.44e-10 s                 ; 4.06e-10 s                 ; No                        ; Yes                       ;
; ~ALTERA_NCEO~ ; 2.5 V        ; 0 s                 ; 0 s                 ; 2.62 V                       ; 3.06e-08 V                   ; 2.86 V              ; -0.0341 V           ; 0.364 V                              ; 0.046 V                              ; 1.17e-10 s                  ; 2.6e-10 s                   ; No                         ; Yes                        ; 2.62 V                      ; 3.06e-08 V                  ; 2.86 V             ; -0.0341 V          ; 0.364 V                             ; 0.046 V                             ; 1.17e-10 s                 ; 2.6e-10 s                  ; No                        ; Yes                       ;
; ~ALTERA_DCLK~ ; 2.5 V        ; 0 s                 ; 0 s                 ; 2.62 V                       ; 3.81e-08 V                   ; 2.72 V              ; -0.0542 V           ; 0.144 V                              ; 0.087 V                              ; 2.55e-10 s                  ; 2.14e-10 s                  ; Yes                        ; Yes                        ; 2.62 V                      ; 3.81e-08 V                  ; 2.72 V             ; -0.0542 V          ; 0.144 V                             ; 0.087 V                             ; 2.55e-10 s                 ; 2.14e-10 s                 ; Yes                       ; Yes                       ;
+---------------+--------------+---------------------+---------------------+------------------------------+------------------------------+---------------------+---------------------+--------------------------------------+--------------------------------------+-----------------------------+-----------------------------+----------------------------+----------------------------+-----------------------------+-----------------------------+--------------------+--------------------+-------------------------------------+-------------------------------------+----------------------------+----------------------------+---------------------------+---------------------------+


+-------------------------------------------------------------------+
; Setup Transfers                                                   ;
+------------+----------+----------+----------+----------+----------+
; From Clock ; To Clock ; RR Paths ; FR Paths ; RF Paths ; FF Paths ;
+------------+----------+----------+----------+----------+----------+
; clk        ; clk      ; 570      ; 0        ; 0        ; 0        ;
+------------+----------+----------+----------+----------+----------+
Entries labeled "false path" only account for clock-to-clock false paths and not path-based false paths. As a result, actual path counts may be lower than reported.


+-------------------------------------------------------------------+
; Hold Transfers                                                    ;
+------------+----------+----------+----------+----------+----------+
; From Clock ; To Clock ; RR Paths ; FR Paths ; RF Paths ; FF Paths ;
+------------+----------+----------+----------+----------+----------+
; clk        ; clk      ; 570      ; 0        ; 0        ; 0        ;
+------------+----------+----------+----------+----------+----------+
Entries labeled "false path" only account for clock-to-clock false paths and not path-based false paths. As a result, actual path counts may be lower than reported.


---------------
; Report TCCS ;
---------------
No dedicated SERDES Transmitter circuitry present in device or used in design


---------------
; Report RSKM ;
---------------
No non-DPA dedicated SERDES Receiver circuitry present in device or used in design


+------------------------------------------------+
; Unconstrained Paths                            ;
+---------------------------------+-------+------+
; Property                        ; Setup ; Hold ;
+---------------------------------+-------+------+
; Illegal Clocks                  ; 0     ; 0    ;
; Unconstrained Clocks            ; 0     ; 0    ;
; Unconstrained Input Ports       ; 18    ; 18   ;
; Unconstrained Input Port Paths  ; 70    ; 70   ;
; Unconstrained Output Ports      ; 13    ; 13   ;
; Unconstrained Output Port Paths ; 17    ; 17   ;
+---------------------------------+-------+------+


+------------------------------------+
; TimeQuest Timing Analyzer Messages ;
+------------------------------------+
Info: *******************************************************************
Info: Running Quartus II 64-Bit TimeQuest Timing Analyzer
    Info: Version 13.1.0 Build 162 10/23/2013 SJ Web Edition
    Info: Processing started: Sun Nov 19 19:32:44 2023
Info: Command: quartus_sta Third -c Third
Info: qsta_default_script.tcl version: #1
Warning (20028): Parallel compilation is not licensed and has been disabled
Info (21076): High junction temperature operating condition is not set. Assuming a default value of '85'.
Info (21076): Low junction temperature operating condition is not set. Assuming a default value of '0'.
Critical Warning (332012): Synopsys Design Constraints File file not found: 'Third.sdc'. A Synopsys Design Constraints File is required by the TimeQuest Timing Analyzer to get proper timing constraints. Without it, the Compiler will not properly optimize the design.
Info (332142): No user constrained base clocks found in the design. Calling "derive_clocks -period 1.0"
Info (332105): Deriving Clocks
    Info (332105): create_clock -period 1.000 -name clk clk
Info (332143): No user constrained clock uncertainty found in the design. Calling "derive_clock_uncertainty"
Info (332123): Deriving Clock Uncertainty. Please refer to report_sdc in TimeQuest to see clock uncertainties.
Info: Found TIMEQUEST_REPORT_SCRIPT_INCLUDE_DEFAULT_ANALYSIS = ON
Info: Analyzing Slow 1200mV 85C Model
Critical Warning (332148): Timing requirements not met
    Info (11105): For recommendations on closing timing, run Report Timing Closure Recommendations in the TimeQuest Timing Analyzer.
Info (332146): Worst-case setup slack is -3.080
    Info (332119):     Slack       End Point TNS Clock 
    Info (332119): ========= =================== =====================
    Info (332119):    -3.080             -26.052 clk 
Info (332146): Worst-case hold slack is 0.356
    Info (332119):     Slack       End Point TNS Clock 
    Info (332119): ========= =================== =====================
    Info (332119):     0.356               0.000 clk 
Info (332140): No Recovery paths to report
Info (332140): No Removal paths to report
Info (332146): Worst-case minimum pulse width slack is -3.000
    Info (332119):     Slack       End Point TNS Clock 
    Info (332119): ========= =================== =====================
    Info (332119):    -3.000             -21.000 clk 
Info: Analyzing Slow 1200mV 0C Model
Info (334003): Started post-fitting delay annotation
Info (334004): Delay annotation completed successfully
Info (332123): Deriving Clock Uncertainty. Please refer to report_sdc in TimeQuest to see clock uncertainties.
Critical Warning (332148): Timing requirements not met
    Info (11105): For recommendations on closing timing, run Report Timing Closure Recommendations in the TimeQuest Timing Analyzer.
Info (332146): Worst-case setup slack is -2.647
    Info (332119):     Slack       End Point TNS Clock 
    Info (332119): ========= =================== =====================
    Info (332119):    -2.647             -21.911 clk 
Info (332146): Worst-case hold slack is 0.310
    Info (332119):     Slack       End Point TNS Clock 
    Info (332119): ========= =================== =====================
    Info (332119):     0.310               0.000 clk 
Info (332140): No Recovery paths to report
Info (332140): No Removal paths to report
Info (332146): Worst-case minimum pulse width slack is -3.000
    Info (332119):     Slack       End Point TNS Clock 
    Info (332119): ========= =================== =====================
    Info (332119):    -3.000             -21.000 clk 
Info: Analyzing Fast 1200mV 0C Model
Info (332123): Deriving Clock Uncertainty. Please refer to report_sdc in TimeQuest to see clock uncertainties.
Critical Warning (332148): Timing requirements not met
    Info (11105): For recommendations on closing timing, run Report Timing Closure Recommendations in the TimeQuest Timing Analyzer.
Info (332146): Worst-case setup slack is -1.294
    Info (332119):     Slack       End Point TNS Clock 
    Info (332119): ========= =================== =====================
    Info (332119):    -1.294              -9.669 clk 
Info (332146): Worst-case hold slack is 0.186
    Info (332119):     Slack       End Point TNS Clock 
    Info (332119): ========= =================== =====================
    Info (332119):     0.186               0.000 clk 
Info (332140): No Recovery paths to report
Info (332140): No Removal paths to report
Info (332146): Worst-case minimum pulse width slack is -3.000
    Info (332119):     Slack       End Point TNS Clock 
    Info (332119): ========= =================== =====================
    Info (332119):    -3.000             -21.488 clk 
Info (332102): Design is not fully constrained for setup requirements
Info (332102): Design is not fully constrained for hold requirements
Info: Quartus II 64-Bit TimeQuest Timing Analyzer was successful. 0 errors, 5 warnings
    Info: Peak virtual memory: 4617 megabytes
    Info: Processing ended: Sun Nov 19 19:32:50 2023
    Info: Elapsed time: 00:00:06
    Info: Total CPU time (on all processors): 00:00:06


